user_idx,method,family,n_windows,total_loss,mean_loss,expected_coverage,historical_total_loss,online_total_loss,best_fixed_expert_loss,regret_to_best_fixed_expert
0,PredictionOnly,prediction,12,11.97035691049354,0.9975297425411284,0.0024702574588716386,11.97035691049354,6.729607669401417,6.729607669401417,5.240749241092124
0,OnlineOnly,online,12,6.729607669401417,0.5608006391167847,0.4391993608832153,11.97035691049354,6.729607669401417,6.729607669401417,0.0
0,StaticMixture,static,12,8.039794979674447,0.6699829149728705,0.33001708502712945,11.97035691049354,6.729607669401417,6.729607669401417,1.3101873102730304
0,Hedge,hedge,12,7.231630342240485,0.6026358618533737,0.3973641381466263,11.97035691049354,6.729607669401417,6.729607669401417,0.5020226728390682
0,ShiftAwareAdaptiveTrust,shift,12,8.108996599746815,0.6757497166455679,0.32425028335443207,11.97035691049354,6.729607669401417,6.729607669401417,1.3793889303453986
1,PredictionOnly,prediction,45,41.462326276045204,0.9213850283565601,0.07861497164343989,41.462326276045204,28.979558614201693,28.979558614201693,12.48276766184351
1,OnlineOnly,online,45,28.979558614201693,0.6439901914267043,0.35600980857329567,41.462326276045204,28.979558614201693,28.979558614201693,0.0
1,StaticMixture,static,45,32.10025052966256,0.713338900659168,0.28666109934083195,41.462326276045204,28.979558614201693,28.979558614201693,3.120691915460867
1,Hedge,hedge,45,29.415452891133754,0.6536767309140834,0.3463232690859166,41.462326276045204,28.979558614201693,28.979558614201693,0.4358942769320606
1,ShiftAwareAdaptiveTrust,shift,45,33.75669591904834,0.7501487982010743,0.24985120179892573,41.462326276045204,28.979558614201693,28.979558614201693,4.777137304846647
2,PredictionOnly,prediction,15,12.876000000000001,0.8584,0.14159999999999995,12.876000000000001,10.671999999999999,10.671999999999999,2.2040000000000024
2,OnlineOnly,online,15,10.671999999999999,0.7114666666666666,0.2885333333333334,12.876000000000001,10.671999999999999,10.671999999999999,0.0
2,StaticMixture,static,15,11.222999999999999,0.7482,0.2518,12.876000000000001,10.671999999999999,10.671999999999999,0.5510000000000002
2,Hedge,hedge,15,11.130756885109516,0.742050459007301,0.25794954099269896,12.876000000000001,10.671999999999999,10.671999999999999,0.4587568851095174
2,ShiftAwareAdaptiveTrust,shift,15,11.794036078940207,0.7862690719293471,0.21373092807065286,12.876000000000001,10.671999999999999,10.671999999999999,1.1220360789402086
3,PredictionOnly,prediction,13,12.699629932074334,0.9768946101595641,0.023105389840435864,12.699629932074334,10.369295452115844,10.369295452115844,2.3303344799584895
3,OnlineOnly,online,13,10.369295452115844,0.7976381117012188,0.2023618882987812,12.699629932074334,10.369295452115844,10.369295452115844,0.0
3,StaticMixture,static,13,10.951879072105465,0.842452236315805,0.15754776368419499,12.699629932074334,10.369295452115844,10.369295452115844,0.5825836199896202
3,Hedge,hedge,13,10.863632206743327,0.8356640159033328,0.16433598409666716,12.699629932074334,10.369295452115844,10.369295452115844,0.49433675462748283
3,ShiftAwareAdaptiveTrust,shift,13,11.233107932301138,0.864085225561626,0.13591477443837396,12.699629932074334,10.369295452115844,10.369295452115844,0.8638124801852936
4,PredictionOnly,prediction,15,12.648,0.8432,0.15680000000000005,12.648,8.047999999999998,8.047999999999998,4.600000000000001
4,OnlineOnly,online,15,8.047999999999998,0.5365333333333332,0.4634666666666668,12.648,8.047999999999998,8.047999999999998,0.0
4,StaticMixture,static,15,9.198,0.6132000000000001,0.3867999999999999,12.648,8.047999999999998,8.047999999999998,1.1500000000000021
4,Hedge,hedge,15,8.519503097470954,0.5679668731647303,0.43203312683526973,12.648,8.047999999999998,8.047999999999998,0.471503097470956
4,ShiftAwareAdaptiveTrust,shift,15,10.317301916735904,0.6878201277823935,0.31217987221760646,12.648,8.047999999999998,8.047999999999998,2.2693019167359054
5,PredictionOnly,prediction,20,18.810718059883484,0.9405359029941742,0.05946409700582578,18.810718059883484,15.249747993036776,15.249747993036776,3.560970066846709
5,OnlineOnly,online,20,15.249747993036776,0.7624873996518388,0.23751260034816124,18.810718059883484,15.249747993036776,15.249747993036776,0.0
5,StaticMixture,static,20,16.13999050974845,0.8069995254874225,0.1930004745125775,18.810718059883484,15.249747993036776,15.249747993036776,0.890242516711675
5,Hedge,hedge,20,15.67256439685214,0.783628219842607,0.216371780157393,18.810718059883484,15.249747993036776,15.249747993036776,0.42281640381536434
5,ShiftAwareAdaptiveTrust,shift,20,16.92321411171551,0.8461607055857755,0.1538392944142245,18.810718059883484,15.249747993036776,15.249747993036776,1.6734661186787338
7,PredictionOnly,prediction,29,28.99198393574297,0.9997235839911368,0.0002764160088631895,28.99198393574297,4.245330379961485,4.245330379961485,24.746653555781485
7,OnlineOnly,online,29,4.245330379961485,0.1463907027572926,0.8536092972427074,28.99198393574297,4.245330379961485,4.245330379961485,0.0
7,StaticMixture,static,29,10.431993768906857,0.3597239230657537,0.6402760769342464,28.99198393574297,4.245330379961485,4.245330379961485,6.186663388945371
7,Hedge,hedge,29,4.810807289167469,0.1658899065230162,0.8341100934769838,28.99198393574297,4.245330379961485,4.245330379961485,0.5654769092059837
7,ShiftAwareAdaptiveTrust,shift,29,12.07552003203907,0.4163972424841058,0.5836027575158942,28.99198393574297,4.245330379961485,4.245330379961485,7.830189652077584
8,PredictionOnly,prediction,4,3.936,0.984,0.016000000000000014,3.936,3.2800000000000002,3.2800000000000002,0.6559999999999997
8,OnlineOnly,online,4,3.2800000000000002,0.8200000000000001,0.17999999999999994,3.936,3.2800000000000002,3.2800000000000002,0.0
8,StaticMixture,static,4,3.444,0.861,0.139,3.936,3.2800000000000002,3.2800000000000002,0.1639999999999997
8,Hedge,hedge,4,3.540547549420925,0.8851368873552312,0.11486311264476878,3.936,3.2800000000000002,3.2800000000000002,0.2605475494209246
8,ShiftAwareAdaptiveTrust,shift,4,3.561994886164787,0.8904987215411968,0.1095012784588032,3.936,3.2800000000000002,3.2800000000000002,0.28199488616478696
9,PredictionOnly,prediction,4,4.0,1.0,0.0,4.0,1.02,1.02,2.98
9,OnlineOnly,online,4,1.02,0.255,0.745,4.0,1.02,1.02,0.0
9,StaticMixture,static,4,1.765,0.44125,0.5587500000000001,4.0,1.02,1.02,0.7449999999999999
9,Hedge,hedge,4,1.654231276749329,0.41355781918733225,0.5864421808126677,4.0,1.02,1.02,0.634231276749329
9,ShiftAwareAdaptiveTrust,shift,4,1.799343640395701,0.44983591009892526,0.5501640899010747,4.0,1.02,1.02,0.779343640395701
10,PredictionOnly,prediction,13,12.24,0.9415384615384615,0.058461538461538454,12.24,9.767999999999999,9.767999999999999,2.4720000000000013
10,OnlineOnly,online,13,9.767999999999999,0.7513846153846153,0.24861538461538468,12.24,9.767999999999999,9.767999999999999,0.0
10,StaticMixture,static,13,10.386000000000001,0.798923076923077,0.20107692307692304,12.24,9.767999999999999,9.767999999999999,0.6180000000000021
10,Hedge,hedge,13,10.220934677326031,0.7862257444096947,0.21377425559030527,12.24,9.767999999999999,9.767999999999999,0.45293467732603254
10,ShiftAwareAdaptiveTrust,shift,13,10.737176333583863,0.8259366410449125,0.1740633589550875,12.24,9.767999999999999,9.767999999999999,0.9691763335838637
11,PredictionOnly,prediction,58,56.750547882042525,0.9784577221041815,0.02154227789581853,56.750547882042525,34.26467730242024,34.26467730242024,22.485870579622286
11,OnlineOnly,online,58,34.26467730242024,0.5907702983175903,0.4092297016824097,56.750547882042525,34.26467730242024,34.26467730242024,0.0
11,StaticMixture,static,58,39.886144947325796,0.6876921542642379,0.3123078457357621,56.750547882042525,34.26467730242024,34.26467730242024,5.621467644905557
11,Hedge,hedge,58,34.79361588494453,0.5998899290507678,0.40011007094923223,56.750547882042525,34.26467730242024,34.26467730242024,0.5289385825242903
11,ShiftAwareAdaptiveTrust,shift,58,41.104153827174855,0.7086923073650837,0.2913076926349163,56.750547882042525,34.26467730242024,34.26467730242024,6.839476524754616
12,PredictionOnly,prediction,7,6.688,0.9554285714285714,0.044571428571428595,6.688,4.5520000000000005,4.5520000000000005,2.1359999999999992
12,OnlineOnly,online,7,4.5520000000000005,0.6502857142857144,0.34971428571428564,6.688,4.5520000000000005,4.5520000000000005,0.0
12,StaticMixture,static,7,5.085999999999999,0.7265714285714285,0.27342857142857147,6.688,4.5520000000000005,4.5520000000000005,0.5339999999999989
12,Hedge,hedge,7,5.003936490853936,0.7148480701219908,0.2851519298780092,6.688,4.5520000000000005,4.5520000000000005,0.45193649085393517
12,ShiftAwareAdaptiveTrust,shift,7,5.318280155969899,0.7597543079956999,0.24024569200430013,6.688,4.5520000000000005,4.5520000000000005,0.7662801559698984
14,PredictionOnly,prediction,10,9.152,0.9151999999999999,0.0848000000000001,9.152,5.4879999999999995,5.4879999999999995,3.6639999999999997
14,OnlineOnly,online,10,5.4879999999999995,0.5488,0.45120000000000005,9.152,5.4879999999999995,5.4879999999999995,0.0
14,StaticMixture,static,10,6.404,0.6404,0.35960000000000003,9.152,5.4879999999999995,5.4879999999999995,0.9160000000000004
14,Hedge,hedge,10,5.98074469216991,0.598074469216991,0.40192553078300897,9.152,5.4879999999999995,5.4879999999999995,0.4927446921699108
14,ShiftAwareAdaptiveTrust,shift,10,6.703348574419804,0.6703348574419804,0.3296651425580196,9.152,5.4879999999999995,5.4879999999999995,1.2153485744198047
15,PredictionOnly,prediction,17,15.06,0.8858823529411765,0.11411764705882355,15.06,10.908,10.908,4.152000000000001
15,OnlineOnly,online,17,10.908,0.6416470588235293,0.35835294117647065,15.06,10.908,10.908,0.0
15,StaticMixture,static,17,11.946,0.7027058823529412,0.2972941176470588,15.06,10.908,10.908,1.0380000000000003
15,Hedge,hedge,17,11.338817555435842,0.6669892679668142,0.33301073203318576,15.06,10.908,10.908,0.43081755543584244
15,ShiftAwareAdaptiveTrust,shift,17,12.700922561176151,0.7471130918338913,0.2528869081661087,15.06,10.908,10.908,1.7929225611761517
16,PredictionOnly,prediction,15,14.996,0.9997333333333334,0.0002666666666666373,14.996,11.491999999999999,11.491999999999999,3.5040000000000013
16,OnlineOnly,online,15,11.491999999999999,0.7661333333333332,0.23386666666666678,14.996,11.491999999999999,11.491999999999999,0.0
16,StaticMixture,static,15,12.367999999999999,0.8245333333333332,0.17546666666666677,14.996,11.491999999999999,11.491999999999999,0.8759999999999994
16,Hedge,hedge,15,11.909143448048592,0.7939428965365728,0.2060571034634272,14.996,11.491999999999999,11.491999999999999,0.41714344804859316
16,ShiftAwareAdaptiveTrust,shift,15,12.848669384966266,0.856577958997751,0.14342204100224898,14.996,11.491999999999999,11.491999999999999,1.356669384966267
17,PredictionOnly,prediction,9,5.3519999999999985,0.5946666666666665,0.40533333333333355,5.3519999999999985,2.48,2.48,2.8719999999999986
17,OnlineOnly,online,9,2.48,0.27555555555555555,0.7244444444444444,5.3519999999999985,2.48,2.48,0.0
17,StaticMixture,static,9,3.1979999999999995,0.3553333333333333,0.6446666666666667,5.3519999999999985,2.48,2.48,0.7179999999999995
17,Hedge,hedge,9,2.925727391737877,0.32508082130420857,0.6749191786957914,5.3519999999999985,2.48,2.48,0.445727391737877
17,ShiftAwareAdaptiveTrust,shift,9,4.135778532175345,0.45953094801948274,0.5404690519805173,5.3519999999999985,2.48,2.48,1.6557785321753449
18,PredictionOnly,prediction,21,20.11999624510644,0.9580950592907828,0.04190494070921724,20.11999624510644,7.849728948848636,7.849728948848636,12.270267296257803
18,OnlineOnly,online,21,7.849728948848636,0.3737966166118398,0.6262033833881602,20.11999624510644,7.849728948848636,7.849728948848636,0.0
18,StaticMixture,static,21,10.917295772913086,0.5198712272815755,0.48012877271842447,20.11999624510644,7.849728948848636,7.849728948848636,3.06756682406445
18,Hedge,hedge,21,8.36320702317151,0.3982479534843576,0.6017520465156424,20.11999624510644,7.849728948848636,7.849728948848636,0.5134780743228742
18,ShiftAwareAdaptiveTrust,shift,21,10.906200274225528,0.5193428702012156,0.4806571297987844,20.11999624510644,7.849728948848636,7.849728948848636,3.056471325376892
19,PredictionOnly,prediction,3,1.8383935742971889,0.612797858099063,0.38720214190093705,1.8383935742971889,1.7382168674698797,1.7382168674698797,0.10017670682730917
19,OnlineOnly,online,3,1.7382168674698797,0.5794056224899599,0.42059437751004014,1.8383935742971889,1.7382168674698797,1.7382168674698797,0.0
19,StaticMixture,static,3,1.7632610441767067,0.5877536813922356,0.4122463186077644,1.8383935742971889,1.7382168674698797,1.7382168674698797,0.025044176706827015
19,Hedge,hedge,3,1.7870695644952157,0.5956898548317385,0.40431014516826147,1.8383935742971889,1.7382168674698797,1.7382168674698797,0.04885269702533601
19,ShiftAwareAdaptiveTrust,shift,3,1.783385368280527,0.5944617894268424,0.40553821057315764,1.8383935742971889,1.7382168674698797,1.7382168674698797,0.04516850081064727
20,PredictionOnly,prediction,55,53.8903934658283,0.9798253357423328,0.02017466425766723,53.8903934658283,34.22782930067317,34.22782930067317,19.662564165155132
20,OnlineOnly,online,55,34.22782930067317,0.6223241691031486,0.3776758308968514,53.8903934658283,34.22782930067317,34.22782930067317,0.0
20,StaticMixture,static,55,39.14347034196196,0.7116994607629447,0.28830053923705534,53.8903934658283,34.22782930067317,34.22782930067317,4.9156410412887865
20,Hedge,hedge,55,34.66603571632577,0.6302915584786504,0.36970844152134963,53.8903934658283,34.22782930067317,34.22782930067317,0.4382064156526013
20,ShiftAwareAdaptiveTrust,shift,55,42.79743029908455,0.7781350963469919,0.22186490365300815,53.8903934658283,34.22782930067317,34.22782930067317,8.569600998411381
21,PredictionOnly,prediction,40,39.623036006660875,0.9905759001665219,0.009424099833478139,39.623036006660875,29.163691230773154,29.163691230773154,10.459344775887722
21,OnlineOnly,online,40,29.163691230773154,0.7290922807693289,0.27090771923067114,39.623036006660875,29.163691230773154,29.163691230773154,0.0
21,StaticMixture,static,40,31.778527424745082,0.794463185618627,0.20553681438137295,39.623036006660875,29.163691230773154,29.163691230773154,2.6148361939719287
21,Hedge,hedge,40,29.55958912756794,0.7389897281891985,0.2610102718108015,39.623036006660875,29.163691230773154,29.163691230773154,0.3958978967947857
21,ShiftAwareAdaptiveTrust,shift,40,33.17970242384465,0.8294925605961163,0.1705074394038837,39.623036006660875,29.163691230773154,29.163691230773154,4.016011193071499
22,PredictionOnly,prediction,33,26.34,0.7981818181818182,0.20181818181818179,26.34,4.384000000000001,4.384000000000001,21.956
22,OnlineOnly,online,33,4.384000000000001,0.13284848484848488,0.8671515151515151,26.34,4.384000000000001,4.384000000000001,0.0
22,StaticMixture,static,33,9.873000000000001,0.2991818181818182,0.7008181818181818,26.34,4.384000000000001,4.384000000000001,5.489
22,Hedge,hedge,33,4.952964239547563,0.15008982544083524,0.8499101745591647,26.34,4.384000000000001,4.384000000000001,0.5689642395475616
22,ShiftAwareAdaptiveTrust,shift,33,10.890925874301642,0.33002805679701946,0.6699719432029805,26.34,4.384000000000001,4.384000000000001,6.506925874301641
23,PredictionOnly,prediction,15,13.912000000000003,0.9274666666666669,0.07253333333333312,13.912000000000003,10.952,10.952,2.9600000000000026
23,OnlineOnly,online,15,10.952,0.7301333333333333,0.2698666666666667,13.912000000000003,10.952,10.952,0.0
23,StaticMixture,static,15,11.692,0.7794666666666666,0.22053333333333336,13.912000000000003,10.952,10.952,0.7400000000000002
23,Hedge,hedge,15,11.48836415592613,0.7658909437284086,0.2341090562715914,13.912000000000003,10.952,10.952,0.5363641559261296
23,ShiftAwareAdaptiveTrust,shift,15,12.198659656266042,0.8132439770844028,0.18675602291559723,13.912000000000003,10.952,10.952,1.2466596562660417
24,PredictionOnly,prediction,29,27.134431649567013,0.9356700568816211,0.06432994311837892,27.134431649567013,16.132776454697,16.132776454697,11.001655194870011
24,OnlineOnly,online,29,16.132776454697,0.5563026363688621,0.4436973636311379,27.134431649567013,16.132776454697,16.132776454697,0.0
24,StaticMixture,static,29,18.883190253414504,0.6511444914970519,0.3488555085029481,27.134431649567013,16.132776454697,16.132776454697,2.750413798717503
24,Hedge,hedge,29,16.634673837155287,0.5736094426605272,0.42639055733947284,27.134431649567013,16.132776454697,16.132776454697,0.5018973824582851
24,ShiftAwareAdaptiveTrust,shift,29,19.290384970583418,0.6651856886408075,0.3348143113591925,27.134431649567013,16.132776454697,16.132776454697,3.157608515886416
25,PredictionOnly,prediction,35,33.635999999999996,0.9610285714285713,0.03897142857142866,33.635999999999996,16.596000000000004,16.596000000000004,17.039999999999992
25,OnlineOnly,online,35,16.596000000000004,0.4741714285714287,0.5258285714285713,33.635999999999996,16.596000000000004,16.596000000000004,0.0
25,StaticMixture,static,35,20.855999999999998,0.5958857142857142,0.40411428571428576,33.635999999999996,16.596000000000004,16.596000000000004,4.2599999999999945
25,Hedge,hedge,35,17.07295988120752,0.4877988537487863,0.5122011462512137,33.635999999999996,16.596000000000004,16.596000000000004,0.47695988120751664
25,ShiftAwareAdaptiveTrust,shift,35,21.692777763455684,0.6197936503844481,0.3802063496155519,33.635999999999996,16.596000000000004,16.596000000000004,5.09677776345568
27,PredictionOnly,prediction,10,9.988000000000001,0.9988000000000001,0.0011999999999998678,9.988000000000001,7.574057613168725,7.574057613168725,2.413942386831276
27,OnlineOnly,online,10,7.574057613168725,0.7574057613168725,0.24259423868312746,9.988000000000001,7.574057613168725,7.574057613168725,0.0
27,StaticMixture,static,10,8.177543209876543,0.8177543209876543,0.18224567901234567,9.988000000000001,7.574057613168725,7.574057613168725,0.6034855967078174
27,Hedge,hedge,10,8.016458660235777,0.8016458660235777,0.19835413397642232,9.988000000000001,7.574057613168725,7.574057613168725,0.44240104706705186
27,ShiftAwareAdaptiveTrust,shift,10,8.536782829850129,0.8536782829850129,0.14632171701498708,9.988000000000001,7.574057613168725,7.574057613168725,0.9627252166814033
28,PredictionOnly,prediction,33,30.98400000000001,0.9389090909090911,0.06109090909090886,30.98400000000001,16.524,16.524,14.460000000000008
28,OnlineOnly,online,33,16.524,0.5007272727272728,0.4992727272727272,30.98400000000001,16.524,16.524,0.0
28,StaticMixture,static,33,20.138999999999996,0.6102727272727272,0.3897272727272728,30.98400000000001,16.524,16.524,3.614999999999995
28,Hedge,hedge,33,16.952650981262817,0.5137166964019035,0.48628330359809646,30.98400000000001,16.524,16.524,0.4286509812628161
28,ShiftAwareAdaptiveTrust,shift,33,20.08942917857435,0.6087705811689197,0.3912294188310803,30.98400000000001,16.524,16.524,3.565429178574348
29,PredictionOnly,prediction,13,12.916000000000002,0.9935384615384617,0.0064615384615382965,12.916000000000002,6.384,6.384,6.532000000000002
29,OnlineOnly,online,13,6.384,0.4910769230769231,0.5089230769230769,12.916000000000002,6.384,6.384,0.0
29,StaticMixture,static,13,8.017000000000001,0.6166923076923078,0.38330769230769224,12.916000000000002,6.384,6.384,1.633000000000001
29,Hedge,hedge,13,6.915687941102288,0.5319759954694068,0.46802400453059323,12.916000000000002,6.384,6.384,0.5316879411022875
29,ShiftAwareAdaptiveTrust,shift,13,8.788759115407814,0.6760583934929087,0.32394160650709125,12.916000000000002,6.384,6.384,2.4047591154078134
30,PredictionOnly,prediction,27,26.34743574297189,0.9758309534434033,0.024169046556596685,26.34743574297189,25.282372965546397,25.282372965546397,1.0650627774254922
30,OnlineOnly,online,27,25.282372965546397,0.9363841839091258,0.06361581609087419,26.34743574297189,25.282372965546397,25.282372965546397,0.0
30,StaticMixture,static,27,25.548638659902764,0.946245876292695,0.053754123707305035,26.34743574297189,25.282372965546397,25.282372965546397,0.2662656943563668
30,Hedge,hedge,27,25.5906299348714,0.9478011086989407,0.05219889130105926,26.34743574297189,25.282372965546397,25.282372965546397,0.30825696932500435
30,ShiftAwareAdaptiveTrust,shift,27,25.760831363976425,0.9541048653324602,0.045895134667539805,26.34743574297189,25.282372965546397,25.282372965546397,0.47845839843002835
31,PredictionOnly,prediction,11,10.56,0.9600000000000001,0.039999999999999925,10.56,2.1759999999999997,2.1759999999999997,8.384
31,OnlineOnly,online,11,2.1759999999999997,0.19781818181818178,0.8021818181818182,10.56,2.1759999999999997,2.1759999999999997,0.0
31,StaticMixture,static,11,4.272,0.3883636363636364,0.6116363636363635,10.56,2.1759999999999997,2.1759999999999997,2.0960000000000005
31,Hedge,hedge,11,2.800949279338804,0.25463175266716404,0.745368247332836,10.56,2.1759999999999997,2.1759999999999997,0.6249492793388045
31,ShiftAwareAdaptiveTrust,shift,11,5.687527961109135,0.5170479964644668,0.48295200353553325,10.56,2.1759999999999997,2.1759999999999997,3.511527961109135
32,PredictionOnly,prediction,76,73.43737552267106,0.9662812568772509,0.03371874312274914,73.43737552267106,35.22850647617401,35.22850647617401,38.20886904649705
32,OnlineOnly,online,76,35.22850647617401,0.46353297994965803,0.536467020050342,73.43737552267106,35.22850647617401,35.22850647617401,0.0
32,StaticMixture,static,76,44.780723737798276,0.5892200491815562,0.41077995081844376,73.43737552267106,35.22850647617401,35.22850647617401,9.552217261624264
32,Hedge,hedge,76,35.74773762588081,0.4703649687615896,0.5296350312384104,73.43737552267106,35.22850647617401,35.22850647617401,0.5192311497067976
32,ShiftAwareAdaptiveTrust,shift,76,44.784521133773254,0.5892700149180691,0.4107299850819309,73.43737552267106,35.22850647617401,35.22850647617401,9.556014657599242
33,PredictionOnly,prediction,15,13.946711297071133,0.9297807531380755,0.07021924686192449,13.946711297071133,6.999942119944212,6.999942119944212,6.946769177126921
33,OnlineOnly,online,15,6.999942119944212,0.4666628079962808,0.5333371920037192,13.946711297071133,6.999942119944212,6.999942119944212,0.0
33,StaticMixture,static,15,8.736634414225941,0.5824422942817294,0.41755770571827056,13.946711297071133,6.999942119944212,6.999942119944212,1.7366922942817293
33,Hedge,hedge,15,7.4871316680242455,0.4991421112016164,0.5008578887983837,13.946711297071133,6.999942119944212,6.999942119944212,0.4871895480800337
33,ShiftAwareAdaptiveTrust,shift,15,8.76689368727751,0.584459579151834,0.415540420848166,13.946711297071133,6.999942119944212,6.999942119944212,1.7669515673332974
34,PredictionOnly,prediction,6,6.0,1.0,0.0,6.0,5.137735774265895,5.137735774265895,0.8622642257341049
34,OnlineOnly,online,6,5.137735774265895,0.8562892957109826,0.14371070428901744,6.0,5.137735774265895,5.137735774265895,0.0
34,StaticMixture,static,6,5.353301830699421,0.8922169717832369,0.10778302821676311,6.0,5.137735774265895,5.137735774265895,0.21556605643352622
34,Hedge,hedge,6,5.435902009359401,0.9059836682265668,0.09401633177343316,6.0,5.137735774265895,5.137735774265895,0.2981662350935057
34,ShiftAwareAdaptiveTrust,shift,6,5.504843043411552,0.9174738405685919,0.08252615943140806,6.0,5.137735774265895,5.137735774265895,0.3671072691456567
35,PredictionOnly,prediction,3,2.9791932773109244,0.9930644257703082,0.006935574229691821,2.9791932773109244,2.351495798319328,2.351495798319328,0.6276974789915966
35,OnlineOnly,online,3,2.351495798319328,0.7838319327731093,0.21616806722689075,2.9791932773109244,2.351495798319328,2.351495798319328,0.0
35,StaticMixture,static,3,2.508420168067227,0.8361400560224089,0.16385994397759107,2.9791932773109244,2.351495798319328,2.351495798319328,0.15692436974789903
35,Hedge,hedge,3,2.6207264306638374,0.8735754768879458,0.1264245231120542,2.9791932773109244,2.351495798319328,2.351495798319328,0.2692306323445095
35,ShiftAwareAdaptiveTrust,shift,3,2.63522374428736,0.8784079147624534,0.12159208523754661,2.9791932773109244,2.351495798319328,2.351495798319328,0.2837279459680322
36,PredictionOnly,prediction,4,3.883784286378429,0.9709460715946072,0.02905392840539278,3.883784286378429,3.587518363551836,3.587518363551836,0.2962659228265929
36,OnlineOnly,online,4,3.587518363551836,0.896879590887959,0.10312040911204101,3.883784286378429,3.587518363551836,3.587518363551836,0.0
36,StaticMixture,static,4,3.661584844258485,0.9153962110646212,0.08460378893537879,3.883784286378429,3.587518363551836,3.587518363551836,0.0740664807066489
36,Hedge,hedge,4,3.721258274611685,0.9303145686529213,0.06968543134707872,3.883784286378429,3.587518363551836,3.587518363551836,0.13373991105984917
36,ShiftAwareAdaptiveTrust,shift,4,3.736768086436859,0.9341920216092148,0.06580797839078523,3.883784286378429,3.587518363551836,3.587518363551836,0.14924972288502314
37,PredictionOnly,prediction,11,10.666105263157895,0.9696459330143541,0.03035406698564591,10.666105263157895,5.850315789473686,5.850315789473686,4.81578947368421
37,OnlineOnly,online,11,5.850315789473686,0.5318468899521532,0.46815311004784677,10.666105263157895,5.850315789473686,5.850315789473686,0.0
37,StaticMixture,static,11,7.054263157894737,0.6412966507177034,0.35870334928229664,10.666105263157895,5.850315789473686,5.850315789473686,1.2039473684210513
37,Hedge,hedge,11,6.359931670004459,0.5781756063640416,0.42182439363595836,10.666105263157895,5.850315789473686,5.850315789473686,0.5096158805307729
37,ShiftAwareAdaptiveTrust,shift,11,7.908377827613372,0.718943438873943,0.28105656112605704,10.666105263157895,5.850315789473686,5.850315789473686,2.0580620381396866
38,PredictionOnly,prediction,11,10.68,0.9709090909090908,0.029090909090909167,10.68,4.191999999999999,4.191999999999999,6.488
38,OnlineOnly,online,11,4.191999999999999,0.38109090909090904,0.618909090909091,10.68,4.191999999999999,4.191999999999999,0.0
38,StaticMixture,static,11,5.814,0.5285454545454545,0.47145454545454546,10.68,4.191999999999999,4.191999999999999,1.6220000000000008
38,Hedge,hedge,11,4.709970957718907,0.4281791779744461,0.5718208220255538,10.68,4.191999999999999,4.191999999999999,0.5179709577189078
38,ShiftAwareAdaptiveTrust,shift,11,7.098679604608272,0.6453345095098428,0.35466549049015716,10.68,4.191999999999999,4.191999999999999,2.9066796046082723
39,PredictionOnly,prediction,14,12.384,0.8845714285714286,0.11542857142857144,12.384,9.384,9.384,3.0
39,OnlineOnly,online,14,9.384,0.6702857142857143,0.32971428571428574,12.384,9.384,9.384,0.0
39,StaticMixture,static,14,10.134,0.7238571428571429,0.27614285714285713,12.384,9.384,9.384,0.75
39,Hedge,hedge,14,9.808041128707538,0.7005743663362527,0.2994256336637473,12.384,9.384,9.384,0.42404112870753785
39,ShiftAwareAdaptiveTrust,shift,14,10.706877471291506,0.7647769622351076,0.2352230377648924,12.384,9.384,9.384,1.3228774712915055
40,PredictionOnly,prediction,8,7.952,0.994,0.006000000000000005,7.952,6.668,6.668,1.2839999999999998
40,OnlineOnly,online,8,6.668,0.8335,0.16649999999999998,7.952,6.668,6.668,0.0
40,StaticMixture,static,8,6.989000000000002,0.8736250000000002,0.1263749999999998,7.952,6.668,6.668,0.3210000000000015
40,Hedge,hedge,8,7.02661828879323,0.8783272860991538,0.12167271390084622,7.952,6.668,6.668,0.3586182887932301
40,ShiftAwareAdaptiveTrust,shift,8,7.2106762827495094,0.9013345353436887,0.09866546465631132,7.952,6.668,6.668,0.5426762827495093
42,PredictionOnly,prediction,6,5.896000000000001,0.9826666666666668,0.0173333333333332,5.896000000000001,5.548,5.548,0.34800000000000075
42,OnlineOnly,online,6,5.548,0.9246666666666666,0.07533333333333336,5.896000000000001,5.548,5.548,0.0
42,StaticMixture,static,6,5.635,0.9391666666666666,0.060833333333333406,5.896000000000001,5.548,5.548,0.08699999999999974
42,Hedge,hedge,6,5.701336932736061,0.9502228221226768,0.049777177877323164,5.896000000000001,5.548,5.548,0.1533369327360612
42,ShiftAwareAdaptiveTrust,shift,6,5.703075088654873,0.9505125147758121,0.04948748522418789,5.896000000000001,5.548,5.548,0.15507508865487285
43,PredictionOnly,prediction,10,9.948,0.9948,0.005199999999999982,9.948,3.97365445026178,3.97365445026178,5.974345549738221
43,OnlineOnly,online,10,3.97365445026178,0.397365445026178,0.602634554973822,9.948,3.97365445026178,3.97365445026178,0.0
43,StaticMixture,static,10,5.467240837696335,0.5467240837696334,0.45327591623036656,9.948,3.97365445026178,3.97365445026178,1.4935863874345547
43,Hedge,hedge,10,4.573207904144361,0.45732079041443613,0.5426792095855639,9.948,3.97365445026178,3.97365445026178,0.5995534538825811
43,ShiftAwareAdaptiveTrust,shift,10,5.980138130335614,0.5980138130335614,0.4019861869664386,9.948,3.97365445026178,3.97365445026178,2.0064836800738335
45,PredictionOnly,prediction,3,2.976,0.992,0.008000000000000007,2.976,1.7239999999999998,1.7239999999999998,1.2520000000000002
45,OnlineOnly,online,3,1.7239999999999998,0.5746666666666665,0.42533333333333345,2.976,1.7239999999999998,1.7239999999999998,0.0
45,StaticMixture,static,3,2.037,0.6789999999999999,0.32100000000000006,2.976,1.7239999999999998,1.7239999999999998,0.31300000000000017
45,Hedge,hedge,3,2.183439099953187,0.727813033317729,0.27218696668227105,2.976,1.7239999999999998,1.7239999999999998,0.4594390999531872
45,ShiftAwareAdaptiveTrust,shift,3,2.1632251906005955,0.7210750635335318,0.2789249364664682,2.976,1.7239999999999998,1.7239999999999998,0.4392251906005957
46,PredictionOnly,prediction,6,5.8919999999999995,0.9819999999999999,0.018000000000000127,5.8919999999999995,3.3600000000000003,3.3600000000000003,2.531999999999999
46,OnlineOnly,online,6,3.3600000000000003,0.56,0.43999999999999995,5.8919999999999995,3.3600000000000003,3.3600000000000003,0.0
46,StaticMixture,static,6,3.993,0.6655,0.3345,5.8919999999999995,3.3600000000000003,3.3600000000000003,0.6329999999999996
46,Hedge,hedge,6,3.8413036962512193,0.6402172827085365,0.3597827172914635,5.8919999999999995,3.3600000000000003,3.3600000000000003,0.48130369625121894
46,ShiftAwareAdaptiveTrust,shift,6,4.286504448823705,0.7144174081372842,0.28558259186271584,5.8919999999999995,3.3600000000000003,3.3600000000000003,0.9265044488237049
49,PredictionOnly,prediction,10,9.7,0.97,0.030000000000000027,9.7,7.631999999999999,7.631999999999999,2.0680000000000005
49,OnlineOnly,online,10,7.631999999999999,0.7631999999999999,0.23680000000000012,9.7,7.631999999999999,7.631999999999999,0.0
49,StaticMixture,static,10,8.149,0.8149,0.18510000000000004,9.7,7.631999999999999,7.631999999999999,0.5170000000000003
49,Hedge,hedge,10,8.05439020477626,0.8054390204776259,0.19456097952237406,9.7,7.631999999999999,7.631999999999999,0.4223902047762609
49,ShiftAwareAdaptiveTrust,shift,10,8.767013970278065,0.8767013970278065,0.12329860297219353,9.7,7.631999999999999,7.631999999999999,1.1350139702780657
50,PredictionOnly,prediction,8,6.8759999999999994,0.8594999999999999,0.14050000000000007,6.8759999999999994,4.4079999999999995,4.4079999999999995,2.468
50,OnlineOnly,online,8,4.4079999999999995,0.5509999999999999,0.44900000000000007,6.8759999999999994,4.4079999999999995,4.4079999999999995,0.0
50,StaticMixture,static,8,5.025,0.628125,0.37187499999999996,6.8759999999999994,4.4079999999999995,4.4079999999999995,0.6170000000000009
50,Hedge,hedge,8,4.855076410820607,0.6068845513525759,0.3931154486474241,6.8759999999999994,4.4079999999999995,4.4079999999999995,0.4470764108206078
50,ShiftAwareAdaptiveTrust,shift,8,5.7004903475499695,0.7125612934437462,0.2874387065562538,6.8759999999999994,4.4079999999999995,4.4079999999999995,1.29249034754997
51,PredictionOnly,prediction,25,20.37745087980608,0.8150980351922432,0.18490196480775678,20.37745087980608,16.2876104864375,16.2876104864375,4.089840393368579
51,OnlineOnly,online,25,16.2876104864375,0.6515044194575,0.34849558054249996,20.37745087980608,16.2876104864375,16.2876104864375,0.0
51,StaticMixture,static,25,17.310070584779645,0.6924028233911858,0.30759717660881425,20.37745087980608,16.2876104864375,16.2876104864375,1.022460098342144
51,Hedge,hedge,25,16.80292666837863,0.6721170667351452,0.32788293326485485,20.37745087980608,16.2876104864375,16.2876104864375,0.5153161819411274
51,ShiftAwareAdaptiveTrust,shift,25,17.809273713658236,0.7123709485463294,0.28762905145367057,20.37745087980608,16.2876104864375,16.2876104864375,1.5216632272207349
52,PredictionOnly,prediction,10,9.859903614457831,0.9859903614457831,0.014009638554216886,9.859903614457831,8.98789165028314,8.98789165028314,0.8720119641746908
52,OnlineOnly,online,10,8.98789165028314,0.8987891650283141,0.10121083497168593,9.859903614457831,8.98789165028314,8.98789165028314,0.0
52,StaticMixture,static,10,9.205894641326815,0.9205894641326815,0.0794105358673185,9.859903614457831,8.98789165028314,8.98789165028314,0.21800299104367404
52,Hedge,hedge,10,9.279434561578716,0.9279434561578717,0.07205654384212834,9.859903614457831,8.98789165028314,8.98789165028314,0.29154291129557564
52,ShiftAwareAdaptiveTrust,shift,10,9.36289591652589,0.936289591652589,0.06371040834741104,9.859903614457831,8.98789165028314,8.98789165028314,0.3750042662427493
53,PredictionOnly,prediction,72,69.20901163452095,0.9612362727016799,0.038763727298320116,69.20901163452095,23.565660474277877,23.565660474277877,45.64335116024307
53,OnlineOnly,online,72,23.565660474277877,0.32730083992052605,0.672699160079474,69.20901163452095,23.565660474277877,23.565660474277877,0.0
53,StaticMixture,static,72,34.97649826433866,0.4857846981158147,0.5142153018841853,69.20901163452095,23.565660474277877,23.565660474277877,11.410837790060782
53,Hedge,hedge,72,24.130554686361585,0.33514659286613313,0.6648534071338669,69.20901163452095,23.565660474277877,23.565660474277877,0.5648942120837077
53,ShiftAwareAdaptiveTrust,shift,72,36.37404954587129,0.5051951325815457,0.4948048674184543,69.20901163452095,23.565660474277877,23.565660474277877,12.80838907159341
54,PredictionOnly,prediction,12,11.943999999999999,0.9953333333333333,0.004666666666666708,11.943999999999999,3.388,3.388,8.556
54,OnlineOnly,online,12,3.388,0.2823333333333333,0.7176666666666667,11.943999999999999,3.388,3.388,0.0
54,StaticMixture,static,12,5.527,0.46058333333333334,0.5394166666666667,11.943999999999999,3.388,3.388,2.1390000000000002
54,Hedge,hedge,12,3.9090234728591904,0.3257519560715992,0.6742480439284009,11.943999999999999,3.388,3.388,0.5210234728591905
54,ShiftAwareAdaptiveTrust,shift,12,5.722702875582083,0.4768919062985069,0.5231080937014931,11.943999999999999,3.388,3.388,2.3347028755820833
55,PredictionOnly,prediction,9,8.992,0.9991111111111112,0.000888888888888828,8.992,7.163999999999999,7.163999999999999,1.828000000000002
55,OnlineOnly,online,9,7.163999999999999,0.7959999999999998,0.20400000000000018,8.992,7.163999999999999,7.163999999999999,0.0
55,StaticMixture,static,9,7.6209999999999996,0.8467777777777777,0.15322222222222226,8.992,7.163999999999999,7.163999999999999,0.45700000000000074
55,Hedge,hedge,9,7.5684961952592245,0.8409440216954693,0.15905597830453067,8.992,7.163999999999999,7.163999999999999,0.40449619525922564
55,ShiftAwareAdaptiveTrust,shift,9,7.96836040930166,0.8853733788112955,0.11462662118870448,8.992,7.163999999999999,7.163999999999999,0.804360409301661
57,PredictionOnly,prediction,3,2.968,0.9893333333333333,0.010666666666666713,2.968,2.316,2.316,0.6520000000000001
57,OnlineOnly,online,3,2.316,0.7719999999999999,0.2280000000000001,2.968,2.316,2.316,0.0
57,StaticMixture,static,3,2.479,0.8263333333333334,0.17366666666666664,2.968,2.316,2.316,0.16300000000000026
57,Hedge,hedge,3,2.59198176441507,0.86399392147169,0.13600607852831004,2.968,2.316,2.316,0.27598176441507016
57,ShiftAwareAdaptiveTrust,shift,3,2.6498443879038014,0.8832814626346005,0.1167185373653995,2.968,2.316,2.316,0.33384438790380155
58,PredictionOnly,prediction,6,5.372,0.8953333333333333,0.10466666666666669,5.372,4.432,4.432,0.9399999999999995
58,OnlineOnly,online,6,4.432,0.7386666666666667,0.2613333333333333,5.372,4.432,4.432,0.0
58,StaticMixture,static,6,4.667,0.7778333333333333,0.22216666666666673,5.372,4.432,4.432,0.23499999999999943
58,Hedge,hedge,6,4.7889717372320195,0.7981619562053366,0.2018380437946634,5.372,4.432,4.432,0.35697173723201914
58,ShiftAwareAdaptiveTrust,shift,6,4.926507491171609,0.8210845818619349,0.1789154181380651,5.372,4.432,4.432,0.49450749117160875
59,PredictionOnly,prediction,17,15.877632653061223,0.9339783913565425,0.06602160864345752,15.877632653061223,14.789551020408165,14.789551020408165,1.0880816326530578
59,OnlineOnly,online,17,14.789551020408165,0.8699735894357744,0.1300264105642256,15.877632653061223,14.789551020408165,14.789551020408165,0.0
59,StaticMixture,static,17,15.061571428571426,0.8859747899159662,0.11402521008403377,15.877632653061223,14.789551020408165,14.789551020408165,0.2720204081632609
59,Hedge,hedge,17,15.116678995137827,0.8892164114786957,0.11078358852130432,15.877632653061223,14.789551020408165,14.789551020408165,0.3271279747296614
59,ShiftAwareAdaptiveTrust,shift,17,15.331873378543841,0.901874904620226,0.09812509537977399,15.877632653061223,14.789551020408165,14.789551020408165,0.5423223581356762
60,PredictionOnly,prediction,6,5.572,0.9286666666666666,0.07133333333333336,5.572,4.204,4.204,1.3680000000000003
60,OnlineOnly,online,6,4.204,0.7006666666666667,0.29933333333333334,5.572,4.204,4.204,0.0
60,StaticMixture,static,6,4.545999999999999,0.7576666666666666,0.2423333333333334,5.572,4.204,4.204,0.34199999999999964
60,Hedge,hedge,6,4.59162396144087,0.765270660240145,0.234729339759855,5.572,4.204,4.204,0.3876239614408705
60,ShiftAwareAdaptiveTrust,shift,6,4.705689858801416,0.7842816431335694,0.2157183568664306,5.572,4.204,4.204,0.5016898588014165
61,PredictionOnly,prediction,7,6.89183870967742,0.9845483870967743,0.01545161290322572,6.89183870967742,4.015935483870968,4.015935483870968,2.875903225806452
61,OnlineOnly,online,7,4.015935483870968,0.573705069124424,0.426294930875576,6.89183870967742,4.015935483870968,4.015935483870968,0.0
61,StaticMixture,static,7,4.7349112903225805,0.6764158986175115,0.3235841013824885,6.89183870967742,4.015935483870968,4.015935483870968,0.7189758064516125
61,Hedge,hedge,7,4.48725094585145,0.64103584940735,0.35896415059264997,6.89183870967742,4.015935483870968,4.015935483870968,0.471315461980482
61,ShiftAwareAdaptiveTrust,shift,7,5.589808911823871,0.798544130260553,0.20145586973944696,6.89183870967742,4.015935483870968,4.015935483870968,1.5738734279529032
62,PredictionOnly,prediction,26,23.26653450629977,0.8948667117807604,0.10513328821923962,23.26653450629977,13.862900035572496,13.862900035572496,9.403634470727274
62,OnlineOnly,online,26,13.862900035572496,0.5331884629066345,0.46681153709336554,23.26653450629977,13.862900035572496,13.862900035572496,0.0
62,StaticMixture,static,26,16.21380865325431,0.6236080251251658,0.3763919748748342,23.26653450629977,13.862900035572496,13.862900035572496,2.3509086176818155
62,Hedge,hedge,26,14.2750414734856,0.5490400566725231,0.4509599433274769,23.26653450629977,13.862900035572496,13.862900035572496,0.412141437913105
62,ShiftAwareAdaptiveTrust,shift,26,17.77390216183227,0.6836116216089335,0.3163883783910665,23.26653450629977,13.862900035572496,13.862900035572496,3.911002126259776
63,PredictionOnly,prediction,5,4.675710843373494,0.9351421686746988,0.06485783132530121,4.675710843373494,3.1391325301204818,3.1391325301204818,1.5365783132530124
63,OnlineOnly,online,5,3.1391325301204818,0.6278265060240964,0.3721734939759036,4.675710843373494,3.1391325301204818,3.1391325301204818,0.0
63,StaticMixture,static,5,3.5232771084337347,0.7046554216867469,0.2953445783132531,4.675710843373494,3.1391325301204818,3.1391325301204818,0.3841445783132529
63,Hedge,hedge,5,3.56699503130111,0.713399006260222,0.286600993739778,4.675710843373494,3.1391325301204818,3.1391325301204818,0.4278625011806283
63,ShiftAwareAdaptiveTrust,shift,5,3.9179917033283616,0.7835983406656724,0.21640165933432765,4.675710843373494,3.1391325301204818,3.1391325301204818,0.7788591732078798
65,PredictionOnly,prediction,37,32.64335807900437,0.8822529210541722,0.11774707894582781,32.64335807900437,23.054686351430693,23.054686351430693,9.58867172757368
65,OnlineOnly,online,37,23.054686351430693,0.6230996311197484,0.3769003688802516,32.64335807900437,23.054686351430693,23.054686351430693,0.0
65,StaticMixture,static,37,25.451854283324113,0.6878879536033544,0.3121120463966456,32.64335807900437,23.054686351430693,23.054686351430693,2.3971679318934207
65,Hedge,hedge,37,23.4764890641838,0.6344997044374,0.3655002955626,32.64335807900437,23.054686351430693,23.054686351430693,0.4218027127531059
65,ShiftAwareAdaptiveTrust,shift,37,27.363765331752038,0.7395612251824876,0.26043877481751243,32.64335807900437,23.054686351430693,23.054686351430693,4.309078980321345
66,PredictionOnly,prediction,57,56.908,0.9983859649122807,0.00161403508771929,56.908,16.496000000000002,16.496000000000002,40.412
66,OnlineOnly,online,57,16.496000000000002,0.2894035087719299,0.7105964912280701,56.908,16.496000000000002,16.496000000000002,0.0
66,StaticMixture,static,57,26.599000000000004,0.4666491228070176,0.5333508771929825,56.908,16.496000000000002,16.496000000000002,10.103000000000002
66,Hedge,hedge,57,16.936478038736933,0.29713119366205143,0.7028688063379486,56.908,16.496000000000002,16.496000000000002,0.4404780387369307
66,ShiftAwareAdaptiveTrust,shift,57,23.438466625670355,0.41120116887140973,0.5887988311285903,56.908,16.496000000000002,16.496000000000002,6.942466625670352
67,PredictionOnly,prediction,30,28.124,0.9374666666666667,0.06253333333333333,28.124,12.864000000000003,12.864000000000003,15.259999999999996
67,OnlineOnly,online,30,12.864000000000003,0.42880000000000007,0.5711999999999999,28.124,12.864000000000003,12.864000000000003,0.0
67,StaticMixture,static,30,16.679000000000002,0.5559666666666667,0.4440333333333333,28.124,12.864000000000003,12.864000000000003,3.8149999999999995
67,Hedge,hedge,30,13.351049309618901,0.4450349769872967,0.5549650230127032,28.124,12.864000000000003,12.864000000000003,0.48704930961889836
67,ShiftAwareAdaptiveTrust,shift,30,19.29418720411769,0.6431395734705897,0.3568604265294103,28.124,12.864000000000003,12.864000000000003,6.430187204117688
68,PredictionOnly,prediction,14,12.288,0.8777142857142858,0.12228571428571422,12.288,3.5,3.5,8.788
68,OnlineOnly,online,14,3.5,0.25,0.75,12.288,3.5,3.5,0.0
68,StaticMixture,static,14,5.696999999999999,0.40692857142857136,0.5930714285714287,12.288,3.5,3.5,2.196999999999999
68,Hedge,hedge,14,4.111874687143637,0.2937053347959741,0.7062946652040258,12.288,3.5,3.5,0.6118746871436374
68,ShiftAwareAdaptiveTrust,shift,14,6.465864602125045,0.4618474715803603,0.5381525284196397,12.288,3.5,3.5,2.9658646021250448
70,PredictionOnly,prediction,16,15.303999999999998,0.9564999999999999,0.043500000000000094,15.303999999999998,10.928,10.928,4.375999999999998
70,OnlineOnly,online,16,10.928,0.683,0.31699999999999995,15.303999999999998,10.928,10.928,0.0
70,StaticMixture,static,16,12.022,0.751375,0.24862499999999998,15.303999999999998,10.928,10.928,1.0939999999999994
70,Hedge,hedge,16,11.357017981702203,0.7098136238563877,0.2901863761436123,15.303999999999998,10.928,10.928,0.4290179817022022
70,ShiftAwareAdaptiveTrust,shift,16,12.620275145763124,0.7887671966101952,0.21123280338980477,15.303999999999998,10.928,10.928,1.6922751457631229
72,PredictionOnly,prediction,57,52.46661968558636,0.9204670120278309,0.07953298797216912,52.46661968558636,35.92471916068941,35.92471916068941,16.541900524896946
72,OnlineOnly,online,57,35.92471916068941,0.630258230889288,0.369741769110712,52.46661968558636,35.92471916068941,35.92471916068941,0.0
72,StaticMixture,static,57,40.060194291913646,0.7028104261739236,0.29718957382607636,52.46661968558636,35.92471916068941,35.92471916068941,4.135475131224233
72,Hedge,hedge,57,36.32281819779357,0.6372424245226943,0.3627575754773057,52.46661968558636,35.92471916068941,35.92471916068941,0.39809903710415995
72,ShiftAwareAdaptiveTrust,shift,57,41.513928308298325,0.728314531724532,0.271685468275468,52.46661968558636,35.92471916068941,35.92471916068941,5.589209147608912
73,PredictionOnly,prediction,24,23.052,0.9605,0.03949999999999998,23.052,12.712000000000002,12.712000000000002,10.339999999999998
73,OnlineOnly,online,24,12.712000000000002,0.5296666666666667,0.47033333333333327,23.052,12.712000000000002,12.712000000000002,0.0
73,StaticMixture,static,24,15.296999999999999,0.6373749999999999,0.3626250000000001,23.052,12.712000000000002,12.712000000000002,2.5849999999999973
73,Hedge,hedge,24,13.18895212188169,0.5495396717450703,0.45046032825492965,23.052,12.712000000000002,12.712000000000002,0.4769521218816877
73,ShiftAwareAdaptiveTrust,shift,24,17.038358129323175,0.709931588721799,0.29006841127820104,23.052,12.712000000000002,12.712000000000002,4.326358129323173
74,PredictionOnly,prediction,6,5.936,0.9893333333333333,0.010666666666666713,5.936,4.725560119841815,4.725560119841815,1.2104398801581846
74,OnlineOnly,online,6,4.725560119841815,0.7875933533069692,0.21240664669303078,5.936,4.725560119841815,4.725560119841815,0.0
74,StaticMixture,static,6,5.02817008988136,0.8380283483135601,0.1619716516864399,5.936,4.725560119841815,4.725560119841815,0.30260997003954504
74,Hedge,hedge,6,5.104007201094314,0.8506678668490523,0.14933213315094773,5.936,4.725560119841815,4.725560119841815,0.3784470812524985
74,ShiftAwareAdaptiveTrust,shift,6,5.258267294858745,0.8763778824764574,0.12362211752354257,5.936,4.725560119841815,4.725560119841815,0.5327071750169292
76,PredictionOnly,prediction,10,8.896,0.8896000000000001,0.11039999999999994,8.896,6.103999999999999,6.103999999999999,2.7920000000000016
76,OnlineOnly,online,10,6.103999999999999,0.6103999999999999,0.38960000000000006,8.896,6.103999999999999,6.103999999999999,0.0
76,StaticMixture,static,10,6.8020000000000005,0.6802,0.3198,8.896,6.103999999999999,6.103999999999999,0.6980000000000013
76,Hedge,hedge,10,6.685272592203997,0.6685272592203997,0.3314727407796003,8.896,6.103999999999999,6.103999999999999,0.5812725922039981
76,ShiftAwareAdaptiveTrust,shift,10,7.318079018503143,0.7318079018503143,0.2681920981496857,8.896,6.103999999999999,6.103999999999999,1.2140790185031438
77,PredictionOnly,prediction,8,7.9719999999999995,0.9964999999999999,0.0035000000000000586,7.9719999999999995,4.864000000000001,4.864000000000001,3.1079999999999988
77,OnlineOnly,online,8,4.864000000000001,0.6080000000000001,0.3919999999999999,7.9719999999999995,4.864000000000001,4.864000000000001,0.0
77,StaticMixture,static,8,5.641,0.705125,0.294875,7.9719999999999995,4.864000000000001,4.864000000000001,0.7769999999999992
77,Hedge,hedge,8,5.320529781433426,0.6650662226791783,0.33493377732082175,7.9719999999999995,4.864000000000001,4.864000000000001,0.45652978143342526
77,ShiftAwareAdaptiveTrust,shift,8,6.150716775455713,0.7688395969319641,0.23116040306803587,7.9719999999999995,4.864000000000001,4.864000000000001,1.2867167754557123
80,PredictionOnly,prediction,13,12.531999999999998,0.9639999999999999,0.03600000000000014,12.531999999999998,8.652,8.652,3.879999999999999
80,OnlineOnly,online,13,8.652,0.6655384615384615,0.3344615384615385,12.531999999999998,8.652,8.652,0.0
80,StaticMixture,static,13,9.622000000000002,0.7401538461538463,0.2598461538461537,12.531999999999998,8.652,8.652,0.9700000000000024
80,Hedge,hedge,13,9.07516439486732,0.6980895688359477,0.30191043116405225,12.531999999999998,8.652,8.652,0.42316439486732094
80,ShiftAwareAdaptiveTrust,shift,13,10.456674827693782,0.8043596021302909,0.1956403978697091,12.531999999999998,8.652,8.652,1.8046748276937823
81,PredictionOnly,prediction,9,8.512301273927832,0.9458112526586481,0.05418874734135193,8.512301273927832,5.787067298072435,5.787067298072435,2.7252339758553976
81,OnlineOnly,online,9,5.787067298072435,0.6430074775636039,0.3569925224363961,8.512301273927832,5.787067298072435,5.787067298072435,0.0
81,StaticMixture,static,9,6.468375792036284,0.7187084213373649,0.2812915786626351,8.512301273927832,5.787067298072435,5.787067298072435,0.681308493963849
81,Hedge,hedge,9,6.274776143000531,0.6971973492222812,0.30280265077771884,8.512301273927832,5.787067298072435,5.787067298072435,0.48770884492809596
81,ShiftAwareAdaptiveTrust,shift,9,6.854578192120676,0.7616197991245195,0.2383802008754805,8.512301273927832,5.787067298072435,5.787067298072435,1.0675108940482412
82,PredictionOnly,prediction,25,24.77990361445783,0.9911961445783132,0.008803855421686824,24.77990361445783,4.034283409789788,4.034283409789788,20.745620204668043
82,OnlineOnly,online,25,4.034283409789788,0.1613713363915915,0.8386286636084085,24.77990361445783,4.034283409789788,4.034283409789788,0.0
82,StaticMixture,static,25,9.220688460956797,0.3688275384382719,0.6311724615617281,24.77990361445783,4.034283409789788,4.034283409789788,5.186405051167009
82,Hedge,hedge,25,4.620063561619686,0.18480254246478744,0.8151974575352126,24.77990361445783,4.034283409789788,4.034283409789788,0.5857801518298977
82,ShiftAwareAdaptiveTrust,shift,25,9.927699765133578,0.39710799060534313,0.6028920093946568,24.77990361445783,4.034283409789788,4.034283409789788,5.89341635534379
83,PredictionOnly,prediction,11,10.876,0.9887272727272727,0.011272727272727323,10.876,4.937464523554916,4.937464523554916,5.938535476445083
83,OnlineOnly,online,11,4.937464523554916,0.4488604112322651,0.5511395887677348,10.876,4.937464523554916,4.937464523554916,0.0
83,StaticMixture,static,11,6.422098392666187,0.583827126606017,0.416172873393983,10.876,4.937464523554916,4.937464523554916,1.4846338691112706
83,Hedge,hedge,11,5.455436612121835,0.4959487829201668,0.5040512170798332,10.876,4.937464523554916,4.937464523554916,0.5179720885669186
83,ShiftAwareAdaptiveTrust,shift,11,6.881749990647814,0.6256136355134376,0.3743863644865624,10.876,4.937464523554916,4.937464523554916,1.9442854670928975
84,PredictionOnly,prediction,14,12.98,0.9271428571428572,0.07285714285714284,12.98,10.995999999999999,10.995999999999999,1.9840000000000018
84,OnlineOnly,online,14,10.995999999999999,0.7854285714285714,0.21457142857142864,12.98,10.995999999999999,10.995999999999999,0.0
84,StaticMixture,static,14,11.491999999999999,0.8208571428571428,0.17914285714285716,12.98,10.995999999999999,10.995999999999999,0.49600000000000044
84,Hedge,hedge,14,11.387602699105937,0.8134001927932812,0.18659980720671876,12.98,10.995999999999999,10.995999999999999,0.39160269910593826
84,ShiftAwareAdaptiveTrust,shift,14,11.975262891568525,0.8553759208263232,0.1446240791736768,12.98,10.995999999999999,10.995999999999999,0.979262891568526
85,PredictionOnly,prediction,16,14.927999999999999,0.9329999999999999,0.06700000000000006,14.927999999999999,6.292,6.292,8.636
85,OnlineOnly,online,16,6.292,0.39325,0.60675,14.927999999999999,6.292,6.292,0.0
85,StaticMixture,static,16,8.451,0.5281875,0.47181249999999997,14.927999999999999,6.292,6.292,2.1590000000000007
85,Hedge,hedge,16,6.810142019743856,0.425633876233991,0.5743661237660089,14.927999999999999,6.292,6.292,0.5181420197438564
85,ShiftAwareAdaptiveTrust,shift,16,8.700963713803434,0.5438102321127146,0.4561897678872854,14.927999999999999,6.292,6.292,2.408963713803434
87,PredictionOnly,prediction,38,34.029496936411064,0.8955130772739753,0.10448692272602467,34.029496936411064,25.559408096830737,25.559408096830737,8.470088839580328
87,OnlineOnly,online,38,25.559408096830737,0.6726160025481773,0.3273839974518227,34.029496936411064,25.559408096830737,25.559408096830737,0.0
87,StaticMixture,static,38,27.67693030672581,0.7283402712296266,0.27165972877037337,34.029496936411064,25.559408096830737,25.559408096830737,2.117522209895075
87,Hedge,hedge,38,25.9779542626178,0.6836303753320474,0.3163696246679526,34.029496936411064,25.559408096830737,25.559408096830737,0.4185461657870633
87,ShiftAwareAdaptiveTrust,shift,38,29.713233933771726,0.7819272087834664,0.21807279121653356,34.029496936411064,25.559408096830737,25.559408096830737,4.153825836940989
88,PredictionOnly,prediction,9,9.0,1.0,0.0,9.0,5.164,5.164,3.8360000000000003
88,OnlineOnly,online,9,5.164,0.5737777777777777,0.4262222222222223,9.0,5.164,5.164,0.0
88,StaticMixture,static,9,6.123,0.6803333333333333,0.31966666666666665,9.0,5.164,5.164,0.9590000000000005
88,Hedge,hedge,9,5.722321369534625,0.6358134855038472,0.3641865144961528,9.0,5.164,5.164,0.5583213695346254
88,ShiftAwareAdaptiveTrust,shift,9,6.732139389660953,0.748015487740106,0.25198451225989404,9.0,5.164,5.164,1.5681393896609537
89,PredictionOnly,prediction,14,13.92734693877551,0.9948104956268222,0.005189504373177778,13.92734693877551,9.111346938775512,9.111346938775512,4.815999999999999
89,OnlineOnly,online,14,9.111346938775512,0.6508104956268222,0.34918950437317775,13.92734693877551,9.111346938775512,9.111346938775512,0.0
89,StaticMixture,static,14,10.31534693877551,0.7368104956268222,0.2631895043731778,13.92734693877551,9.111346938775512,9.111346938775512,1.2039999999999988
89,Hedge,hedge,14,9.564002682519218,0.6831430487513728,0.3168569512486272,13.92734693877551,9.111346938775512,9.111346938775512,0.45265574374370665
89,ShiftAwareAdaptiveTrust,shift,14,11.254749468949578,0.8039106763535413,0.1960893236464587,13.92734693877551,9.111346938775512,9.111346938775512,2.1434025301740665
90,PredictionOnly,prediction,5,5.0,1.0,0.0,5.0,4.130003423530186,4.130003423530186,0.8699965764698137
90,OnlineOnly,online,5,4.130003423530186,0.8260006847060373,0.17399931529396273,5.0,4.130003423530186,4.130003423530186,0.0
90,StaticMixture,static,5,4.3475025676476395,0.869500513529528,0.13049948647047205,5.0,4.130003423530186,4.130003423530186,0.2174991441174532
90,Hedge,hedge,5,4.450119269893303,0.8900238539786607,0.10997614602133932,5.0,4.130003423530186,4.130003423530186,0.32011584636311685
90,ShiftAwareAdaptiveTrust,shift,5,4.510231145002177,0.9020462290004353,0.0979537709995647,5.0,4.130003423530186,4.130003423530186,0.38022772147199024
91,PredictionOnly,prediction,31,24.200000000000006,0.7806451612903228,0.2193548387096772,24.200000000000006,17.732000000000003,17.732000000000003,6.4680000000000035
91,OnlineOnly,online,31,17.732000000000003,0.5720000000000001,0.42799999999999994,24.200000000000006,17.732000000000003,17.732000000000003,0.0
91,StaticMixture,static,31,19.349000000000004,0.6241612903225807,0.3758387096774193,24.200000000000006,17.732000000000003,17.732000000000003,1.6170000000000009
91,Hedge,hedge,31,18.156807311298685,0.5857034616547963,0.41429653834520375,24.200000000000006,17.732000000000003,17.732000000000003,0.4248073112986823
91,ShiftAwareAdaptiveTrust,shift,31,20.97595526977085,0.6766437183797048,0.32335628162029517,24.200000000000006,17.732000000000003,17.732000000000003,3.243955269770847
92,PredictionOnly,prediction,9,8.687999999999999,0.9653333333333332,0.034666666666666845,8.687999999999999,6.139999999999999,6.139999999999999,2.548
92,OnlineOnly,online,9,6.139999999999999,0.6822222222222221,0.31777777777777794,8.687999999999999,6.139999999999999,6.139999999999999,0.0
92,StaticMixture,static,9,6.776999999999999,0.7529999999999999,0.2470000000000001,8.687999999999999,6.139999999999999,6.139999999999999,0.6370000000000005
92,Hedge,hedge,9,6.567005824947692,0.7296673138830769,0.27033268611692307,8.687999999999999,6.139999999999999,6.139999999999999,0.42700582494769357
92,ShiftAwareAdaptiveTrust,shift,9,7.432811828702553,0.8258679809669504,0.17413201903304965,8.687999999999999,6.139999999999999,6.139999999999999,1.292811828702554
93,PredictionOnly,prediction,35,34.18471146291214,0.9767060417974898,0.023293958202510234,34.18471146291214,16.989018569340708,16.989018569340708,17.195692893571433
93,OnlineOnly,online,35,16.989018569340708,0.48540053055259164,0.5145994694474083,34.18471146291214,16.989018569340708,16.989018569340708,0.0
93,StaticMixture,static,35,21.28794179273357,0.6082269083638163,0.3917730916361837,34.18471146291214,16.989018569340708,16.989018569340708,4.298923223392862
93,Hedge,hedge,35,17.460255843183162,0.49886445266237606,0.501135547337624,34.18471146291214,16.989018569340708,16.989018569340708,0.47123727384245484
93,ShiftAwareAdaptiveTrust,shift,35,22.998117290826656,0.6570890654521901,0.34291093454780985,34.18471146291214,16.989018569340708,16.989018569340708,6.009098721485948
94,PredictionOnly,prediction,11,10.46,0.950909090909091,0.04909090909090896,10.46,8.703999999999999,8.703999999999999,1.756000000000002
94,OnlineOnly,online,11,8.703999999999999,0.7912727272727271,0.20872727272727287,10.46,8.703999999999999,8.703999999999999,0.0
94,StaticMixture,static,11,9.143,0.8311818181818182,0.16881818181818176,10.46,8.703999999999999,8.703999999999999,0.43900000000000183
94,Hedge,hedge,11,9.08346955383983,0.8257699594399845,0.17423004056001545,10.46,8.703999999999999,8.703999999999999,0.37946955383983116
94,ShiftAwareAdaptiveTrust,shift,11,9.64640206935165,0.8769456426683319,0.12305435733166814,10.46,8.703999999999999,8.703999999999999,0.942402069351651
95,PredictionOnly,prediction,55,54.36395180722892,0.9884354874041622,0.011564512595837795,54.36395180722892,51.53109536450887,51.53109536450887,2.8328564427200504
95,OnlineOnly,online,55,51.53109536450887,0.9369290066274341,0.06307099337256594,54.36395180722892,51.53109536450887,51.53109536450887,0.0
95,StaticMixture,static,55,52.23930947518889,0.9498056268216162,0.05019437317838382,54.36395180722892,51.53109536450887,51.53109536450887,0.7082141106800179
95,Hedge,hedge,55,51.913763705164804,0.9438866128211783,0.05611338717882175,54.36395180722892,51.53109536450887,51.53109536450887,0.3826683406559326
95,ShiftAwareAdaptiveTrust,shift,55,53.15005726793885,0.9663646775988881,0.03363532240111189,54.36395180722892,51.53109536450887,51.53109536450887,1.6189619034299767
97,PredictionOnly,prediction,4,3.964,0.991,0.009000000000000008,3.964,1.3920000000000003,1.3920000000000003,2.5719999999999996
97,OnlineOnly,online,4,1.3920000000000003,0.3480000000000001,0.6519999999999999,3.964,1.3920000000000003,1.3920000000000003,0.0
97,StaticMixture,static,4,2.035,0.50875,0.49124999999999996,3.964,1.3920000000000003,1.3920000000000003,0.6429999999999998
97,Hedge,hedge,4,1.9782516395935328,0.4945629098983832,0.5054370901016167,3.964,1.3920000000000003,1.3920000000000003,0.5862516395935324
97,ShiftAwareAdaptiveTrust,shift,4,3.0508127753582546,0.7627031938395636,0.23729680616043636,3.964,1.3920000000000003,1.3920000000000003,1.6588127753582542
98,PredictionOnly,prediction,7,6.1240000000000006,0.8748571428571429,0.1251428571428571,6.1240000000000006,3.732,3.732,2.3920000000000003
98,OnlineOnly,online,7,3.732,0.5331428571428571,0.46685714285714286,6.1240000000000006,3.732,3.732,0.0
98,StaticMixture,static,7,4.33,0.6185714285714285,0.38142857142857145,6.1240000000000006,3.732,3.732,0.5979999999999999
98,Hedge,hedge,7,4.213055172805849,0.6018650246865499,0.3981349753134501,6.1240000000000006,3.732,3.732,0.4810551728058492
98,ShiftAwareAdaptiveTrust,shift,7,4.882419961249026,0.697488565892718,0.302511434107282,6.1240000000000006,3.732,3.732,1.1504199612490256
100,PredictionOnly,prediction,5,4.768,0.9536,0.0464,4.768,4.664,4.664,0.10400000000000009
100,OnlineOnly,online,5,4.664,0.9328,0.06720000000000004,4.768,4.664,4.664,0.0
100,StaticMixture,static,5,4.69,0.9380000000000001,0.061999999999999944,4.768,4.664,4.664,0.02600000000000069
100,Hedge,hedge,5,4.715607421321366,0.9431214842642731,0.05687851573572689,4.768,4.664,4.664,0.051607421321365976
100,ShiftAwareAdaptiveTrust,shift,5,4.701956267951029,0.9403912535902059,0.05960874640979408,4.768,4.664,4.664,0.03795626795102969
101,PredictionOnly,prediction,14,13.464085048803627,0.9617203606288305,0.038279639371169516,13.464085048803627,8.275266183205005,8.275266183205005,5.188818865598622
101,OnlineOnly,online,14,8.275266183205005,0.5910904416575004,0.40890955834249965,13.464085048803627,8.275266183205005,8.275266183205005,0.0
101,StaticMixture,static,14,9.572470899604658,0.6837479214003327,0.3162520785996673,13.464085048803627,8.275266183205005,8.275266183205005,1.2972047163996532
101,Hedge,hedge,14,8.772264927563402,0.6265903519688144,0.3734096480311856,13.464085048803627,8.275266183205005,8.275266183205005,0.49699874435839675
101,ShiftAwareAdaptiveTrust,shift,14,10.829446896510236,0.7735319211793026,0.22646807882069742,13.464085048803627,8.275266183205005,8.275266183205005,2.5541807133052306
102,PredictionOnly,prediction,9,8.848,0.9831111111111112,0.016888888888888842,8.848,6.367116465863453,6.367116465863453,2.480883534136548
102,OnlineOnly,online,9,6.367116465863453,0.7074573850959393,0.29254261490406075,8.848,6.367116465863453,6.367116465863453,0.0
102,StaticMixture,static,9,6.98733734939759,0.7763708165997323,0.22362918340026772,8.848,6.367116465863453,6.367116465863453,0.6202208835341372
102,Hedge,hedge,9,6.850914203306399,0.7612126892562665,0.2387873107437335,8.848,6.367116465863453,6.367116465863453,0.48379773744294585
102,ShiftAwareAdaptiveTrust,shift,9,7.235136026809784,0.8039040029788649,0.19609599702113512,8.848,6.367116465863453,6.367116465863453,0.8680195609463315
103,PredictionOnly,prediction,11,9.588,0.8716363636363635,0.12836363636363646,9.588,4.420000000000001,4.420000000000001,5.167999999999998
103,OnlineOnly,online,11,4.420000000000001,0.4018181818181819,0.5981818181818181,9.588,4.420000000000001,4.420000000000001,0.0
103,StaticMixture,static,11,5.7120000000000015,0.5192727272727274,0.48072727272727256,9.588,4.420000000000001,4.420000000000001,1.2920000000000007
103,Hedge,hedge,11,4.952900778644291,0.450263707149481,0.549736292850519,9.588,4.420000000000001,4.420000000000001,0.5329007786442901
103,ShiftAwareAdaptiveTrust,shift,11,6.365699399841379,0.5786999454401254,0.4213000545598746,9.588,4.420000000000001,4.420000000000001,1.945699399841378
105,PredictionOnly,prediction,19,18.964,0.9981052631578947,0.0018947368421052824,18.964,11.993794462084121,11.993794462084121,6.970205537915877
105,OnlineOnly,online,19,11.993794462084121,0.6312523401096906,0.36874765989030944,18.964,11.993794462084121,11.993794462084121,0.0
105,StaticMixture,static,19,13.736345846563088,0.7229655708717415,0.2770344291282585,18.964,11.993794462084121,11.993794462084121,1.7425513844789666
105,Hedge,hedge,19,12.500211290204014,0.6579058573791586,0.34209414262084137,18.964,11.993794462084121,11.993794462084121,0.5064168281198924
105,ShiftAwareAdaptiveTrust,shift,19,13.630897029029168,0.7174156331067983,0.28258436689320166,18.964,11.993794462084121,11.993794462084121,1.637102566945046
106,PredictionOnly,prediction,19,18.040000000000003,0.9494736842105265,0.05052631578947353,18.040000000000003,13.784000000000002,13.784000000000002,4.256
106,OnlineOnly,online,19,13.784000000000002,0.7254736842105265,0.2745263157894735,18.040000000000003,13.784000000000002,13.784000000000002,0.0
106,StaticMixture,static,19,14.847999999999999,0.7814736842105262,0.2185263157894738,18.040000000000003,13.784000000000002,13.784000000000002,1.0639999999999965
106,Hedge,hedge,19,14.305016185916326,0.7528955887324382,0.24710441126756177,18.040000000000003,13.784000000000002,13.784000000000002,0.5210161859163236
106,ShiftAwareAdaptiveTrust,shift,19,15.281988686789761,0.8043151940415664,0.19568480595843363,18.040000000000003,13.784000000000002,13.784000000000002,1.4979886867897587
107,PredictionOnly,prediction,8,7.648,0.956,0.04400000000000004,7.648,5.064,5.064,2.5839999999999996
107,OnlineOnly,online,8,5.064,0.633,0.367,7.648,5.064,5.064,0.0
107,StaticMixture,static,8,5.710000000000001,0.7137500000000001,0.2862499999999999,7.648,5.064,5.064,0.6460000000000008
107,Hedge,hedge,8,5.532808991598988,0.6916011239498735,0.3083988760501265,7.648,5.064,5.064,0.4688089915989879
107,ShiftAwareAdaptiveTrust,shift,8,6.2512266941558545,0.7814033367694818,0.21859666323051818,7.648,5.064,5.064,1.1872266941558545
108,PredictionOnly,prediction,8,7.454974358974358,0.9318717948717947,0.06812820512820528,7.454974358974358,5.626666666666667,5.626666666666667,1.8283076923076909
108,OnlineOnly,online,8,5.626666666666667,0.7033333333333334,0.29666666666666663,7.454974358974358,5.626666666666667,5.626666666666667,0.0
108,StaticMixture,static,8,6.083743589743589,0.7604679487179486,0.23953205128205135,7.454974358974358,5.626666666666667,5.626666666666667,0.45707692307692227
108,Hedge,hedge,8,6.040437818069238,0.7550547272586547,0.24494527274134525,7.454974358974358,5.626666666666667,5.626666666666667,0.41377115140257104
108,ShiftAwareAdaptiveTrust,shift,8,6.4101006414616,0.8012625801827,0.19873741981729998,7.454974358974358,5.626666666666667,5.626666666666667,0.7834339747949333
109,PredictionOnly,prediction,4,3.9731422213817313,0.9932855553454328,0.006714444654567164,3.9731422213817313,2.7477559552873108,2.7477559552873108,1.2253862660944206
109,OnlineOnly,online,4,2.7477559552873108,0.6869389888218277,0.3130610111781723,3.9731422213817313,2.7477559552873108,2.7477559552873108,0.0
109,StaticMixture,static,4,3.0541025218109157,0.7635256304527289,0.23647436954727108,3.9731422213817313,2.7477559552873108,2.7477559552873108,0.3063465665236049
109,Hedge,hedge,4,3.153630524920667,0.7884076312301668,0.21159236876983323,3.9731422213817313,2.7477559552873108,2.7477559552873108,0.40587456963335633
109,ShiftAwareAdaptiveTrust,shift,4,3.288306245080058,0.8220765612700145,0.1779234387299855,3.9731422213817313,2.7477559552873108,2.7477559552873108,0.5405502897927472
110,PredictionOnly,prediction,30,29.856127615964652,0.9952042538654884,0.004795746134511614,29.856127615964652,22.82774532957331,22.82774532957331,7.028382286391341
110,OnlineOnly,online,30,22.82774532957331,0.7609248443191103,0.23907515568088966,29.856127615964652,22.82774532957331,22.82774532957331,0.0
110,StaticMixture,static,30,24.58484090117115,0.8194946967057051,0.18050530329429493,29.856127615964652,22.82774532957331,22.82774532957331,1.7570955715978407
110,Hedge,hedge,30,23.22621718828023,0.774207239609341,0.225792760390659,29.856127615964652,22.82774532957331,22.82774532957331,0.3984718587069196
110,ShiftAwareAdaptiveTrust,shift,30,25.4497961114309,0.8483265370476967,0.15167346295230333,29.856127615964652,22.82774532957331,22.82774532957331,2.622050781857588
111,PredictionOnly,prediction,17,16.380000000000003,0.9635294117647061,0.03647058823529392,16.380000000000003,9.528000000000002,9.528000000000002,6.852
111,OnlineOnly,online,17,9.528000000000002,0.5604705882352943,0.4395294117647057,16.380000000000003,9.528000000000002,9.528000000000002,0.0
111,StaticMixture,static,17,11.241000000000003,0.6612352941176473,0.33876470588235275,16.380000000000003,9.528000000000002,9.528000000000002,1.713000000000001
111,Hedge,hedge,17,10.00800144545564,0.5887059673797436,0.41129403262025643,16.380000000000003,9.528000000000002,9.528000000000002,0.4800014454556383
111,ShiftAwareAdaptiveTrust,shift,17,12.729495809777754,0.7487938711633974,0.25120612883660265,16.380000000000003,9.528000000000002,9.528000000000002,3.201495809777752
112,PredictionOnly,prediction,5,4.864,0.9728,0.027200000000000002,4.864,4.172,4.172,0.6920000000000002
112,OnlineOnly,online,5,4.172,0.8343999999999999,0.16560000000000008,4.864,4.172,4.172,0.0
112,StaticMixture,static,5,4.345,0.869,0.131,4.864,4.172,4.172,0.17300000000000004
112,Hedge,hedge,5,4.437685966819877,0.8875371933639753,0.1124628066360247,4.864,4.172,4.172,0.265685966819877
112,ShiftAwareAdaptiveTrust,shift,5,4.4705312109627195,0.8941062421925439,0.10589375780745613,4.864,4.172,4.172,0.29853121096271984
114,PredictionOnly,prediction,11,10.643903614457832,0.9676276013143483,0.03237239868565167,10.643903614457832,8.372024969651605,8.372024969651605,2.271878644806227
114,OnlineOnly,online,11,8.372024969651605,0.7610931790592368,0.2389068209407632,10.643903614457832,8.372024969651605,8.372024969651605,0.0
114,StaticMixture,static,11,8.939994630853162,0.8127267846230147,0.18727321537698527,10.643903614457832,8.372024969651605,8.372024969651605,0.5679696612015572
114,Hedge,hedge,11,8.778579711286246,0.7980527010260224,0.20194729897397756,10.643903614457832,8.372024969651605,8.372024969651605,0.40655474163464156
114,ShiftAwareAdaptiveTrust,shift,11,9.251663155976384,0.841060286906944,0.158939713093056,10.643903614457832,8.372024969651605,8.372024969651605,0.8796381863247795
115,PredictionOnly,prediction,14,13.767327433628317,0.9833805309734512,0.01661946902654876,13.767327433628317,8.71914859437751,8.71914859437751,5.048178839250808
115,OnlineOnly,online,14,8.71914859437751,0.6227963281698221,0.3772036718301779,13.767327433628317,8.71914859437751,8.71914859437751,0.0
115,StaticMixture,static,14,9.981193304190212,0.7129423788707294,0.2870576211292706,13.767327433628317,8.71914859437751,8.71914859437751,1.2620447098127023
115,Hedge,hedge,14,9.158481928273137,0.6541772805909384,0.3458227194090616,13.767327433628317,8.71914859437751,8.71914859437751,0.4393333338956271
115,ShiftAwareAdaptiveTrust,shift,14,10.873058647174819,0.7766470462267728,0.22335295377322717,13.767327433628317,8.71914859437751,8.71914859437751,2.1539100527973094
117,PredictionOnly,prediction,7,6.731999999999999,0.9617142857142856,0.03828571428571437,6.731999999999999,4.576,4.576,2.1559999999999997
117,OnlineOnly,online,7,4.576,0.6537142857142857,0.3462857142857143,6.731999999999999,4.576,4.576,0.0
117,StaticMixture,static,7,5.115,0.7307142857142858,0.26928571428571424,6.731999999999999,4.576,4.576,0.5390000000000006
117,Hedge,hedge,7,5.047039713219323,0.7210056733170462,0.27899432668295376,6.731999999999999,4.576,4.576,0.4710397132193238
117,ShiftAwareAdaptiveTrust,shift,7,5.46652465435917,0.7809320934798815,0.21906790652011854,6.731999999999999,4.576,4.576,0.8905246543591705
118,PredictionOnly,prediction,17,16.584,0.9755294117647059,0.024470588235294133,16.584,15.216000000000001,15.216000000000001,1.3679999999999986
118,OnlineOnly,online,17,15.216000000000001,0.8950588235294118,0.1049411764705882,16.584,15.216000000000001,15.216000000000001,0.0
118,StaticMixture,static,17,15.557999999999998,0.9151764705882351,0.08482352941176485,16.584,15.216000000000001,15.216000000000001,0.341999999999997
118,Hedge,hedge,17,15.568714668543358,0.9158067452084327,0.08419325479156725,16.584,15.216000000000001,15.216000000000001,0.3527146685433564
118,ShiftAwareAdaptiveTrust,shift,17,15.916943858458307,0.9362908152034298,0.06370918479657017,16.584,15.216000000000001,15.216000000000001,0.7009438584583059
119,PredictionOnly,prediction,22,19.437816113711285,0.8835370960777857,0.11646290392221426,19.437816113711285,12.403223050617814,12.403223050617814,7.034593063093471
119,OnlineOnly,online,22,12.403223050617814,0.5637828659371734,0.4362171340628266,19.437816113711285,12.403223050617814,12.403223050617814,0.0
119,StaticMixture,static,22,14.161871316391183,0.6437214234723265,0.3562785765276735,19.437816113711285,12.403223050617814,12.403223050617814,1.7586482657733686
119,Hedge,hedge,22,12.828756325144038,0.5831252875065472,0.41687471249345276,19.437816113711285,12.403223050617814,12.403223050617814,0.4255332745262237
119,ShiftAwareAdaptiveTrust,shift,22,14.804356686531486,0.6729253039332493,0.32707469606675066,19.437816113711285,12.403223050617814,12.403223050617814,2.4011336359136717
120,PredictionOnly,prediction,12,7.440000000000001,0.6200000000000001,0.3799999999999999,7.440000000000001,4.363999999999999,4.363999999999999,3.0760000000000023
120,OnlineOnly,online,12,4.363999999999999,0.3636666666666666,0.6363333333333334,7.440000000000001,4.363999999999999,4.363999999999999,0.0
120,StaticMixture,static,12,5.132999999999999,0.4277499999999999,0.5722500000000001,7.440000000000001,4.363999999999999,4.363999999999999,0.7690000000000001
120,Hedge,hedge,12,4.810605124120718,0.4008837603433932,0.5991162396566068,7.440000000000001,4.363999999999999,4.363999999999999,0.44660512412071895
120,ShiftAwareAdaptiveTrust,shift,12,5.991936604234529,0.4993280503528774,0.5006719496471226,7.440000000000001,4.363999999999999,4.363999999999999,1.62793660423453
121,PredictionOnly,prediction,5,4.359871485943775,0.871974297188755,0.12802570281124503,4.359871485943775,3.8637751004016065,3.8637751004016065,0.4960963855421685
121,OnlineOnly,online,5,3.8637751004016065,0.7727550200803213,0.22724497991967874,4.359871485943775,3.8637751004016065,3.8637751004016065,0.0
121,StaticMixture,static,5,3.9877991967871482,0.7975598393574297,0.2024401606425703,4.359871485943775,3.8637751004016065,3.8637751004016065,0.12402409638554168
121,Hedge,hedge,5,4.077402402147586,0.8154804804295172,0.18451951957048285,4.359871485943775,3.8637751004016065,3.8637751004016065,0.2136273017459791
121,ShiftAwareAdaptiveTrust,shift,5,4.149544296229352,0.8299088592458703,0.17009114075412968,4.359871485943775,3.8637751004016065,3.8637751004016065,0.2857691958277453
122,PredictionOnly,prediction,15,13.891513259489182,0.9261008839659455,0.07389911603405452,13.891513259489182,6.953096912567583,6.953096912567583,6.938416346921599
122,OnlineOnly,online,15,6.953096912567583,0.4635397941711722,0.5364602058288278,13.891513259489182,6.953096912567583,6.953096912567583,0.0
122,StaticMixture,static,15,8.687700999297983,0.5791800666198655,0.42081993338013446,13.891513259489182,6.953096912567583,6.953096912567583,1.7346040867303998
122,Hedge,hedge,15,7.5156828685997965,0.5010455245733197,0.49895447542668026,13.891513259489182,6.953096912567583,6.953096912567583,0.5625859560322137
122,ShiftAwareAdaptiveTrust,shift,15,8.845434007900947,0.5896956005267298,0.41030439947327024,13.891513259489182,6.953096912567583,6.953096912567583,1.8923370953333638
123,PredictionOnly,prediction,14,13.195504012789183,0.9425360009135131,0.05746399908648692,13.195504012789183,5.000753867288783,5.000753867288783,8.1947501455004
123,OnlineOnly,online,14,5.000753867288783,0.35719670480634164,0.6428032951936584,13.195504012789183,5.000753867288783,5.000753867288783,0.0
123,StaticMixture,static,14,7.0494414036638835,0.5035315288331346,0.49646847116686543,13.195504012789183,5.000753867288783,5.000753867288783,2.048687536375101
123,Hedge,hedge,14,5.542450509637885,0.3958893221169918,0.6041106778830082,13.195504012789183,5.000753867288783,5.000753867288783,0.5416966423491028
123,ShiftAwareAdaptiveTrust,shift,14,7.460574999984045,0.5328982142845746,0.4671017857154254,13.195504012789183,5.000753867288783,5.000753867288783,2.4598211326952626
125,PredictionOnly,prediction,7,6.36,0.9085714285714286,0.09142857142857141,6.36,4.9479999999999995,4.9479999999999995,1.4120000000000008
125,OnlineOnly,online,7,4.9479999999999995,0.7068571428571427,0.29314285714285726,6.36,4.9479999999999995,4.9479999999999995,0.0
125,StaticMixture,static,7,5.301,0.7572857142857143,0.24271428571428566,6.36,4.9479999999999995,4.9479999999999995,0.35300000000000065
125,Hedge,hedge,7,5.326388163252271,0.7609125947503245,0.23908740524967553,6.36,4.9479999999999995,4.9479999999999995,0.3783881632522714
125,ShiftAwareAdaptiveTrust,shift,7,5.571198565117664,0.7958855093025233,0.20411449069747667,6.36,4.9479999999999995,4.9479999999999995,0.6231985651176641
126,PredictionOnly,prediction,3,2.996,0.9986666666666667,0.0013333333333332975,2.996,1.456,1.456,1.54
126,OnlineOnly,online,3,1.456,0.48533333333333334,0.5146666666666666,2.996,1.456,1.456,0.0
126,StaticMixture,static,3,1.841,0.6136666666666667,0.3863333333333333,2.996,1.456,1.456,0.385
126,Hedge,hedge,3,2.0203695778919437,0.6734565259639812,0.3265434740360188,2.996,1.456,1.456,0.5643695778919438
126,ShiftAwareAdaptiveTrust,shift,3,2.17776717468577,0.7259223915619234,0.2740776084380766,2.996,1.456,1.456,0.7217671746857701
127,PredictionOnly,prediction,29,27.183999999999997,0.9373793103448275,0.06262068965517253,27.183999999999997,12.335999999999999,12.335999999999999,14.847999999999999
127,OnlineOnly,online,29,12.335999999999999,0.4253793103448275,0.5746206896551724,27.183999999999997,12.335999999999999,12.335999999999999,0.0
127,StaticMixture,static,29,16.048,0.5533793103448276,0.44662068965517243,27.183999999999997,12.335999999999999,12.335999999999999,3.7119999999999997
127,Hedge,hedge,29,12.822085881085451,0.44214089245122246,0.5578591075487775,27.183999999999997,12.335999999999999,12.335999999999999,0.4860858810854527
127,ShiftAwareAdaptiveTrust,shift,29,18.254348398851246,0.6294602896155602,0.3705397103844398,27.183999999999997,12.335999999999999,12.335999999999999,5.918348398851247
128,PredictionOnly,prediction,4,4.0,1.0,0.0,4.0,3.2968176647708263,3.2968176647708263,0.7031823352291737
128,OnlineOnly,online,4,3.2968176647708263,0.8242044161927066,0.17579558380729343,4.0,3.2968176647708263,3.2968176647708263,0.0
128,StaticMixture,static,4,3.4726132485781203,0.8681533121445301,0.13184668785546994,4.0,3.2968176647708263,3.2968176647708263,0.175795583807294
128,Hedge,hedge,4,3.5718805523044885,0.8929701380761221,0.10702986192387787,4.0,3.2968176647708263,3.2968176647708263,0.27506288753366226
128,ShiftAwareAdaptiveTrust,shift,4,3.5645142162644614,0.8911285540661154,0.10887144593388465,4.0,3.2968176647708263,3.2968176647708263,0.26769655149363514
129,PredictionOnly,prediction,28,25.155122502956164,0.8983972322484345,0.10160276775156551,25.155122502956164,20.66795348275221,20.66795348275221,4.487169020203954
129,OnlineOnly,online,28,20.66795348275221,0.738141195812579,0.261858804187421,25.155122502956164,20.66795348275221,20.66795348275221,0.0
129,StaticMixture,static,28,21.789745737803194,0.7782052049215427,0.22179479507845734,25.155122502956164,20.66795348275221,20.66795348275221,1.121792255050984
129,Hedge,hedge,28,21.070371557115063,0.7525132698969665,0.24748673010303346,25.155122502956164,20.66795348275221,20.66795348275221,0.4024180743628527
129,ShiftAwareAdaptiveTrust,shift,28,23.02228719752722,0.8222245427688293,0.17777545723117072,25.155122502956164,20.66795348275221,20.66795348275221,2.3543337147750094
130,PredictionOnly,prediction,27,26.987545117177568,0.9995387080436137,0.0004612919563863338,26.987545117177568,16.593888392113957,16.593888392113957,10.393656725063611
130,OnlineOnly,online,27,16.593888392113957,0.6145884589671836,0.3854115410328164,26.987545117177568,16.593888392113957,16.593888392113957,0.0
130,StaticMixture,static,27,19.192302573379855,0.7108260212362909,0.2891739787637091,26.987545117177568,16.593888392113957,16.593888392113957,2.5984141812658983
130,Hedge,hedge,27,17.0509632908674,0.6315171589210148,0.3684828410789852,26.987545117177568,16.593888392113957,16.593888392113957,0.45707489875344365
130,ShiftAwareAdaptiveTrust,shift,27,19.200063304954885,0.7111134557390698,0.2888865442609302,26.987545117177568,16.593888392113957,16.593888392113957,2.6061749128409275
131,PredictionOnly,prediction,9,8.596,0.9551111111111111,0.04488888888888887,8.596,7.364,7.364,1.2320000000000002
131,OnlineOnly,online,9,7.364,0.8182222222222222,0.18177777777777782,8.596,7.364,7.364,0.0
131,StaticMixture,static,9,7.671999999999999,0.8524444444444443,0.14755555555555566,8.596,7.364,7.364,0.30799999999999894
131,Hedge,hedge,9,7.708263376698418,0.8564737085220464,0.1435262914779536,8.596,7.364,7.364,0.344263376698418
131,ShiftAwareAdaptiveTrust,shift,9,7.997226614087742,0.888580734898638,0.11141926510136202,8.596,7.364,7.364,0.6332266140877421
132,PredictionOnly,prediction,32,27.319070539419087,0.8537209543568465,0.14627904564315353,27.319070539419087,21.955004149377597,21.955004149377597,5.36406639004149
132,OnlineOnly,online,32,21.955004149377597,0.6860938796680499,0.3139061203319501,27.319070539419087,21.955004149377597,21.955004149377597,0.0
132,StaticMixture,static,32,23.29602074688797,0.728000648340249,0.271999351659751,27.319070539419087,21.955004149377597,21.955004149377597,1.3410165975103716
132,Hedge,hedge,32,22.38239184097565,0.6994497450304891,0.30055025496951093,27.319070539419087,21.955004149377597,21.955004149377597,0.427387691598053
132,ShiftAwareAdaptiveTrust,shift,32,24.64521217851447,0.7701628805785772,0.22983711942142282,27.319070539419087,21.955004149377597,21.955004149377597,2.6902080291368726
133,PredictionOnly,prediction,30,29.367351351351346,0.9789117117117115,0.02108828828828846,29.367351351351346,25.095675675675682,25.095675675675682,4.271675675675663
133,OnlineOnly,online,30,25.095675675675682,0.8365225225225228,0.1634774774774772,29.367351351351346,25.095675675675682,25.095675675675682,0.0
133,StaticMixture,static,30,26.16359459459459,0.8721198198198196,0.12788018018018044,29.367351351351346,25.095675675675682,25.095675675675682,1.067918918918906
133,Hedge,hedge,30,25.483321048285617,0.8494440349428539,0.15055596505714608,29.367351351351346,25.095675675675682,25.095675675675682,0.3876453726099349
133,ShiftAwareAdaptiveTrust,shift,30,27.434874694128055,0.9144958231376018,0.0855041768623982,29.367351351351346,25.095675675675682,25.095675675675682,2.3391990184523728
135,PredictionOnly,prediction,37,29.888321371842945,0.8077924695092688,0.19220753049073125,29.888321371842945,14.773911645083512,14.773911645083512,15.114409726759433
135,OnlineOnly,online,37,14.773911645083512,0.3992949093265814,0.6007050906734186,29.888321371842945,14.773911645083512,14.773911645083512,0.0
135,StaticMixture,static,37,18.552514076773374,0.5014192993722534,0.4985807006277466,29.888321371842945,14.773911645083512,14.773911645083512,3.778602431689862
135,Hedge,hedge,37,15.257995350011969,0.4123782527030262,0.5876217472969738,29.888321371842945,14.773911645083512,14.773911645083512,0.484083704928457
135,ShiftAwareAdaptiveTrust,shift,37,21.476496182450973,0.5804458427689452,0.4195541572310548,29.888321371842945,14.773911645083512,14.773911645083512,6.702584537367461
136,PredictionOnly,prediction,11,11.0,1.0,0.0,11.0,1.6400000000000001,1.6400000000000001,9.36
136,OnlineOnly,online,11,1.6400000000000001,0.1490909090909091,0.8509090909090908,11.0,1.6400000000000001,1.6400000000000001,0.0
136,StaticMixture,static,11,3.98,0.3618181818181818,0.6381818181818182,11.0,1.6400000000000001,1.6400000000000001,2.34
136,Hedge,hedge,11,2.2670202585898425,0.20609275078089476,0.7939072492191053,11.0,1.6400000000000001,1.6400000000000001,0.6270202585898423
136,ShiftAwareAdaptiveTrust,shift,11,5.132107326995764,0.46655521154506946,0.5334447884549305,11.0,1.6400000000000001,1.6400000000000001,3.492107326995764
137,PredictionOnly,prediction,5,3.6239999999999997,0.7247999999999999,0.2752000000000001,3.6239999999999997,2.8000000000000003,2.8000000000000003,0.8239999999999994
137,OnlineOnly,online,5,2.8000000000000003,0.56,0.43999999999999995,3.6239999999999997,2.8000000000000003,2.8000000000000003,0.0
137,StaticMixture,static,5,3.0060000000000002,0.6012000000000001,0.39879999999999993,3.6239999999999997,2.8000000000000003,2.8000000000000003,0.20599999999999996
137,Hedge,hedge,5,3.2656316747610257,0.6531263349522052,0.3468736650477948,3.6239999999999997,2.8000000000000003,2.8000000000000003,0.4656316747610254
137,ShiftAwareAdaptiveTrust,shift,5,3.2414750918455333,0.6482950183691066,0.35170498163089337,3.6239999999999997,2.8000000000000003,2.8000000000000003,0.441475091845533
139,PredictionOnly,prediction,58,58.0,1.0,0.0,58.0,11.390486925000719,11.390486925000719,46.609513074999285
139,OnlineOnly,online,58,11.390486925000719,0.19638770560346067,0.8036122943965394,58.0,11.390486925000719,11.390486925000719,0.0
139,StaticMixture,static,58,23.042865193750544,0.3972907792025956,0.6027092207974044,58.0,11.390486925000719,11.390486925000719,11.652378268749825
139,Hedge,hedge,58,11.919200289710055,0.20550345327086303,0.7944965467291369,58.0,11.390486925000719,11.390486925000719,0.5287133647093363
139,ShiftAwareAdaptiveTrust,shift,58,23.772609830025456,0.40987258327630094,0.5901274167236991,58.0,11.390486925000719,11.390486925000719,12.382122905024737
140,PredictionOnly,prediction,29,27.72945009621492,0.9561879343522386,0.04381206564776141,27.72945009621492,18.861257201899654,18.861257201899654,8.868192894315264
140,OnlineOnly,online,29,18.861257201899654,0.6503881793758501,0.34961182062414986,27.72945009621492,18.861257201899654,18.861257201899654,0.0
140,StaticMixture,static,29,21.07830542547847,0.7268381181199473,0.27316188188005275,27.72945009621492,18.861257201899654,18.861257201899654,2.2170482235788143
140,Hedge,hedge,29,19.41948035212752,0.6696372535216386,0.3303627464783614,27.72945009621492,18.861257201899654,18.861257201899654,0.5582231502278638
140,ShiftAwareAdaptiveTrust,shift,29,22.15034483542011,0.7638049943248314,0.2361950056751686,27.72945009621492,18.861257201899654,18.861257201899654,3.289087633520456
142,PredictionOnly,prediction,5,4.896,0.9792,0.02080000000000004,4.896,1.1800000000000002,1.1800000000000002,3.7159999999999997
142,OnlineOnly,online,5,1.1800000000000002,0.23600000000000004,0.764,4.896,1.1800000000000002,1.1800000000000002,0.0
142,StaticMixture,static,5,2.109,0.4218,0.5782,4.896,1.1800000000000002,1.1800000000000002,0.9289999999999998
142,Hedge,hedge,5,1.8065810650196628,0.3613162130039326,0.6386837869960674,4.896,1.1800000000000002,1.1800000000000002,0.6265810650196626
142,ShiftAwareAdaptiveTrust,shift,5,2.9566303072441915,0.5913260614488383,0.40867393855116174,4.896,1.1800000000000002,1.1800000000000002,1.7766303072441914
145,PredictionOnly,prediction,58,56.31479500950178,0.9709447415431341,0.02905525845686585,56.31479500950178,20.33136978489973,20.33136978489973,35.983425224602044
145,OnlineOnly,online,58,20.33136978489973,0.3505408583603402,0.6494591416396598,56.31479500950178,20.33136978489973,20.33136978489973,0.0
145,StaticMixture,static,58,29.327226091050242,0.5056418291560386,0.4943581708439614,56.31479500950178,20.33136978489973,20.33136978489973,8.995856306150511
145,Hedge,hedge,58,20.93286323543024,0.36091143509362483,0.6390885649063751,56.31479500950178,20.33136978489973,20.33136978489973,0.6014934505305085
145,ShiftAwareAdaptiveTrust,shift,58,27.09802460808092,0.46720732082898137,0.5327926791710187,56.31479500950178,20.33136978489973,20.33136978489973,6.766654823181188
146,PredictionOnly,prediction,5,4.816,0.9632,0.036800000000000055,4.816,4.088,4.088,0.7279999999999998
146,OnlineOnly,online,5,4.088,0.8176,0.1824,4.816,4.088,4.088,0.0
146,StaticMixture,static,5,4.27,0.8539999999999999,0.14600000000000013,4.816,4.088,4.088,0.1819999999999995
146,Hedge,hedge,5,4.36529771559942,0.873059543119884,0.12694045688011601,4.816,4.088,4.088,0.2772977155994196
146,ShiftAwareAdaptiveTrust,shift,5,4.436523247680468,0.8873046495360937,0.11269535046390633,4.816,4.088,4.088,0.3485232476804683
147,PredictionOnly,prediction,54,49.28321021120249,0.9126520409481942,0.08734795905180581,49.28321021120249,40.61501400716779,40.61501400716779,8.6681962040347
147,OnlineOnly,online,54,40.61501400716779,0.7521298890216257,0.2478701109783743,49.28321021120249,40.61501400716779,40.61501400716779,0.0
147,StaticMixture,static,54,42.78206305817646,0.7922604270032678,0.20773957299673218,49.28321021120249,40.61501400716779,40.61501400716779,2.167049051008675
147,Hedge,hedge,54,41.16280120775288,0.7622740964398681,0.2377259035601319,49.28321021120249,40.61501400716779,40.61501400716779,0.5477872005850912
147,ShiftAwareAdaptiveTrust,shift,54,43.82198103859381,0.8115181673813668,0.18848183261863316,49.28321021120249,40.61501400716779,40.61501400716779,3.206967031426025
149,PredictionOnly,prediction,9,8.16168870875206,0.906854300972451,0.09314569902754899,8.16168870875206,3.0291885329335777,3.0291885329335777,5.132500175818482
149,OnlineOnly,online,9,3.0291885329335777,0.33657650365928643,0.6634234963407135,8.16168870875206,3.0291885329335777,3.0291885329335777,0.0
149,StaticMixture,static,9,4.312313576888198,0.47914595298757756,0.5208540470124224,8.16168870875206,3.0291885329335777,3.0291885329335777,1.2831250439546205
149,Hedge,hedge,9,3.554226612701586,0.394914068077954,0.6050859319220461,8.16168870875206,3.0291885329335777,3.0291885329335777,0.5250380797680081
149,ShiftAwareAdaptiveTrust,shift,9,4.546417294823947,0.5051574772026608,0.4948425227973392,8.16168870875206,3.0291885329335777,3.0291885329335777,1.5172287618903697
150,PredictionOnly,prediction,9,7.892166136758862,0.8769073485287624,0.1230926514712376,7.892166136758862,5.572557090098334,5.572557090098334,2.3196090466605277
150,OnlineOnly,online,9,5.572557090098334,0.619173010010926,0.38082698998907405,7.892166136758862,5.572557090098334,5.572557090098334,0.0
150,StaticMixture,static,9,6.152459351763465,0.683606594640385,0.316393405359615,7.892166136758862,5.572557090098334,5.572557090098334,0.579902261665131
150,Hedge,hedge,9,6.037631949569599,0.6708479943966221,0.3291520056033779,7.892166136758862,5.572557090098334,5.572557090098334,0.46507485947126526
150,ShiftAwareAdaptiveTrust,shift,9,6.8039279093804765,0.755991989931164,0.244008010068836,7.892166136758862,5.572557090098334,5.572557090098334,1.2313708192821426
151,PredictionOnly,prediction,5,4.743354838709678,0.9486709677419356,0.0513290322580644,4.743354838709678,3.899225806451612,3.899225806451612,0.8441290322580657
151,OnlineOnly,online,5,3.899225806451612,0.7798451612903224,0.22015483870967756,4.743354838709678,3.899225806451612,3.899225806451612,0.0
151,StaticMixture,static,5,4.110258064516129,0.8220516129032258,0.17794838709677419,4.743354838709678,3.899225806451612,3.899225806451612,0.2110322580645172
151,Hedge,hedge,5,4.207253926002494,0.8414507852004988,0.15854921479950124,4.743354838709678,3.899225806451612,3.899225806451612,0.30802811955088183
151,ShiftAwareAdaptiveTrust,shift,5,4.261126731487596,0.8522253462975191,0.14777465370248088,4.743354838709678,3.899225806451612,3.899225806451612,0.3619009250359837
152,PredictionOnly,prediction,14,13.297446885926833,0.9498176347090596,0.050182365290940445,13.297446885926833,9.960702302905108,9.960702302905108,3.3367445830217246
152,OnlineOnly,online,14,9.960702302905108,0.7114787359217934,0.28852126407820655,13.297446885926833,9.960702302905108,9.960702302905108,0.0
152,StaticMixture,static,14,10.794888448660537,0.7710634606186098,0.22893653938139025,13.297446885926833,9.960702302905108,9.960702302905108,0.834186145755428
152,Hedge,hedge,14,10.372870263109842,0.7409193045078458,0.2590806954921542,13.297446885926833,9.960702302905108,9.960702302905108,0.4121679602047337
152,ShiftAwareAdaptiveTrust,shift,14,11.232703452077278,0.8023359608626627,0.19766403913733732,13.297446885926833,9.960702302905108,9.960702302905108,1.2720011491721692
153,PredictionOnly,prediction,97,93.06355020080319,0.9594180433072494,0.040581956692750554,93.06355020080319,51.28946266421619,51.28946266421619,41.774087536587004
153,OnlineOnly,online,97,51.28946266421619,0.5287573470537751,0.4712426529462249,93.06355020080319,51.28946266421619,51.28946266421619,0.0
153,StaticMixture,static,97,61.732984548362964,0.6364225211171439,0.3635774788828561,93.06355020080319,51.28946266421619,51.28946266421619,10.443521884146776
153,Hedge,hedge,97,51.74365505399273,0.5334397428246673,0.46656025717533267,93.06355020080319,51.28946266421619,51.28946266421619,0.4541923897765443
153,ShiftAwareAdaptiveTrust,shift,97,67.40194381108574,0.694865400114286,0.305134599885714,93.06355020080319,51.28946266421619,51.28946266421619,16.112481146869555
154,PredictionOnly,prediction,37,36.67596787148594,0.9912423749050253,0.008757625094974686,36.67596787148594,26.937112607723076,26.937112607723076,9.738855263762861
154,OnlineOnly,online,37,26.937112607723076,0.728030070479002,0.27196992952099797,36.67596787148594,26.937112607723076,26.937112607723076,0.0
154,StaticMixture,static,37,29.371826423663794,0.793833146585508,0.20616685341449204,36.67596787148594,26.937112607723076,26.937112607723076,2.434713815940718
154,Hedge,hedge,37,27.3544423878335,0.7393092537252297,0.2606907462747703,36.67596787148594,26.937112607723076,26.937112607723076,0.41732978011042476
154,ShiftAwareAdaptiveTrust,shift,37,32.31267212360445,0.8733154628001203,0.1266845371998797,36.67596787148594,26.937112607723076,26.937112607723076,5.375559515881374
157,PredictionOnly,prediction,18,16.244000000000003,0.9024444444444446,0.0975555555555554,16.244000000000003,13.911999999999999,13.911999999999999,2.3320000000000043
157,OnlineOnly,online,18,13.911999999999999,0.7728888888888888,0.22711111111111115,16.244000000000003,13.911999999999999,13.911999999999999,0.0
157,StaticMixture,static,18,14.494999999999997,0.8052777777777776,0.19472222222222235,16.244000000000003,13.911999999999999,13.911999999999999,0.5829999999999984
157,Hedge,hedge,18,14.31585643685063,0.7953253576028128,0.20467464239718725,16.244000000000003,13.911999999999999,13.911999999999999,0.40385643685063144
157,ShiftAwareAdaptiveTrust,shift,18,15.019715626093655,0.8344286458940919,0.16557135410590806,16.244000000000003,13.911999999999999,13.911999999999999,1.1077156260936558
158,PredictionOnly,prediction,39,36.804,0.9436923076923077,0.05630769230769228,36.804,25.943999999999996,25.943999999999996,10.860000000000007
158,OnlineOnly,online,39,25.943999999999996,0.6652307692307691,0.33476923076923093,36.804,25.943999999999996,25.943999999999996,0.0
158,StaticMixture,static,39,28.659000000000006,0.734846153846154,0.26515384615384596,36.804,25.943999999999996,25.943999999999996,2.7150000000000105
158,Hedge,hedge,39,26.365962369440304,0.676050317165136,0.32394968283486403,36.804,25.943999999999996,25.943999999999996,0.4219623694403083
158,ShiftAwareAdaptiveTrust,shift,39,30.875479163531143,0.791678952911055,0.20832104708894505,36.804,25.943999999999996,25.943999999999996,4.931479163531147
159,PredictionOnly,prediction,15,14.443278432248992,0.9628852288165994,0.03711477118340056,14.443278432248992,10.707531494192592,10.707531494192592,3.7357469380563995
159,OnlineOnly,online,15,10.707531494192592,0.7138354329461728,0.2861645670538272,14.443278432248992,10.707531494192592,10.707531494192592,0.0
159,StaticMixture,static,15,11.641468228706689,0.7760978819137793,0.22390211808622074,14.443278432248992,10.707531494192592,10.707531494192592,0.9339367345140968
159,Hedge,hedge,15,11.14299181991821,0.7428661213278807,0.25713387867211934,14.443278432248992,10.707531494192592,10.707531494192592,0.435460325725618
159,ShiftAwareAdaptiveTrust,shift,15,12.359659141207569,0.8239772760805046,0.17602272391949536,14.443278432248992,10.707531494192592,10.707531494192592,1.6521276470149768
160,PredictionOnly,prediction,21,20.40721658036079,0.9717722181124185,0.02822778188758146,20.40721658036079,18.781973600354277,18.781973600354277,1.6252429800065116
160,OnlineOnly,online,21,18.781973600354277,0.8943796952549656,0.10562030474503437,20.40721658036079,18.781973600354277,18.781973600354277,0.0
160,StaticMixture,static,21,19.1882843453559,0.9137278259693286,0.08627217403067144,20.40721658036079,18.781973600354277,18.781973600354277,0.40631074500162256
160,Hedge,hedge,21,19.1402527974053,0.9114406094002524,0.0885593905997476,20.40721658036079,18.781973600354277,18.781973600354277,0.3582791970510222
160,ShiftAwareAdaptiveTrust,shift,21,19.739245591741035,0.9399640757971921,0.0600359242028079,20.40721658036079,18.781973600354277,18.781973600354277,0.957271991386758
163,PredictionOnly,prediction,19,18.053040135074003,0.950160007109158,0.049839992890841955,18.053040135074003,11.440674835956816,11.440674835956816,6.612365299117187
163,OnlineOnly,online,19,11.440674835956816,0.6021407808398325,0.39785921916016753,18.053040135074003,11.440674835956816,11.440674835956816,0.0
163,StaticMixture,static,19,13.09376616073611,0.6891455874071637,0.3108544125928363,18.053040135074003,11.440674835956816,11.440674835956816,1.653091324779293
163,Hedge,hedge,19,11.878329758110713,0.6251752504268796,0.3748247495731204,18.053040135074003,11.440674835956816,11.440674835956816,0.43765492215389656
163,ShiftAwareAdaptiveTrust,shift,19,13.770781093115094,0.7247779522692155,0.2752220477307845,18.053040135074003,11.440674835956816,11.440674835956816,2.3301062571582776
165,PredictionOnly,prediction,6,5.628,0.9380000000000001,0.061999999999999944,5.628,4.948,4.948,0.6799999999999997
165,OnlineOnly,online,6,4.948,0.8246666666666668,0.17533333333333323,5.628,4.948,4.948,0.0
165,StaticMixture,static,6,5.117999999999999,0.8529999999999999,0.14700000000000013,5.628,4.948,4.948,0.16999999999999904
165,Hedge,hedge,6,5.201151773782256,0.8668586289637094,0.13314137103629065,5.628,4.948,4.948,0.25315177378225595
165,ShiftAwareAdaptiveTrust,shift,6,5.3168330136982895,0.8861388356163816,0.11386116438361837,5.628,4.948,4.948,0.36883301369828914
167,PredictionOnly,prediction,15,12.36,0.824,0.17600000000000005,12.36,6.119999999999999,6.119999999999999,6.24
167,OnlineOnly,online,15,6.119999999999999,0.408,0.5920000000000001,12.36,6.119999999999999,6.119999999999999,0.0
167,StaticMixture,static,15,7.679999999999999,0.5119999999999999,0.4880000000000001,12.36,6.119999999999999,6.119999999999999,1.5599999999999996
167,Hedge,hedge,15,6.585848422826823,0.4390565615217882,0.5609434384782118,12.36,6.119999999999999,6.119999999999999,0.4658484228268236
167,ShiftAwareAdaptiveTrust,shift,15,8.832397486305222,0.5888264990870148,0.4111735009129852,12.36,6.119999999999999,6.119999999999999,2.712397486305223
168,PredictionOnly,prediction,40,37.02400000000001,0.9256000000000002,0.0743999999999998,37.02400000000001,20.732,20.732,16.29200000000001
168,OnlineOnly,online,40,20.732,0.5183,0.4817,37.02400000000001,20.732,20.732,0.0
168,StaticMixture,static,40,24.805000000000003,0.620125,0.37987499999999996,37.02400000000001,20.732,20.732,4.073000000000004
168,Hedge,hedge,40,21.22213782377324,0.530553445594331,0.46944655440566896,37.02400000000001,20.732,20.732,0.49013782377324233
168,ShiftAwareAdaptiveTrust,shift,40,27.51266151597068,0.687816537899267,0.312183462100733,37.02400000000001,20.732,20.732,6.780661515970682
170,PredictionOnly,prediction,7,6.632452928597507,0.9474932755139296,0.05250672448607041,6.632452928597507,4.633154748865592,4.633154748865592,1.9992981797319151
170,OnlineOnly,online,7,4.633154748865592,0.6618792498379417,0.33812075016205834,6.632452928597507,4.633154748865592,4.633154748865592,0.0
170,StaticMixture,static,7,5.13297929379857,0.7332827562569386,0.2667172437430614,6.632452928597507,4.633154748865592,4.633154748865592,0.4998245449329781
170,Hedge,hedge,7,5.054958922714883,0.722136988959269,0.27786301104073097,6.632452928597507,4.633154748865592,4.633154748865592,0.42180417384929125
170,ShiftAwareAdaptiveTrust,shift,7,5.663072176694734,0.8090103109563905,0.19098968904360947,6.632452928597507,4.633154748865592,4.633154748865592,1.029917427829142
172,PredictionOnly,prediction,25,24.93305826303521,0.9973223305214084,0.0026776694785916044,24.93305826303521,20.828938726889202,20.828938726889202,4.104119536146008
172,OnlineOnly,online,25,20.828938726889202,0.833157549075568,0.16684245092443195,24.93305826303521,20.828938726889202,20.828938726889202,0.0
172,StaticMixture,static,25,21.854968610925706,0.8741987444370283,0.12580125556297173,24.93305826303521,20.828938726889202,20.828938726889202,1.0260298840365039
172,Hedge,hedge,25,21.2727967701021,0.850911870804084,0.14908812919591596,24.93305826303521,20.828938726889202,20.828938726889202,0.4438580432128987
172,ShiftAwareAdaptiveTrust,shift,25,22.16077891163881,0.8864311564655525,0.11356884353444752,24.93305826303521,20.828938726889202,20.828938726889202,1.331840184749609
175,PredictionOnly,prediction,3,2.98,0.9933333333333333,0.00666666666666671,2.98,2.576,2.576,0.4039999999999999
175,OnlineOnly,online,3,2.576,0.8586666666666667,0.1413333333333333,2.98,2.576,2.576,0.0
175,StaticMixture,static,3,2.677,0.8923333333333333,0.10766666666666669,2.98,2.576,2.576,0.10099999999999998
175,Hedge,hedge,3,2.759291452147198,0.9197638173823993,0.08023618261760068,2.98,2.576,2.576,0.183291452147198
175,ShiftAwareAdaptiveTrust,shift,3,2.779657971850372,0.9265526572834574,0.07344734271654263,2.98,2.576,2.576,0.20365797185037193
176,PredictionOnly,prediction,24,23.64297579618974,0.9851239915079059,0.01487600849209414,23.64297579618974,20.245290018311685,20.245290018311685,3.3976857778780563
176,OnlineOnly,online,24,20.245290018311685,0.8435537507629869,0.1564462492370131,23.64297579618974,20.245290018311685,20.245290018311685,0.0
176,StaticMixture,static,24,21.0947114627812,0.8789463109492166,0.1210536890507834,23.64297579618974,20.245290018311685,20.245290018311685,0.8494214444695132
176,Hedge,hedge,24,20.636524107288103,0.8598551711370043,0.14014482886299573,23.64297579618974,20.245290018311685,20.245290018311685,0.3912340889764181
176,ShiftAwareAdaptiveTrust,shift,24,21.654973143988872,0.902290547666203,0.09770945233379702,23.64297579618974,20.245290018311685,20.245290018311685,1.4096831256771871
177,PredictionOnly,prediction,7,6.5600000000000005,0.9371428571428572,0.06285714285714283,6.5600000000000005,4.916,4.916,1.6440000000000001
177,OnlineOnly,online,7,4.916,0.7022857142857143,0.2977142857142857,6.5600000000000005,4.916,4.916,0.0
177,StaticMixture,static,7,5.327,0.761,0.239,6.5600000000000005,4.916,4.916,0.4109999999999996
177,Hedge,hedge,7,5.313320519450787,0.7590457884929697,0.24095421150703034,6.5600000000000005,4.916,4.916,0.39732051945078695
177,ShiftAwareAdaptiveTrust,shift,7,6.004681819574147,0.8578116885105924,0.14218831148940758,6.5600000000000005,4.916,4.916,1.0886818195741466
178,PredictionOnly,prediction,38,37.48589755458287,0.9864709882784966,0.013529011721503448,37.48589755458287,24.793575044615313,24.793575044615313,12.692322509967557
178,OnlineOnly,online,38,24.793575044615313,0.6524625011740872,0.3475374988259128,37.48589755458287,24.793575044615313,24.793575044615313,0.0
178,StaticMixture,static,38,27.966655672107205,0.7359646229501896,0.2640353770498104,37.48589755458287,24.793575044615313,24.793575044615313,3.173080627491892
178,Hedge,hedge,38,25.413850001759034,0.6687855263620799,0.3312144736379201,37.48589755458287,24.793575044615313,24.793575044615313,0.6202749571437209
178,ShiftAwareAdaptiveTrust,shift,38,29.997043907304324,0.7893958922974822,0.2106041077025178,37.48589755458287,24.793575044615313,24.793575044615313,5.203468862689011
179,PredictionOnly,prediction,10,9.561946144054088,0.9561946144054089,0.04380538559459113,9.561946144054088,3.3226872131414997,3.3226872131414997,6.239258930912589
179,OnlineOnly,online,10,3.3226872131414997,0.33226872131415,0.66773127868585,9.561946144054088,3.3226872131414997,3.3226872131414997,0.0
179,StaticMixture,static,10,4.882501945869647,0.4882501945869647,0.5117498054130353,9.561946144054088,3.3226872131414997,3.3226872131414997,1.5598147327281473
179,Hedge,hedge,10,3.861968803625132,0.3861968803625132,0.6138031196374868,9.561946144054088,3.3226872131414997,3.3226872131414997,0.5392815904836321
179,ShiftAwareAdaptiveTrust,shift,10,5.634612138300564,0.5634612138300563,0.4365387861699437,9.561946144054088,3.3226872131414997,3.3226872131414997,2.311924925159064
180,PredictionOnly,prediction,23,19.65218170647903,0.8544426828903926,0.1455573171096074,19.65218170647903,16.061408072999107,16.061408072999107,3.590773633479923
180,OnlineOnly,online,23,16.061408072999107,0.6983220901303959,0.3016779098696041,19.65218170647903,16.061408072999107,16.061408072999107,0.0
180,StaticMixture,static,23,16.959101481369085,0.737352238320395,0.262647761679605,19.65218170647903,16.061408072999107,16.061408072999107,0.8976934083699781
180,Hedge,hedge,23,16.528522639762368,0.718631419120103,0.281368580879897,19.65218170647903,16.061408072999107,16.061408072999107,0.4671145667632608
180,ShiftAwareAdaptiveTrust,shift,23,17.718000817844366,0.7703478616454073,0.22965213835459275,19.65218170647903,16.061408072999107,16.061408072999107,1.656592744845259
183,PredictionOnly,prediction,9,8.091999999999999,0.899111111111111,0.10088888888888903,8.091999999999999,5.224,5.224,2.8679999999999986
183,OnlineOnly,online,9,5.224,0.5804444444444444,0.41955555555555557,8.091999999999999,5.224,5.224,0.0
183,StaticMixture,static,9,5.941,0.6601111111111111,0.3398888888888889,8.091999999999999,5.224,5.224,0.7169999999999996
183,Hedge,hedge,9,5.701696664637463,0.6335218516263849,0.36647814837361514,8.091999999999999,5.224,5.224,0.4776966646374632
183,ShiftAwareAdaptiveTrust,shift,9,6.283604671188009,0.6981782967986676,0.3018217032013324,8.091999999999999,5.224,5.224,1.0596046711880085
185,PredictionOnly,prediction,8,7.774540513390936,0.971817564173867,0.028182435826133,7.774540513390936,5.871599232426952,5.871599232426952,1.9029412809639838
185,OnlineOnly,online,8,5.871599232426952,0.733949904053369,0.266050095946631,7.774540513390936,5.871599232426952,5.871599232426952,0.0
185,StaticMixture,static,8,6.347334552667948,0.7934168190834935,0.20658318091650651,7.774540513390936,5.871599232426952,5.871599232426952,0.47573532024099574
185,Hedge,hedge,8,6.307361511026172,0.7884201888782715,0.21157981112172852,7.774540513390936,5.871599232426952,5.871599232426952,0.4357622785992197
185,ShiftAwareAdaptiveTrust,shift,8,6.680471206373277,0.8350589007966597,0.16494109920334032,7.774540513390936,5.871599232426952,5.871599232426952,0.8088719739463253
186,PredictionOnly,prediction,32,30.623252057613175,0.9569766268004117,0.043023373199588266,30.623252057613175,23.79119150499706,23.79119150499706,6.832060552616117
186,OnlineOnly,online,32,23.79119150499706,0.7434747345311581,0.2565252654688419,30.623252057613175,23.79119150499706,23.79119150499706,0.0
186,StaticMixture,static,32,25.49920664315109,0.7968502075984716,0.20314979240152842,30.623252057613175,23.79119150499706,23.79119150499706,1.7080151381540318
186,Hedge,hedge,32,24.19228636711655,0.7560089489723922,0.24399105102760776,30.623252057613175,23.79119150499706,23.79119150499706,0.40109486211949275
186,ShiftAwareAdaptiveTrust,shift,32,27.66113505373971,0.8644104704293659,0.13558952957063408,30.623252057613175,23.79119150499706,23.79119150499706,3.8699435487426506
187,PredictionOnly,prediction,10,8.292,0.8291999999999999,0.17080000000000006,8.292,7.232,7.232,1.0599999999999996
187,OnlineOnly,online,10,7.232,0.7232000000000001,0.27679999999999993,8.292,7.232,7.232,0.0
187,StaticMixture,static,10,7.497,0.7497,0.25029999999999997,8.292,7.232,7.232,0.2649999999999997
187,Hedge,hedge,10,7.559677482043424,0.7559677482043423,0.24403225179565768,8.292,7.232,7.232,0.3276774820434234
187,ShiftAwareAdaptiveTrust,shift,10,7.876065463482535,0.7876065463482534,0.21239345365174656,8.292,7.232,7.232,0.6440654634825345
188,PredictionOnly,prediction,30,28.278823099789644,0.9426274366596548,0.05737256334034524,28.278823099789644,7.899227321090059,7.899227321090059,20.379595778699585
188,OnlineOnly,online,30,7.899227321090059,0.26330757736966864,0.7366924226303313,28.278823099789644,7.899227321090059,7.899227321090059,0.0
188,StaticMixture,static,30,12.994126265764956,0.4331375421921652,0.5668624578078347,28.278823099789644,7.899227321090059,7.899227321090059,5.094898944674897
188,Hedge,hedge,30,8.415774419605855,0.2805258139868618,0.7194741860131382,28.278823099789644,7.899227321090059,7.899227321090059,0.5165470985157956
188,ShiftAwareAdaptiveTrust,shift,30,14.211592333332856,0.47371974444442855,0.5262802555555715,28.278823099789644,7.899227321090059,7.899227321090059,6.312365012242797
189,PredictionOnly,prediction,10,9.723919678714859,0.9723919678714859,0.02760803212851415,9.723919678714859,8.935341365461849,8.935341365461849,0.7885783132530104
189,OnlineOnly,online,10,8.935341365461849,0.8935341365461849,0.10646586345381515,9.723919678714859,8.935341365461849,8.935341365461849,0.0
189,StaticMixture,static,10,9.132485943775102,0.9132485943775102,0.08675140562248984,9.723919678714859,8.935341365461849,8.935341365461849,0.19714457831325305
189,Hedge,hedge,10,9.206406158736389,0.9206406158736389,0.07935938412636112,9.723919678714859,8.935341365461849,8.935341365461849,0.27106479327454025
189,ShiftAwareAdaptiveTrust,shift,10,9.419037341129977,0.9419037341129977,0.05809626588700234,9.723919678714859,8.935341365461849,8.935341365461849,0.4836959756681285
192,PredictionOnly,prediction,5,3.728,0.7456,0.25439999999999996,3.728,3.636,3.636,0.09200000000000008
192,OnlineOnly,online,5,3.636,0.7272000000000001,0.27279999999999993,3.728,3.636,3.636,0.0
192,StaticMixture,static,5,3.6590000000000003,0.7318,0.2682,3.728,3.636,3.636,0.02300000000000013
192,Hedge,hedge,5,3.7367418755054618,0.7473483751010923,0.2526516248989077,3.728,3.636,3.636,0.10074187550546165
192,ShiftAwareAdaptiveTrust,shift,5,3.6880310457945438,0.7376062091589087,0.26239379084109127,3.728,3.636,3.636,0.05203104579454365
193,PredictionOnly,prediction,17,15.622301127858801,0.9189588898740472,0.08104111012595283,15.622301127858801,5.629044317730304,5.629044317730304,9.993256810128496
193,OnlineOnly,online,17,5.629044317730304,0.3311202539841355,0.6688797460158644,15.622301127858801,5.629044317730304,5.629044317730304,0.0
193,StaticMixture,static,17,8.127358520262428,0.4780799129566134,0.5219200870433867,15.622301127858801,5.629044317730304,5.629044317730304,2.498314202532124
193,Hedge,hedge,17,6.136722493501844,0.36098367608834375,0.6390163239116562,15.622301127858801,5.629044317730304,5.629044317730304,0.5076781757715398
193,ShiftAwareAdaptiveTrust,shift,17,9.727431507111586,0.572201853359505,0.427798146640495,15.622301127858801,5.629044317730304,5.629044317730304,4.098387189381282
194,PredictionOnly,prediction,11,10.72,0.9745454545454546,0.025454545454545396,10.72,1.6680000000000006,1.6680000000000006,9.052
194,OnlineOnly,online,11,1.6680000000000006,0.15163636363636368,0.8483636363636363,10.72,1.6680000000000006,1.6680000000000006,0.0
194,StaticMixture,static,11,3.931,0.3573636363636364,0.6426363636363637,10.72,1.6680000000000006,1.6680000000000006,2.2629999999999995
194,Hedge,hedge,11,2.268322032556902,0.2062110938688093,0.7937889061311907,10.72,1.6680000000000006,1.6680000000000006,0.6003220325569014
194,ShiftAwareAdaptiveTrust,shift,11,4.119134563302443,0.37446677848204024,0.6255332215179598,10.72,1.6680000000000006,1.6680000000000006,2.451134563302442
197,PredictionOnly,prediction,70,68.09723330277966,0.9728176186111379,0.027182381388862087,68.09723330277966,48.38106769305078,48.38106769305078,19.716165609728876
197,OnlineOnly,online,70,48.38106769305078,0.6911581099007255,0.30884189009927454,68.09723330277966,48.38106769305078,48.38106769305078,0.0
197,StaticMixture,static,70,53.31010909548301,0.7615729870783287,0.23842701292167134,68.09723330277966,48.38106769305078,48.38106769305078,4.929041402432226
197,Hedge,hedge,70,48.80017682264795,0.697145383180685,0.302854616819315,68.09723330277966,48.38106769305078,48.38106769305078,0.4191091295971674
197,ShiftAwareAdaptiveTrust,shift,70,57.282252732057515,0.8183178961722503,0.18168210382774974,68.09723330277966,48.38106769305078,48.38106769305078,8.901185039006734
200,PredictionOnly,prediction,6,5.856,0.976,0.02400000000000002,5.856,3.896,3.896,1.96
200,OnlineOnly,online,6,3.896,0.6493333333333333,0.3506666666666667,5.856,3.896,3.896,0.0
200,StaticMixture,static,6,4.386,0.731,0.269,5.856,3.896,3.896,0.4900000000000002
200,Hedge,hedge,6,4.369206427572231,0.7282010712620385,0.2717989287379615,5.856,3.896,3.896,0.4732064275722312
200,ShiftAwareAdaptiveTrust,shift,6,4.9718050154453906,0.8286341692408984,0.1713658307591016,5.856,3.896,3.896,1.0758050154453906
201,PredictionOnly,prediction,36,33.407999999999994,0.9279999999999998,0.07200000000000017,33.407999999999994,23.383999999999993,23.383999999999993,10.024000000000001
201,OnlineOnly,online,36,23.383999999999993,0.6495555555555553,0.35044444444444467,33.407999999999994,23.383999999999993,23.383999999999993,0.0
201,StaticMixture,static,36,25.89,0.7191666666666667,0.28083333333333327,33.407999999999994,23.383999999999993,23.383999999999993,2.5060000000000073
201,Hedge,hedge,36,23.815018276990774,0.661528285471966,0.33847171452803404,33.407999999999994,23.383999999999993,23.383999999999993,0.43101827699078044
201,ShiftAwareAdaptiveTrust,shift,36,27.787886602621345,0.771885738961704,0.22811426103829602,33.407999999999994,23.383999999999993,23.383999999999993,4.403886602621352
203,PredictionOnly,prediction,41,38.64333555788629,0.9425203794606412,0.057479620539358844,38.64333555788629,30.14987276289913,30.14987276289913,8.49346279498716
203,OnlineOnly,online,41,30.14987276289913,0.735362750314613,0.26463724968538704,38.64333555788629,30.14987276289913,30.14987276289913,0.0
203,StaticMixture,static,41,32.27323846164592,0.7871521576011199,0.2128478423988801,38.64333555788629,30.14987276289913,30.14987276289913,2.123365698746788
203,Hedge,hedge,41,30.55105413750668,0.7451476618904068,0.2548523381095932,38.64333555788629,30.14987276289913,30.14987276289913,0.40118137460754966
203,ShiftAwareAdaptiveTrust,shift,41,34.88987837151701,0.8509726432077319,0.14902735679226808,38.64333555788629,30.14987276289913,30.14987276289913,4.740005608617878
204,PredictionOnly,prediction,27,26.0,0.9629629629629629,0.03703703703703709,26.0,21.668,21.668,4.332000000000001
204,OnlineOnly,online,27,21.668,0.8025185185185185,0.19748148148148148,26.0,21.668,21.668,0.0
204,StaticMixture,static,27,22.751,0.8426296296296297,0.15737037037037027,26.0,21.668,21.668,1.083000000000002
204,Hedge,hedge,27,22.05110094547276,0.8167074424249171,0.1832925575750829,26.0,21.668,21.668,0.3831009454727621
204,ShiftAwareAdaptiveTrust,shift,27,23.789469575073667,0.8810914657434692,0.1189085342565308,26.0,21.668,21.668,2.121469575073668
206,PredictionOnly,prediction,11,9.925455754306142,0.9023141594823766,0.09768584051762341,9.925455754306142,6.679722175382023,6.679722175382023,3.2457335789241197
206,OnlineOnly,online,11,6.679722175382023,0.6072474704892747,0.39275252951072526,9.925455754306142,6.679722175382023,6.679722175382023,0.0
206,StaticMixture,static,11,7.491155570113052,0.6810141427375501,0.3189858572624499,9.925455754306142,6.679722175382023,6.679722175382023,0.8114333947310293
206,Hedge,hedge,11,7.115913044394409,0.6469011858540372,0.3530988141459628,9.925455754306142,6.679722175382023,6.679722175382023,0.43619086901238635
206,ShiftAwareAdaptiveTrust,shift,11,8.304095239365248,0.7549177490332043,0.2450822509667957,9.925455754306142,6.679722175382023,6.679722175382023,1.6243730639832252
207,PredictionOnly,prediction,13,11.392000000000001,0.8763076923076925,0.12369230769230755,11.392000000000001,7.911999999999998,7.911999999999998,3.480000000000003
207,OnlineOnly,online,13,7.911999999999998,0.6086153846153844,0.39138461538461555,11.392000000000001,7.911999999999998,7.911999999999998,0.0
207,StaticMixture,static,13,8.782,0.6755384615384615,0.32446153846153847,11.392000000000001,7.911999999999998,7.911999999999998,0.8700000000000019
207,Hedge,hedge,13,8.378170121012632,0.6444746246932793,0.3555253753067207,11.392000000000001,7.911999999999998,7.911999999999998,0.46617012101263366
207,ShiftAwareAdaptiveTrust,shift,13,9.352540358089358,0.7194261813914891,0.28057381860851094,11.392000000000001,7.911999999999998,7.911999999999998,1.4405403580893603
208,PredictionOnly,prediction,19,18.887893753714586,0.9940996712481361,0.005900328751863859,18.887893753714586,18.31984333771732,18.31984333771732,0.5680504159972664
208,OnlineOnly,online,19,18.31984333771732,0.9642022809324905,0.035797719067509504,18.887893753714586,18.31984333771732,18.31984333771732,0.0
208,StaticMixture,static,19,18.461855941716635,0.9716766285114019,0.028323371488598093,18.887893753714586,18.31984333771732,18.31984333771732,0.1420126039993157
208,Hedge,hedge,19,18.53818358187906,0.9756938727304769,0.02430612726952308,18.887893753714586,18.31984333771732,18.31984333771732,0.21834024416174103
208,ShiftAwareAdaptiveTrust,shift,19,18.551132194123024,0.9763753786380539,0.023624621361946097,18.887893753714586,18.31984333771732,18.31984333771732,0.23128885640570473
209,PredictionOnly,prediction,4,3.904,0.976,0.02400000000000002,3.904,3.924,3.904,0.0
209,OnlineOnly,online,4,3.924,0.981,0.019000000000000017,3.904,3.924,3.904,0.020000000000000018
209,StaticMixture,static,4,3.919,0.97975,0.02024999999999999,3.904,3.924,3.904,0.015000000000000124
209,Hedge,hedge,4,3.9143997868031115,0.9785999467007779,0.02140005329922212,3.904,3.924,3.904,0.0103997868031116
209,ShiftAwareAdaptiveTrust,shift,4,3.9165501792854642,0.9791375448213661,0.020862455178633943,3.904,3.924,3.904,0.012550179285464313
211,PredictionOnly,prediction,4,3.950784140969163,0.9876960352422908,0.01230396475770923,3.950784140969163,3.4138149779735683,3.4138149779735683,0.5369691629955948
211,OnlineOnly,online,4,3.4138149779735683,0.8534537444933921,0.14654625550660794,3.950784140969163,3.4138149779735683,3.4138149779735683,0.0
211,StaticMixture,static,4,3.5480572687224674,0.8870143171806169,0.11298568281938315,3.950784140969163,3.4138149779735683,3.4138149779735683,0.13424229074889915
211,Hedge,hedge,4,3.6365819170666804,0.9091454792666701,0.09085452073332989,3.950784140969163,3.4138149779735683,3.4138149779735683,0.22276693909311218
211,ShiftAwareAdaptiveTrust,shift,4,3.7145235127870544,0.9286308781967636,0.0713691218032364,3.950784140969163,3.4138149779735683,3.4138149779735683,0.30070853481348614
213,PredictionOnly,prediction,28,26.760892551892546,0.9557461625675909,0.04425383743240907,26.760892551892546,19.30704109099998,19.30704109099998,7.453851460892565
213,OnlineOnly,online,28,19.30704109099998,0.6895371818214279,0.31046281817857213,26.760892551892546,19.30704109099998,19.30704109099998,0.0
213,StaticMixture,static,28,21.17050395622312,0.7560894270079686,0.24391057299203145,26.760892551892546,19.30704109099998,19.30704109099998,1.8634628652231378
213,Hedge,hedge,28,19.717400626822243,0.7041928795293658,0.2958071204706342,26.760892551892546,19.30704109099998,19.30704109099998,0.4103595358222627
213,ShiftAwareAdaptiveTrust,shift,28,22.417444802355725,0.8006230286555616,0.19937697134443844,26.760892551892546,19.30704109099998,19.30704109099998,3.110403711355744
214,PredictionOnly,prediction,5,4.872,0.9743999999999999,0.025600000000000067,4.872,4.596,4.596,0.2759999999999998
214,OnlineOnly,online,5,4.596,0.9192,0.08079999999999998,4.872,4.596,4.596,0.0
214,StaticMixture,static,5,4.665,0.933,0.06699999999999995,4.872,4.596,4.596,0.06899999999999995
214,Hedge,hedge,5,4.726442011561119,0.9452884023122238,0.054711597687776226,4.872,4.596,4.596,0.13044201156111868
214,ShiftAwareAdaptiveTrust,shift,5,4.765902813866906,0.9531805627733811,0.046819437226618854,4.872,4.596,4.596,0.16990281386690587
215,PredictionOnly,prediction,12,11.474419213876276,0.9562016011563563,0.04379839884364367,11.474419213876276,7.596115519821647,7.596115519821647,3.8783036940546287
215,OnlineOnly,online,12,7.596115519821647,0.6330096266518039,0.36699037334819606,11.474419213876276,7.596115519821647,7.596115519821647,0.0
215,StaticMixture,static,12,8.565691443335304,0.713807620277942,0.286192379722058,11.474419213876276,7.596115519821647,7.596115519821647,0.9695759235136565
215,Hedge,hedge,12,8.065065121906871,0.672088760158906,0.32791123984109405,11.474419213876276,7.596115519821647,7.596115519821647,0.46894960208522374
215,ShiftAwareAdaptiveTrust,shift,12,8.878532287431486,0.7398776906192905,0.26012230938070946,11.474419213876276,7.596115519821647,7.596115519821647,1.2824167676098392
216,PredictionOnly,prediction,8,7.644823940630543,0.9556029925788179,0.04439700742118213,7.644823940630543,6.354372865937719,6.354372865937719,1.2904510746928235
216,OnlineOnly,online,8,6.354372865937719,0.7942966082422149,0.20570339175778507,7.644823940630543,6.354372865937719,6.354372865937719,0.0
216,StaticMixture,static,8,6.676985634610926,0.8346232043263657,0.16537679567363428,7.644823940630543,6.354372865937719,6.354372865937719,0.3226127686732063
216,Hedge,hedge,8,6.711877106425474,0.8389846383031843,0.16101536169681574,7.644823940630543,6.354372865937719,6.354372865937719,0.35750424048775464
216,ShiftAwareAdaptiveTrust,shift,8,6.944728451979202,0.8680910564974003,0.13190894350259974,7.644823940630543,6.354372865937719,6.354372865937719,0.5903555860414826
217,PredictionOnly,prediction,21,20.2710966885585,0.9652903185027858,0.034709681497214206,20.2710966885585,13.020456972779034,13.020456972779034,7.250639715779467
217,OnlineOnly,online,21,13.020456972779034,0.6200217606085254,0.37997823939147457,20.2710966885585,13.020456972779034,13.020456972779034,0.0
217,StaticMixture,static,21,14.833116901723896,0.7063389000820903,0.2936610999179097,20.2710966885585,13.020456972779034,13.020456972779034,1.8126599289448624
217,Hedge,hedge,21,13.506223666879915,0.6431535079466626,0.3568464920533374,20.2710966885585,13.020456972779034,13.020456972779034,0.4857666941008816
217,ShiftAwareAdaptiveTrust,shift,21,15.376635321271888,0.7322207295843756,0.26777927041562444,20.2710966885585,13.020456972779034,13.020456972779034,2.356178348492854
220,PredictionOnly,prediction,26,26.0,1.0,0.0,26.0,11.47658563665081,11.47658563665081,14.52341436334919
220,OnlineOnly,online,26,11.47658563665081,0.441407139871185,0.558592860128815,26.0,11.47658563665081,11.47658563665081,0.0
220,StaticMixture,static,26,15.107439227488108,0.5810553549033888,0.4189446450966112,26.0,11.47658563665081,11.47658563665081,3.6308535908372974
220,Hedge,hedge,26,12.016958885778942,0.4621907263761132,0.5378092736238869,26.0,11.47658563665081,11.47658563665081,0.5403732491281321
220,ShiftAwareAdaptiveTrust,shift,26,14.65137973167603,0.5635146050644627,0.4364853949355373,26.0,11.47658563665081,11.47658563665081,3.17479409502522
221,PredictionOnly,prediction,20,18.700659986589503,0.9350329993294751,0.06496700067052485,18.700659986589503,13.810853044813545,13.810853044813545,4.889806941775959
221,OnlineOnly,online,20,13.810853044813545,0.6905426522406772,0.30945734775932277,18.700659986589503,13.810853044813545,13.810853044813545,0.0
221,StaticMixture,static,20,15.033304780257538,0.7516652390128769,0.24833476098712315,18.700659986589503,13.810853044813545,13.810853044813545,1.2224517354439932
221,Hedge,hedge,20,14.256619514979263,0.7128309757489631,0.28716902425103685,18.700659986589503,13.810853044813545,13.810853044813545,0.4457664701657187
221,ShiftAwareAdaptiveTrust,shift,20,15.6473955430935,0.782369777154675,0.21763022284532496,18.700659986589503,13.810853044813545,13.810853044813545,1.8365424982799556
222,PredictionOnly,prediction,7,6.599641255605381,0.9428058936579117,0.057194106342088324,6.599641255605381,4.547551569506727,4.547551569506727,2.052089686098655
222,OnlineOnly,online,7,4.547551569506727,0.6496502242152467,0.35034977578475335,6.599641255605381,4.547551569506727,4.547551569506727,0.0
222,StaticMixture,static,7,5.06057399103139,0.7229391415759129,0.2770608584240871,6.599641255605381,4.547551569506727,4.547551569506727,0.5130224215246635
222,Hedge,hedge,7,4.9822599743818845,0.7117514249116977,0.28824857508830226,6.599641255605381,4.547551569506727,4.547551569506727,0.43470840487515794
222,ShiftAwareAdaptiveTrust,shift,7,5.483224284628408,0.7833177549469154,0.21668224505308464,6.599641255605381,4.547551569506727,4.547551569506727,0.9356727151216813
223,PredictionOnly,prediction,3,0.932,0.3106666666666667,0.6893333333333334,0.932,0.78,0.78,0.15200000000000002
223,OnlineOnly,online,3,0.78,0.26,0.74,0.932,0.78,0.78,0.0
223,StaticMixture,static,3,0.8180000000000001,0.27266666666666667,0.7273333333333334,0.932,0.78,0.78,0.038000000000000034
223,Hedge,hedge,3,0.8665844920765777,0.28886149735885924,0.7111385026411408,0.932,0.78,0.78,0.0865844920765777
223,ShiftAwareAdaptiveTrust,shift,3,0.8743948329630652,0.2914649443210217,0.7085350556789782,0.932,0.78,0.78,0.09439483296306517
224,PredictionOnly,prediction,12,12.0,1.0,0.0,12.0,10.69833486853729,10.69833486853729,1.3016651314627108
224,OnlineOnly,online,12,10.69833486853729,0.8915279057114408,0.1084720942885592,12.0,10.69833486853729,10.69833486853729,0.0
224,StaticMixture,static,12,11.023751151402966,0.9186459292835805,0.08135407071641954,12.0,10.69833486853729,10.69833486853729,0.32541628286567637
224,Hedge,hedge,12,11.053121581235608,0.9210934651029673,0.0789065348970327,12.0,10.69833486853729,10.69833486853729,0.35478671269831885
224,ShiftAwareAdaptiveTrust,shift,12,11.164030638836719,0.9303358865697265,0.06966411343027346,12.0,10.69833486853729,10.69833486853729,0.46569577029942977
225,PredictionOnly,prediction,7,7.0,1.0,0.0,7.0,4.907387093949742,4.907387093949742,2.092612906050258
225,OnlineOnly,online,7,4.907387093949742,0.7010552991356774,0.29894470086432257,7.0,4.907387093949742,4.907387093949742,0.0
225,StaticMixture,static,7,5.430540320462306,0.775791474351758,0.224208525648242,7.0,4.907387093949742,4.907387093949742,0.523153226512564
225,Hedge,hedge,7,5.3358961620768355,0.7622708802966908,0.23772911970330923,7.0,4.907387093949742,4.907387093949742,0.42850906812709333
225,ShiftAwareAdaptiveTrust,shift,7,5.741332183612845,0.8201903119446922,0.17980968805530784,7.0,4.907387093949742,4.907387093949742,0.8339450896631027
226,PredictionOnly,prediction,4,3.6879999999999997,0.9219999999999999,0.07800000000000007,3.6879999999999997,1.472,1.472,2.2159999999999997
226,OnlineOnly,online,4,1.472,0.368,0.632,3.6879999999999997,1.472,1.472,0.0
226,StaticMixture,static,4,2.026,0.5065,0.49350000000000005,3.6879999999999997,1.472,1.472,0.5539999999999998
226,Hedge,hedge,4,2.0626524892694538,0.5156631223173634,0.48433687768263656,3.6879999999999997,1.472,1.472,0.5906524892694538
226,ShiftAwareAdaptiveTrust,shift,4,2.525052395296961,0.6312630988242403,0.36873690117575975,3.6879999999999997,1.472,1.472,1.053052395296961
227,PredictionOnly,prediction,17,16.376,0.9632941176470589,0.036705882352941144,16.376,11.684000000000001,11.684000000000001,4.692
227,OnlineOnly,online,17,11.684000000000001,0.6872941176470588,0.31270588235294117,16.376,11.684000000000001,11.684000000000001,0.0
227,StaticMixture,static,17,12.857,0.7562941176470588,0.24370588235294122,16.376,11.684000000000001,11.684000000000001,1.1729999999999983
227,Hedge,hedge,17,12.12422703770337,0.7131898257472571,0.2868101742527429,16.376,11.684000000000001,11.684000000000001,0.44022703770336946
227,ShiftAwareAdaptiveTrust,shift,17,13.681071982626372,0.8047689401544925,0.19523105984550748,16.376,11.684000000000001,11.684000000000001,1.9970719826263714
228,PredictionOnly,prediction,3,2.488,0.8293333333333334,0.17066666666666663,2.488,1.82,1.82,0.6679999999999999
228,OnlineOnly,online,3,1.82,0.6066666666666667,0.3933333333333333,2.488,1.82,1.82,0.0
228,StaticMixture,static,3,1.987,0.6623333333333333,0.33766666666666667,2.488,1.82,1.82,0.16700000000000004
228,Hedge,hedge,3,2.1486976966424756,0.7162325655474918,0.2837674344525082,2.488,1.82,1.82,0.3286976966424755
228,ShiftAwareAdaptiveTrust,shift,3,2.1126507595270905,0.7042169198423635,0.29578308015763655,2.488,1.82,1.82,0.2926507595270904
230,PredictionOnly,prediction,87,84.965036030081,0.9766096095411608,0.023390390458839172,84.965036030081,69.31624737848287,69.31624737848287,15.648788651598124
230,OnlineOnly,online,87,69.31624737848287,0.7967384756147456,0.20326152438525436,84.965036030081,69.31624737848287,69.31624737848287,0.0
230,StaticMixture,static,87,73.2284445413824,0.8417062590963494,0.15829374090365056,84.965036030081,69.31624737848287,69.31624737848287,3.912197162899531
230,Hedge,hedge,87,69.74104440747232,0.8016212000858887,0.19837879991411134,84.965036030081,69.31624737848287,69.31624737848287,0.4247970289894454
230,ShiftAwareAdaptiveTrust,shift,87,76.62582413102106,0.8807565992071387,0.11924340079286133,84.965036030081,69.31624737848287,69.31624737848287,7.309576752538192
231,PredictionOnly,prediction,19,8.974309859154928,0.47233209785025937,0.5276679021497406,8.974309859154928,3.731805251260651,3.731805251260651,5.242504607894277
231,OnlineOnly,online,19,3.731805251260651,0.196410802697929,0.803589197302071,8.974309859154928,3.731805251260651,3.731805251260651,0.0
231,StaticMixture,static,19,5.04243140323422,0.2653911264860116,0.7346088735139884,8.974309859154928,3.731805251260651,3.731805251260651,1.310626151973569
231,Hedge,hedge,19,4.273186921078933,0.22490457479362805,0.775095425206372,8.974309859154928,3.731805251260651,3.731805251260651,0.5413816698182821
231,ShiftAwareAdaptiveTrust,shift,19,6.059607421680585,0.3189267064042413,0.6810732935957586,8.974309859154928,3.731805251260651,3.731805251260651,2.3278021704199343
232,PredictionOnly,prediction,30,29.199555960331917,0.9733185320110639,0.026681467988936114,29.199555960331917,16.195940086516835,16.195940086516835,13.003615873815082
232,OnlineOnly,online,30,16.195940086516835,0.5398646695505611,0.4601353304494389,29.199555960331917,16.195940086516835,16.195940086516835,0.0
232,StaticMixture,static,30,19.446844054970605,0.6482281351656868,0.3517718648343132,29.199555960331917,16.195940086516835,16.195940086516835,3.2509039684537697
232,Hedge,hedge,30,16.633236102343115,0.5544412034114372,0.4455587965885628,29.199555960331917,16.195940086516835,16.195940086516835,0.43729601582628064
232,ShiftAwareAdaptiveTrust,shift,30,21.08961702615386,0.7029872342051287,0.29701276579487135,29.199555960331917,16.195940086516835,16.195940086516835,4.893676939637025
233,PredictionOnly,prediction,6,5.979967741935484,0.9966612903225807,0.003338709677419338,5.979967741935484,3.5560196468870306,3.5560196468870306,2.4239480950484533
233,OnlineOnly,online,6,3.5560196468870306,0.5926699411478384,0.40733005885216156,5.979967741935484,3.5560196468870306,3.5560196468870306,0.0
233,StaticMixture,static,6,4.162006670649143,0.6936677784415238,0.30633222155847617,5.979967741935484,3.5560196468870306,3.5560196468870306,0.6059870237621126
233,Hedge,hedge,6,4.018381897914174,0.669730316319029,0.330269683680971,5.979967741935484,3.5560196468870306,3.5560196468870306,0.46236225102714323
233,ShiftAwareAdaptiveTrust,shift,6,4.7281680118297595,0.7880280019716266,0.2119719980283734,5.979967741935484,3.5560196468870306,3.5560196468870306,1.172148364942729
234,PredictionOnly,prediction,17,16.485156027405864,0.969715060435639,0.030284939564360958,16.485156027405864,13.498046713972386,13.498046713972386,2.9871093134334785
234,OnlineOnly,online,17,13.498046713972386,0.7940027478807286,0.20599725211927145,16.485156027405864,13.498046713972386,13.498046713972386,0.0
234,StaticMixture,static,17,14.244824042330759,0.8379308260194565,0.16206917398054355,16.485156027405864,13.498046713972386,13.498046713972386,0.7467773283583732
234,Hedge,hedge,17,13.936118015397478,0.8197716479645575,0.18022835203544252,16.485156027405864,13.498046713972386,13.498046713972386,0.4380713014250919
234,ShiftAwareAdaptiveTrust,shift,17,14.490980800846843,0.852410635343932,0.14758936465606798,16.485156027405864,13.498046713972386,13.498046713972386,0.9929340868744578
235,PredictionOnly,prediction,11,10.187999999999999,0.9261818181818181,0.0738181818181819,10.187999999999999,6.511999999999999,6.511999999999999,3.676
235,OnlineOnly,online,11,6.511999999999999,0.5919999999999999,0.40800000000000014,10.187999999999999,6.511999999999999,6.511999999999999,0.0
235,StaticMixture,static,11,7.431000000000001,0.6755454545454547,0.32445454545454533,10.187999999999999,6.511999999999999,6.511999999999999,0.9190000000000023
235,Hedge,hedge,11,6.968583717084316,0.6335076106440287,0.3664923893559713,10.187999999999999,6.511999999999999,6.511999999999999,0.45658371708431744
235,ShiftAwareAdaptiveTrust,shift,11,7.7510368299877825,0.7046397118170712,0.2953602881829288,10.187999999999999,6.511999999999999,6.511999999999999,1.2390368299877839
236,PredictionOnly,prediction,17,14.644,0.8614117647058823,0.13858823529411768,14.644,12.072,12.072,2.572000000000001
236,OnlineOnly,online,17,12.072,0.7101176470588235,0.2898823529411765,14.644,12.072,12.072,0.0
236,StaticMixture,static,17,12.714999999999998,0.7479411764705881,0.2520588235294119,14.644,12.072,12.072,0.6429999999999989
236,Hedge,hedge,17,12.480528895152863,0.7341487585384038,0.2658512414615962,14.644,12.072,12.072,0.4085288951528643
236,ShiftAwareAdaptiveTrust,shift,17,13.496871619257103,0.7939336246621825,0.20606637533781746,14.644,12.072,12.072,1.4248716192571038
237,PredictionOnly,prediction,7,6.191999999999999,0.8845714285714285,0.11542857142857155,6.191999999999999,5.912,5.912,0.27999999999999936
237,OnlineOnly,online,7,5.912,0.8445714285714285,0.15542857142857147,6.191999999999999,5.912,5.912,0.0
237,StaticMixture,static,7,5.981999999999999,0.8545714285714284,0.14542857142857157,6.191999999999999,5.912,5.912,0.0699999999999994
237,Hedge,hedge,7,6.081570417217832,0.8687957738882617,0.13120422611173832,6.191999999999999,5.912,5.912,0.16957041721783206
237,ShiftAwareAdaptiveTrust,shift,7,6.102430226170013,0.8717757465957162,0.12822425340428378,6.191999999999999,5.912,5.912,0.19043022617001348
238,PredictionOnly,prediction,23,19.428,0.8446956521739131,0.15530434782608693,19.428,14.060000000000002,14.060000000000002,5.3679999999999986
238,OnlineOnly,online,23,14.060000000000002,0.611304347826087,0.388695652173913,19.428,14.060000000000002,14.060000000000002,0.0
238,StaticMixture,static,23,15.402000000000003,0.6696521739130435,0.33034782608695645,19.428,14.060000000000002,14.060000000000002,1.3420000000000005
238,Hedge,hedge,23,14.49213239235233,0.6300927127109709,0.3699072872890291,19.428,14.060000000000002,14.060000000000002,0.4321323923523277
238,ShiftAwareAdaptiveTrust,shift,23,16.249153227437677,0.7064849229320729,0.2935150770679271,19.428,14.060000000000002,14.060000000000002,2.189153227437675
240,PredictionOnly,prediction,3,2.9270714285714288,0.9756904761904762,0.02430952380952378,2.9270714285714288,2.406973084886128,2.406973084886128,0.5200983436853006
240,OnlineOnly,online,3,2.406973084886128,0.8023243616287093,0.19767563837129065,2.9270714285714288,2.406973084886128,2.406973084886128,0.0
240,StaticMixture,static,3,2.5369976708074535,0.8456658902691512,0.15433410973084882,2.9270714285714288,2.406973084886128,2.406973084886128,0.13002458592132538
240,Hedge,hedge,3,2.644935539829638,0.8816451799432127,0.11835482005678732,2.9270714285714288,2.406973084886128,2.406973084886128,0.23796245494350998
240,ShiftAwareAdaptiveTrust,shift,3,2.6672136228718983,0.8890712076239661,0.11092879237603392,2.9270714285714288,2.406973084886128,2.406973084886128,0.2602405379857702
241,PredictionOnly,prediction,4,3.856,0.964,0.03600000000000003,3.856,3.064,3.064,0.7919999999999998
241,OnlineOnly,online,4,3.064,0.766,0.23399999999999999,3.856,3.064,3.064,0.0
241,StaticMixture,static,4,3.2619999999999996,0.8154999999999999,0.1845000000000001,3.856,3.064,3.064,0.1979999999999995
241,Hedge,hedge,4,3.3657318733382664,0.8414329683345666,0.1585670316654334,3.856,3.064,3.064,0.30173187333826634
241,ShiftAwareAdaptiveTrust,shift,4,3.4319506885031728,0.8579876721257932,0.1420123278742068,3.856,3.064,3.064,0.3679506885031727
242,PredictionOnly,prediction,3,2.896,0.9653333333333333,0.034666666666666734,2.896,2.756,2.756,0.14000000000000012
242,OnlineOnly,online,3,2.756,0.9186666666666666,0.08133333333333337,2.896,2.756,2.756,0.0
242,StaticMixture,static,3,2.7910000000000004,0.9303333333333335,0.06966666666666654,2.896,2.756,2.756,0.035000000000000586
242,Hedge,hedge,3,2.8247977438761613,0.9415992479587204,0.05840075204127959,2.896,2.756,2.756,0.06879774387616155
242,ShiftAwareAdaptiveTrust,shift,3,2.799016612587609,0.933005537529203,0.06699446247079699,2.896,2.756,2.756,0.04301661258760925
244,PredictionOnly,prediction,51,47.563079497907964,0.932609401919764,0.06739059808023595,47.563079497907964,40.60960669456066,40.60960669456066,6.953472803347303
244,OnlineOnly,online,51,40.60960669456066,0.7962667979325619,0.20373320206743806,47.563079497907964,40.60960669456066,40.60960669456066,0.0
244,StaticMixture,static,51,42.34797489539749,0.8303524489293626,0.16964755107063745,47.563079497907964,40.60960669456066,40.60960669456066,1.738368200836831
244,Hedge,hedge,51,41.07602703946411,0.805412294891453,0.19458770510854695,47.563079497907964,40.60960669456066,40.60960669456066,0.4664203449034474
244,ShiftAwareAdaptiveTrust,shift,51,43.27983582537416,0.8486242318700815,0.1513757681299185,47.563079497907964,40.60960669456066,40.60960669456066,2.670229130813496
245,PredictionOnly,prediction,45,41.504162296028646,0.9223147176895254,0.07768528231047456,41.504162296028646,27.474066821242726,27.474066821242726,14.03009547478592
245,OnlineOnly,online,45,27.474066821242726,0.6105348182498384,0.38946518175016165,41.504162296028646,27.474066821242726,27.474066821242726,0.0
245,StaticMixture,static,45,30.981590689939193,0.6884797931097598,0.3115202068902402,41.504162296028646,27.474066821242726,27.474066821242726,3.5075238686964667
245,Hedge,hedge,45,28.021297286210267,0.622695495249117,0.37730450475088295,41.504162296028646,27.474066821242726,27.474066821242726,0.5472304649675408
245,ShiftAwareAdaptiveTrust,shift,45,33.14346445544895,0.73652143234331,0.26347856765669,41.504162296028646,27.474066821242726,27.474066821242726,5.669397634206224
246,PredictionOnly,prediction,16,15.333301502785073,0.958331343924067,0.04166865607593295,15.333301502785073,11.210809992184277,11.210809992184277,4.1224915106007956
246,OnlineOnly,online,16,11.210809992184277,0.7006756245115173,0.2993243754884827,15.333301502785073,11.210809992184277,11.210809992184277,0.0
246,StaticMixture,static,16,12.241432869834474,0.7650895543646546,0.23491044563534536,15.333301502785073,11.210809992184277,11.210809992184277,1.0306228776501971
246,Hedge,hedge,16,11.658701937734865,0.728668871108429,0.27133112889157096,15.333301502785073,11.210809992184277,11.210809992184277,0.4478919455505874
246,ShiftAwareAdaptiveTrust,shift,16,12.89873455001559,0.8061709093759744,0.19382909062402565,15.333301502785073,11.210809992184277,11.210809992184277,1.6879245578313125
247,PredictionOnly,prediction,8,5.948,0.7435,0.25649999999999995,5.948,3.6679999999999993,3.6679999999999993,2.280000000000001
247,OnlineOnly,online,8,3.6679999999999993,0.4584999999999999,0.5415000000000001,5.948,3.6679999999999993,3.6679999999999993,0.0
247,StaticMixture,static,8,4.2379999999999995,0.5297499999999999,0.47025000000000006,5.948,3.6679999999999993,3.6679999999999993,0.5700000000000003
247,Hedge,hedge,8,4.094561870766321,0.5118202338457901,0.4881797661542099,5.948,3.6679999999999993,3.6679999999999993,0.4265618707663217
247,ShiftAwareAdaptiveTrust,shift,8,4.994176034972527,0.6242720043715658,0.3757279956284342,5.948,3.6679999999999993,3.6679999999999993,1.3261760349725273
249,PredictionOnly,prediction,8,7.064789699570816,0.883098712446352,0.11690128755364804,7.064789699570816,4.189304721030043,4.189304721030043,2.875484978540773
249,OnlineOnly,online,8,4.189304721030043,0.5236630901287553,0.47633690987124466,7.064789699570816,4.189304721030043,4.189304721030043,0.0
249,StaticMixture,static,8,4.908175965665237,0.6135219957081546,0.3864780042918454,7.064789699570816,4.189304721030043,4.189304721030043,0.7188712446351939
249,Hedge,hedge,8,4.658706618423706,0.5823383273029632,0.4176616726970368,7.064789699570816,4.189304721030043,4.189304721030043,0.4694018973936629
249,ShiftAwareAdaptiveTrust,shift,8,5.588408671040148,0.6985510838800185,0.3014489161199815,7.064789699570816,4.189304721030043,4.189304721030043,1.3991039500101055
250,PredictionOnly,prediction,55,45.47199999999998,0.826763636363636,0.17323636363636397,45.47199999999998,27.915999999999993,27.915999999999993,17.555999999999987
250,OnlineOnly,online,55,27.915999999999993,0.5075636363636362,0.4924363636363638,45.47199999999998,27.915999999999993,27.915999999999993,0.0
250,StaticMixture,static,55,32.305,0.5873636363636363,0.4126363636363637,45.47199999999998,27.915999999999993,27.915999999999993,4.3890000000000065
250,Hedge,hedge,55,28.34530620597045,0.5153692037449172,0.48463079625508276,45.47199999999998,27.915999999999993,27.915999999999993,0.4293062059704553
250,ShiftAwareAdaptiveTrust,shift,55,37.66974204541482,0.684904400825724,0.315095599174276,45.47199999999998,27.915999999999993,27.915999999999993,9.753742045414828
251,PredictionOnly,prediction,17,16.592926829268293,0.9760545193687231,0.023945480631276883,16.592926829268293,9.510984406237505,9.510984406237505,7.081942423030789
251,OnlineOnly,online,17,9.510984406237505,0.5594696709551473,0.4405303290448527,16.592926829268293,9.510984406237505,9.510984406237505,0.0
251,StaticMixture,static,17,11.2814700119952,0.6636158830585411,0.33638411694145887,16.592926829268293,9.510984406237505,9.510984406237505,1.7704856057576954
251,Hedge,hedge,17,10.019940714163047,0.5894082773037086,0.4105917226962914,16.592926829268293,9.510984406237505,9.510984406237505,0.5089563079255424
251,ShiftAwareAdaptiveTrust,shift,17,12.238228280253512,0.7198957811913831,0.2801042188086169,16.592926829268293,9.510984406237505,9.510984406237505,2.7272438740160077
253,PredictionOnly,prediction,3,2.904,0.968,0.03200000000000003,2.904,1.8319999999999999,1.8319999999999999,1.072
253,OnlineOnly,online,3,1.8319999999999999,0.6106666666666666,0.3893333333333334,2.904,1.8319999999999999,1.8319999999999999,0.0
253,StaticMixture,static,3,2.1,0.7000000000000001,0.29999999999999993,2.904,1.8319999999999999,1.8319999999999999,0.26800000000000024
253,Hedge,hedge,3,2.2420883815541535,0.7473627938513845,0.2526372061486155,2.904,1.8319999999999999,1.8319999999999999,0.4100883815541536
253,ShiftAwareAdaptiveTrust,shift,3,2.517801997698455,0.8392673325661516,0.1607326674338484,2.904,1.8319999999999999,1.8319999999999999,0.6858019976984551
254,PredictionOnly,prediction,22,17.984996615714845,0.8174998461688566,0.18250015383114337,17.984996615714845,12.256982114015395,12.256982114015395,5.72801450169945
254,OnlineOnly,online,22,12.256982114015395,0.5571355506370634,0.44286444936293656,17.984996615714845,12.256982114015395,12.256982114015395,0.0
254,StaticMixture,static,22,13.688985739440254,0.6222266245200115,0.37777337547998846,17.984996615714845,12.256982114015395,12.256982114015395,1.4320036254248585
254,Hedge,hedge,22,12.710593756813296,0.5777542616733317,0.42224573832666834,17.984996615714845,12.256982114015395,12.256982114015395,0.45361164279790067
254,ShiftAwareAdaptiveTrust,shift,22,15.038255608690852,0.6835570731223114,0.3164429268776886,17.984996615714845,12.256982114015395,12.256982114015395,2.7812734946754567
255,PredictionOnly,prediction,17,16.964,0.9978823529411764,0.0021176470588235574,16.964,9.37251941097724,9.37251941097724,7.591480589022758
255,OnlineOnly,online,17,9.37251941097724,0.5513246712339553,0.44867532876604466,16.964,9.37251941097724,9.37251941097724,0.0
255,StaticMixture,static,17,11.270389558232932,0.6629640916607606,0.33703590833923935,16.964,9.37251941097724,9.37251941097724,1.8978701472556914
255,Hedge,hedge,17,9.929540291879022,0.5840906054046483,0.4159093945953517,16.964,9.37251941097724,9.37251941097724,0.5570208809017814
255,ShiftAwareAdaptiveTrust,shift,17,11.129076512987844,0.6546515595875202,0.3453484404124798,16.964,9.37251941097724,9.37251941097724,1.7565571020106034
256,PredictionOnly,prediction,11,9.664,0.8785454545454545,0.12145454545454548,9.664,3.468000000000001,3.468000000000001,6.195999999999999
256,OnlineOnly,online,11,3.468000000000001,0.31527272727272737,0.6847272727272726,9.664,3.468000000000001,3.468000000000001,0.0
256,StaticMixture,static,11,5.0169999999999995,0.45609090909090905,0.5439090909090909,9.664,3.468000000000001,3.468000000000001,1.5489999999999986
256,Hedge,hedge,11,3.9700433963740824,0.3609130360340075,0.6390869639659925,9.664,3.468000000000001,3.468000000000001,0.5020433963740816
256,ShiftAwareAdaptiveTrust,shift,11,5.427760847351585,0.4934328043046895,0.5065671956953105,9.664,3.468000000000001,3.468000000000001,1.9597608473515837
257,PredictionOnly,prediction,15,14.08,0.9386666666666666,0.06133333333333335,14.08,9.472000000000001,9.472000000000001,4.607999999999999
257,OnlineOnly,online,15,9.472000000000001,0.6314666666666667,0.36853333333333327,14.08,9.472000000000001,9.472000000000001,0.0
257,StaticMixture,static,15,10.624,0.7082666666666667,0.2917333333333333,14.08,9.472000000000001,9.472000000000001,1.1519999999999992
257,Hedge,hedge,15,9.898835420536276,0.6599223613690851,0.3400776386309149,14.08,9.472000000000001,9.472000000000001,0.42683542053627477
257,ShiftAwareAdaptiveTrust,shift,15,11.797079577087473,0.7864719718058315,0.2135280281941685,14.08,9.472000000000001,9.472000000000001,2.3250795770874717
259,PredictionOnly,prediction,12,10.988,0.9156666666666666,0.08433333333333337,10.988,7.688000000000001,7.688000000000001,3.299999999999999
259,OnlineOnly,online,12,7.688000000000001,0.6406666666666667,0.3593333333333333,10.988,7.688000000000001,7.688000000000001,0.0
259,StaticMixture,static,12,8.512999999999998,0.7094166666666665,0.2905833333333335,10.988,7.688000000000001,7.688000000000001,0.8249999999999975
259,Hedge,hedge,12,8.136656750635542,0.6780547292196285,0.3219452707803715,10.988,7.688000000000001,7.688000000000001,0.448656750635541
259,ShiftAwareAdaptiveTrust,shift,12,9.290279814794452,0.7741899845662044,0.22581001543379564,10.988,7.688000000000001,7.688000000000001,1.6022798147944517
260,PredictionOnly,prediction,4,4.0,1.0,0.0,4.0,1.1576233564965253,1.1576233564965253,2.8423766435034747
260,OnlineOnly,online,4,1.1576233564965253,0.2894058391241313,0.7105941608758687,4.0,1.1576233564965253,1.1576233564965253,0.0
260,StaticMixture,static,4,1.8682175173723943,0.46705437934309857,0.5329456206569014,4.0,1.1576233564965253,1.1576233564965253,0.710594160875869
260,Hedge,hedge,4,1.7812310428972784,0.4453077607243196,0.5546922392756803,4.0,1.1576233564965253,1.1576233564965253,0.6236076864007531
260,ShiftAwareAdaptiveTrust,shift,4,1.9330802853006008,0.4832700713251502,0.5167299286748498,4.0,1.1576233564965253,1.1576233564965253,0.7754569288040756
261,PredictionOnly,prediction,12,11.14,0.9283333333333333,0.07166666666666666,11.14,10.696,10.696,0.44400000000000084
261,OnlineOnly,online,12,10.696,0.8913333333333333,0.10866666666666669,11.14,10.696,10.696,0.0
261,StaticMixture,static,12,10.807,0.9005833333333334,0.0994166666666666,11.14,10.696,10.696,0.11100000000000065
261,Hedge,hedge,12,10.91313454105808,0.9094278784215066,0.09057212157849337,11.14,10.696,10.696,0.21713454105807983
261,ShiftAwareAdaptiveTrust,shift,12,10.888871754605807,0.907405979550484,0.09259402044951603,11.14,10.696,10.696,0.1928717546058074
262,PredictionOnly,prediction,17,15.631999999999998,0.9195294117647057,0.0804705882352943,15.631999999999998,13.372,13.372,2.259999999999998
262,OnlineOnly,online,17,13.372,0.7865882352941176,0.2134117647058824,15.631999999999998,13.372,13.372,0.0
262,StaticMixture,static,17,13.937000000000001,0.8198235294117647,0.18017647058823527,15.631999999999998,13.372,13.372,0.5650000000000013
262,Hedge,hedge,17,13.776727777516486,0.8103957516186169,0.18960424838138312,15.631999999999998,13.372,13.372,0.40472777751648614
262,ShiftAwareAdaptiveTrust,shift,17,14.384033677677024,0.8461196280986485,0.1538803719013515,15.631999999999998,13.372,13.372,1.0120336776770245
263,PredictionOnly,prediction,6,5.648,0.9413333333333332,0.058666666666666756,5.648,4.968,4.968,0.6799999999999997
263,OnlineOnly,online,6,4.968,0.828,0.17200000000000004,5.648,4.968,4.968,0.0
263,StaticMixture,static,6,5.138,0.8563333333333333,0.14366666666666672,5.648,4.968,4.968,0.16999999999999993
263,Hedge,hedge,6,5.226157694887021,0.8710262824811702,0.1289737175188298,5.648,4.968,4.968,0.25815769488702145
263,ShiftAwareAdaptiveTrust,shift,6,5.34581259460431,0.890968765767385,0.10903123423261496,5.648,4.968,4.968,0.37781259460431027
264,PredictionOnly,prediction,17,16.764,0.9861176470588235,0.013882352941176457,16.764,10.896,10.896,5.8679999999999986
264,OnlineOnly,online,17,10.896,0.6409411764705882,0.35905882352941176,16.764,10.896,10.896,0.0
264,StaticMixture,static,17,12.363000000000001,0.7272352941176471,0.2727647058823529,16.764,10.896,10.896,1.4670000000000005
264,Hedge,hedge,17,11.327479160706897,0.666322303570994,0.333677696429006,16.764,10.896,10.896,0.4314791607068962
264,ShiftAwareAdaptiveTrust,shift,17,13.113726431093992,0.7713956724172937,0.22860432758270632,16.764,10.896,10.896,2.2177264310939915
265,PredictionOnly,prediction,5,4.996,0.9992000000000001,0.0007999999999999119,4.996,3.5519999999999996,3.5519999999999996,1.4440000000000008
265,OnlineOnly,online,5,3.5519999999999996,0.7103999999999999,0.2896000000000001,4.996,3.5519999999999996,3.5519999999999996,0.0
265,StaticMixture,static,5,3.9130000000000003,0.7826000000000001,0.21739999999999993,4.996,3.5519999999999996,3.5519999999999996,0.36100000000000065
265,Hedge,hedge,5,3.960520254778282,0.7921040509556564,0.2078959490443436,4.996,3.5519999999999996,3.5519999999999996,0.40852025477828224
265,ShiftAwareAdaptiveTrust,shift,5,4.273208108396407,0.8546416216792814,0.14535837832071863,4.996,3.5519999999999996,3.5519999999999996,0.7212081083964073
266,PredictionOnly,prediction,25,23.630981523088032,0.9452392609235213,0.054760739076478715,23.630981523088032,11.909968447847717,11.909968447847717,11.721013075240315
266,OnlineOnly,online,25,11.909968447847717,0.4763987379139087,0.5236012620860913,23.630981523088032,11.909968447847717,11.909968447847717,0.0
266,StaticMixture,static,25,14.840221716657796,0.5936088686663118,0.4063911313336882,23.630981523088032,11.909968447847717,11.909968447847717,2.9302532688100786
266,Hedge,hedge,25,12.393830109440652,0.49575320437762604,0.504246795622374,23.630981523088032,11.909968447847717,11.909968447847717,0.4838616615929343
266,ShiftAwareAdaptiveTrust,shift,25,16.409263673889527,0.6563705469555811,0.34362945304441894,23.630981523088032,11.909968447847717,11.909968447847717,4.499295226041809
267,PredictionOnly,prediction,54,49.51600000000003,0.9169629629629634,0.08303703703703658,49.51600000000003,33.84,33.84,15.676000000000023
267,OnlineOnly,online,54,33.84,0.6266666666666667,0.3733333333333333,49.51600000000003,33.84,33.84,0.0
267,StaticMixture,static,54,37.75899999999999,0.6992407407407406,0.3007592592592594,49.51600000000003,33.84,33.84,3.91899999999999
267,Hedge,hedge,54,34.32783534839171,0.6357006545998465,0.3642993454001535,49.51600000000003,33.84,33.84,0.4878353483917053
267,ShiftAwareAdaptiveTrust,shift,54,39.69881537242088,0.7351632476374237,0.2648367523625763,49.51600000000003,33.84,33.84,5.858815372420878
268,PredictionOnly,prediction,98,92.16000000000004,0.9404081632653065,0.05959183673469348,92.16000000000004,66.97199999999998,66.97199999999998,25.18800000000006
268,OnlineOnly,online,98,66.97199999999998,0.6833877551020406,0.31661224489795936,92.16000000000004,66.97199999999998,66.97199999999998,0.0
268,StaticMixture,static,98,73.26899999999999,0.747642857142857,0.25235714285714295,92.16000000000004,66.97199999999998,66.97199999999998,6.297000000000011
268,Hedge,hedge,98,67.39701458046532,0.6877246385761768,0.3122753614238232,92.16000000000004,66.97199999999998,66.97199999999998,0.42501458046534424
268,ShiftAwareAdaptiveTrust,shift,98,80.04918194533353,0.8168283871972809,0.1831716128027191,92.16000000000004,66.97199999999998,66.97199999999998,13.07718194533355
269,PredictionOnly,prediction,5,2.948,0.5896,0.4104,2.948,1.624,1.624,1.3239999999999998
269,OnlineOnly,online,5,1.624,0.32480000000000003,0.6752,2.948,1.624,1.624,0.0
269,StaticMixture,static,5,1.955,0.391,0.609,2.948,1.624,1.624,0.33099999999999996
269,Hedge,hedge,5,2.0142101360610307,0.40284202721220613,0.5971579727877938,2.948,1.624,1.624,0.3902101360610306
269,ShiftAwareAdaptiveTrust,shift,5,2.1353024801569123,0.42706049603138246,0.5729395039686176,2.948,1.624,1.624,0.5113024801569122
270,PredictionOnly,prediction,11,10.916,0.9923636363636364,0.007636363636363552,10.916,4.726271092669434,4.726271092669434,6.189728907330567
270,OnlineOnly,online,11,4.726271092669434,0.42966100842449395,0.570338991575506,10.916,4.726271092669434,4.726271092669434,0.0
270,StaticMixture,static,11,6.273703319502075,0.5703366654092795,0.4296633345907205,10.916,4.726271092669434,4.726271092669434,1.5474322268326413
270,Hedge,hedge,11,5.256610983985609,0.47787372581687354,0.5221262741831265,10.916,4.726271092669434,4.726271092669434,0.5303398913161752
270,ShiftAwareAdaptiveTrust,shift,11,6.68937770880244,0.6081252462547673,0.39187475374523273,10.916,4.726271092669434,4.726271092669434,1.9631066161330066
271,PredictionOnly,prediction,7,6.172,0.8817142857142857,0.11828571428571433,6.172,2.3120000000000003,2.3120000000000003,3.8599999999999994
271,OnlineOnly,online,7,2.3120000000000003,0.33028571428571435,0.6697142857142857,6.172,2.3120000000000003,2.3120000000000003,0.0
271,StaticMixture,static,7,3.2769999999999997,0.4681428571428571,0.5318571428571429,6.172,2.3120000000000003,2.3120000000000003,0.9649999999999994
271,Hedge,hedge,7,2.8905833828535408,0.41294048326479155,0.5870595167352084,6.172,2.3120000000000003,2.3120000000000003,0.5785833828535405
271,ShiftAwareAdaptiveTrust,shift,7,4.200512516778514,0.6000732166826449,0.3999267833173551,6.172,2.3120000000000003,2.3120000000000003,1.8885125167785137
272,PredictionOnly,prediction,8,7.595999999999999,0.9494999999999999,0.0505000000000001,7.595999999999999,5.8,5.8,1.7959999999999994
272,OnlineOnly,online,8,5.8,0.725,0.275,7.595999999999999,5.8,5.8,0.0
272,StaticMixture,static,8,6.249,0.781125,0.21887500000000004,7.595999999999999,5.8,5.8,0.44899999999999984
272,Hedge,hedge,8,6.31682602526544,0.78960325315818,0.21039674684181997,7.595999999999999,5.8,5.8,0.5168260252654404
272,ShiftAwareAdaptiveTrust,shift,8,6.591036214055992,0.823879526756999,0.17612047324300095,7.595999999999999,5.8,5.8,0.7910362140559926
273,PredictionOnly,prediction,9,8.897833110299143,0.9886481233665714,0.011351876633428626,8.897833110299143,5.126202870844214,5.126202870844214,3.771630239454929
273,OnlineOnly,online,9,5.126202870844214,0.5695780967604682,0.4304219032395318,8.897833110299143,5.126202870844214,5.126202870844214,0.0
273,StaticMixture,static,9,6.069110430707947,0.6743456034119941,0.3256543965880059,8.897833110299143,5.126202870844214,5.126202870844214,0.9429075598637331
273,Hedge,hedge,9,5.586041384286231,0.6206712649206924,0.37932873507930764,8.897833110299143,5.126202870844214,5.126202870844214,0.4598385134420173
273,ShiftAwareAdaptiveTrust,shift,9,6.597374707988328,0.7330416342209253,0.2669583657790747,8.897833110299143,5.126202870844214,5.126202870844214,1.471171837144114
274,PredictionOnly,prediction,34,32.28361813044511,0.9495181803072092,0.05048181969279075,32.28361813044511,23.5395431739686,23.5395431739686,8.744074956476513
274,OnlineOnly,online,34,23.5395431739686,0.6923395051167235,0.3076604948832765,32.28361813044511,23.5395431739686,23.5395431739686,0.0
274,StaticMixture,static,34,25.72556191308772,0.7566341739143447,0.24336582608565527,32.28361813044511,23.5395431739686,23.5395431739686,2.1860187391191204
274,Hedge,hedge,34,23.977624303790446,0.7052242442291308,0.29477575577086923,32.28361813044511,23.5395431739686,23.5395431739686,0.4380811298218461
274,ShiftAwareAdaptiveTrust,shift,34,26.951988434950586,0.792705542204429,0.20729445779557099,32.28361813044511,23.5395431739686,23.5395431739686,3.412445260981986
275,PredictionOnly,prediction,26,24.407774193548388,0.9387605459057072,0.06123945409429277,24.407774193548388,16.71370967741936,16.71370967741936,7.694064516129028
275,OnlineOnly,online,26,16.71370967741936,0.6428349875930522,0.35716501240694776,24.407774193548388,16.71370967741936,16.71370967741936,0.0
275,StaticMixture,static,26,18.637225806451617,0.716816377171216,0.28318362282878395,24.407774193548388,16.71370967741936,16.71370967741936,1.923516129032258
275,Hedge,hedge,26,17.193923104891525,0.6613047348035201,0.33869526519647986,24.407774193548388,16.71370967741936,16.71370967741936,0.4802134274721652
275,ShiftAwareAdaptiveTrust,shift,26,19.560075734812152,0.7523106051850827,0.24768939481491725,24.407774193548388,16.71370967741936,16.71370967741936,2.8463660573927925
277,PredictionOnly,prediction,13,12.895285819843084,0.9919450630648525,0.008054936935147472,12.895285819843084,10.206868034439877,10.206868034439877,2.6884177854032068
277,OnlineOnly,online,13,10.206868034439877,0.7851436949569136,0.2148563050430864,12.895285819843084,10.206868034439877,10.206868034439877,0.0
277,StaticMixture,static,13,10.87897248079068,0.8368440369838984,0.16315596301610158,12.895285819843084,10.206868034439877,10.206868034439877,0.6721044463508026
277,Hedge,hedge,13,10.631496448347901,0.8178074191036847,0.1821925808963153,12.895285819843084,10.206868034439877,10.206868034439877,0.4246284139080245
277,ShiftAwareAdaptiveTrust,shift,13,11.659365071328907,0.8968742362560698,0.10312576374393023,12.895285819843084,10.206868034439877,10.206868034439877,1.4524970368890298
278,PredictionOnly,prediction,14,13.5,0.9642857142857143,0.0357142857142857,13.5,9.856,9.856,3.644
278,OnlineOnly,online,14,9.856,0.704,0.29600000000000004,13.5,9.856,9.856,0.0
278,StaticMixture,static,14,10.767000000000001,0.7690714285714286,0.23092857142857137,13.5,9.856,9.856,0.9110000000000014
278,Hedge,hedge,14,10.316318071843167,0.736879862274512,0.26312013772548803,13.5,9.856,9.856,0.460318071843167
278,ShiftAwareAdaptiveTrust,shift,14,11.46361977632702,0.8188299840233586,0.1811700159766414,13.5,9.856,9.856,1.6076197763270201
280,PredictionOnly,prediction,5,4.732,0.9464,0.05359999999999998,4.732,2.2600000000000002,2.2600000000000002,2.472
280,OnlineOnly,online,5,2.2600000000000002,0.45200000000000007,0.5479999999999999,4.732,2.2600000000000002,2.2600000000000002,0.0
280,StaticMixture,static,5,2.8780000000000006,0.5756000000000001,0.4243999999999999,4.732,2.2600000000000002,2.2600000000000002,0.6180000000000003
280,Hedge,hedge,5,2.78142018394593,0.5562840367891859,0.4437159632108141,4.732,2.2600000000000002,2.2600000000000002,0.5214201839459296
280,ShiftAwareAdaptiveTrust,shift,5,3.0919499444598717,0.6183899888919744,0.3816100111080256,4.732,2.2600000000000002,2.2600000000000002,0.8319499444598715
281,PredictionOnly,prediction,10,9.687999999999999,0.9687999999999999,0.031200000000000117,9.687999999999999,5.148,5.148,4.539999999999999
281,OnlineOnly,online,10,5.148,0.5147999999999999,0.4852000000000001,9.687999999999999,5.148,5.148,0.0
281,StaticMixture,static,10,6.283,0.6283000000000001,0.3716999999999999,9.687999999999999,5.148,5.148,1.1350000000000007
281,Hedge,hedge,10,5.661471189602515,0.5661471189602515,0.4338528810397485,9.687999999999999,5.148,5.148,0.513471189602515
281,ShiftAwareAdaptiveTrust,shift,10,7.503621804926558,0.7503621804926558,0.2496378195073442,9.687999999999999,5.148,5.148,2.3556218049265585
282,PredictionOnly,prediction,32,30.773305521529135,0.9616657975477855,0.03833420245221453,30.773305521529135,18.977863179391363,18.977863179391363,11.795442342137772
282,OnlineOnly,online,32,18.977863179391363,0.5930582243559801,0.4069417756440199,30.773305521529135,18.977863179391363,18.977863179391363,0.0
282,StaticMixture,static,32,21.926723764925804,0.6852101176539314,0.31478988234606864,30.773305521529135,18.977863179391363,18.977863179391363,2.9488605855344403
282,Hedge,hedge,32,19.407590983201477,0.6064872182250461,0.39351278177495386,30.773305521529135,18.977863179391363,18.977863179391363,0.42972780381011333
282,ShiftAwareAdaptiveTrust,shift,32,23.09549297924411,0.7217341556013784,0.27826584439862156,30.773305521529135,18.977863179391363,18.977863179391363,4.117629799852747
285,PredictionOnly,prediction,49,43.536,0.8884897959183674,0.11151020408163259,43.536,32.092,32.092,11.444000000000003
285,OnlineOnly,online,49,32.092,0.6549387755102041,0.3450612244897959,43.536,32.092,32.092,0.0
285,StaticMixture,static,49,34.953,0.7133265306122449,0.28667346938775506,43.536,32.092,32.092,2.861000000000004
285,Hedge,hedge,49,32.50354641245447,0.6633376818868258,0.33666231811317415,43.536,32.092,32.092,0.4115464124544701
285,ShiftAwareAdaptiveTrust,shift,49,37.245604435520605,0.7601143762351144,0.23988562376488565,43.536,32.092,32.092,5.153604435520606
286,PredictionOnly,prediction,27,17.976000000000003,0.6657777777777779,0.3342222222222221,17.976000000000003,14.140000000000002,14.140000000000002,3.8360000000000003
286,OnlineOnly,online,27,14.140000000000002,0.5237037037037038,0.4762962962962962,17.976000000000003,14.140000000000002,14.140000000000002,0.0
286,StaticMixture,static,27,15.098999999999997,0.5592222222222221,0.44077777777777793,17.976000000000003,14.140000000000002,14.140000000000002,0.9589999999999943
286,Hedge,hedge,27,14.559702362362588,0.5392482356430588,0.4607517643569412,17.976000000000003,14.140000000000002,14.140000000000002,0.4197023623625853
286,ShiftAwareAdaptiveTrust,shift,27,15.954887886680844,0.590921773580772,0.409078226419228,17.976000000000003,14.140000000000002,14.140000000000002,1.8148878866808413
287,PredictionOnly,prediction,5,4.664,0.9328,0.06720000000000004,4.664,2.956,2.956,1.7079999999999997
287,OnlineOnly,online,5,2.956,0.5912,0.40880000000000005,4.664,2.956,2.956,0.0
287,StaticMixture,static,5,3.383,0.6766,0.3234,4.664,2.956,2.956,0.42700000000000005
287,Hedge,hedge,5,3.3917104258572177,0.6783420851714436,0.32165791482855643,4.664,2.956,2.956,0.43571042585721775
287,ShiftAwareAdaptiveTrust,shift,5,3.803458055044758,0.7606916110089517,0.23930838899104834,4.664,2.956,2.956,0.8474580550447581
288,PredictionOnly,prediction,15,14.395728813559321,0.9597152542372881,0.040284745762711904,14.395728813559321,9.918664531750371,9.918664531750371,4.47706428180895
288,OnlineOnly,online,15,9.918664531750371,0.6612443021166914,0.3387556978833086,14.395728813559321,9.918664531750371,9.918664531750371,0.0
288,StaticMixture,static,15,11.037930602202607,0.7358620401468404,0.2641379598531596,14.395728813559321,9.918664531750371,9.918664531750371,1.1192660704522357
288,Hedge,hedge,15,10.40343355489843,0.6935622369932286,0.3064377630067714,14.395728813559321,9.918664531750371,9.918664531750371,0.4847690231480577
288,ShiftAwareAdaptiveTrust,shift,15,11.773368861496774,0.7848912574331183,0.21510874256688173,14.395728813559321,9.918664531750371,9.918664531750371,1.8547043297464025
290,PredictionOnly,prediction,73,71.36923189588224,0.9776607109024964,0.0223392890975036,71.36923189588224,50.13506683806242,50.13506683806242,21.234165057819816
290,OnlineOnly,online,73,50.13506683806242,0.6867817375077044,0.31321826249229556,71.36923189588224,50.13506683806242,50.13506683806242,0.0
290,StaticMixture,static,73,55.44360810251739,0.7595014808564026,0.24049851914359743,71.36923189588224,50.13506683806242,50.13506683806242,5.308541264454966
290,Hedge,hedge,73,50.55696318444014,0.6925611395128787,0.3074388604871213,71.36923189588224,50.13506683806242,50.13506683806242,0.42189634637772144
290,ShiftAwareAdaptiveTrust,shift,73,59.96681285310955,0.821463189768624,0.17853681023137602,71.36923189588224,50.13506683806242,50.13506683806242,9.83174601504713
292,PredictionOnly,prediction,14,13.615967741935485,0.9725691244239633,0.02743087557603674,13.615967741935485,4.835290322580645,4.835290322580645,8.78067741935484
292,OnlineOnly,online,14,4.835290322580645,0.3453778801843318,0.6546221198156682,13.615967741935485,4.835290322580645,4.835290322580645,0.0
292,StaticMixture,static,14,7.030459677419356,0.5021756912442397,0.49782430875576034,13.615967741935485,4.835290322580645,4.835290322580645,2.1951693548387103
292,Hedge,hedge,14,5.39258116824354,0.38518436916025284,0.6148156308397472,13.615967741935485,4.835290322580645,4.835290322580645,0.5572908456628944
292,ShiftAwareAdaptiveTrust,shift,14,7.676936453987788,0.5483526038562706,0.4516473961437294,13.615967741935485,4.835290322580645,4.835290322580645,2.841646131407143
293,PredictionOnly,prediction,4,3.6599999999999997,0.9149999999999999,0.08500000000000008,3.6599999999999997,3.1479999999999997,3.1479999999999997,0.512
293,OnlineOnly,online,4,3.1479999999999997,0.7869999999999999,0.21300000000000008,3.6599999999999997,3.1479999999999997,3.1479999999999997,0.0
293,StaticMixture,static,4,3.2760000000000002,0.8190000000000001,0.18099999999999994,3.6599999999999997,3.1479999999999997,3.1479999999999997,0.12800000000000056
293,Hedge,hedge,4,3.4133421216710187,0.8533355304177547,0.14666446958224533,3.6599999999999997,3.1479999999999997,3.1479999999999997,0.265342121671019
293,ShiftAwareAdaptiveTrust,shift,4,3.2758215806097484,0.8189553951524371,0.1810446048475629,3.6599999999999997,3.1479999999999997,3.1479999999999997,0.1278215806097487
294,PredictionOnly,prediction,15,14.771999999999998,0.9847999999999999,0.015200000000000102,14.771999999999998,10.07918552036199,10.07918552036199,4.692814479638008
294,OnlineOnly,online,15,10.07918552036199,0.671945701357466,0.328054298642534,14.771999999999998,10.07918552036199,10.07918552036199,0.0
294,StaticMixture,static,15,11.252389140271493,0.7501592760180995,0.2498407239819005,14.771999999999998,10.07918552036199,10.07918552036199,1.1732036199095024
294,Hedge,hedge,15,10.526548380477392,0.7017698920318262,0.29823010796817384,14.771999999999998,10.07918552036199,10.07918552036199,0.44736286011540116
294,ShiftAwareAdaptiveTrust,shift,15,11.97081883763245,0.7980545891754967,0.20194541082450335,14.771999999999998,10.07918552036199,10.07918552036199,1.8916333172704594
295,PredictionOnly,prediction,27,23.23436571079129,0.8605320633626404,0.13946793663735957,23.23436571079129,18.855141694581427,18.855141694581427,4.379224016209864
295,OnlineOnly,online,27,18.855141694581427,0.6983385812807936,0.3016614187192064,23.23436571079129,18.855141694581427,18.855141694581427,0.0
295,StaticMixture,static,27,19.94994769863389,0.7388869518012551,0.2611130481987449,23.23436571079129,18.855141694581427,18.855141694581427,1.0948060040524616
295,Hedge,hedge,27,19.405737959983103,0.7187310355549298,0.2812689644450702,23.23436571079129,18.855141694581427,18.855141694581427,0.5505962654016763
295,ShiftAwareAdaptiveTrust,shift,27,20.851268436276353,0.7722692013435686,0.22773079865643142,23.23436571079129,18.855141694581427,18.855141694581427,1.9961267416949262
296,PredictionOnly,prediction,5,4.312,0.8624,0.13759999999999994,4.312,2.344,2.344,1.9680000000000004
296,OnlineOnly,online,5,2.344,0.4688,0.5312,4.312,2.344,2.344,0.0
296,StaticMixture,static,5,2.836,0.5671999999999999,0.4328000000000001,4.312,2.344,2.344,0.492
296,Hedge,hedge,5,2.8186410301444083,0.5637282060288816,0.43627179397111837,4.312,2.344,2.344,0.4746410301444084
296,ShiftAwareAdaptiveTrust,shift,5,3.039480810402235,0.607896162080447,0.39210383791955306,4.312,2.344,2.344,0.695480810402235
297,PredictionOnly,prediction,23,21.47875899705364,0.9338590868284191,0.06614091317158088,21.47875899705364,11.479594575420256,11.479594575420256,9.999164421633383
297,OnlineOnly,online,23,11.479594575420256,0.49911280762696764,0.5008871923730324,21.47875899705364,11.479594575420256,11.479594575420256,0.0
297,StaticMixture,static,23,13.979385680828603,0.6077993774273306,0.3922006225726694,21.47875899705364,11.479594575420256,11.479594575420256,2.499791105408347
297,Hedge,hedge,23,11.910851657092055,0.5178631155257415,0.4821368844742585,21.47875899705364,11.479594575420256,11.479594575420256,0.43125708167179866
297,ShiftAwareAdaptiveTrust,shift,23,14.458229622518939,0.6286186792399538,0.37138132076004615,21.47875899705364,11.479594575420256,11.479594575420256,2.978635047098683
298,PredictionOnly,prediction,3,2.752,0.9173333333333332,0.08266666666666678,2.752,1.8159999999999998,1.8159999999999998,0.9359999999999999
298,OnlineOnly,online,3,1.8159999999999998,0.6053333333333333,0.3946666666666667,2.752,1.8159999999999998,1.8159999999999998,0.0
298,StaticMixture,static,3,2.05,0.6833333333333332,0.31666666666666676,2.752,1.8159999999999998,1.8159999999999998,0.23399999999999999
298,Hedge,hedge,3,2.198843013463428,0.7329476711544759,0.2670523288455241,2.752,1.8159999999999998,1.8159999999999998,0.382843013463428
298,ShiftAwareAdaptiveTrust,shift,3,2.2908957428084746,0.7636319142694915,0.2363680857305085,2.752,1.8159999999999998,1.8159999999999998,0.4748957428084748
300,PredictionOnly,prediction,23,22.907999999999998,0.9959999999999999,0.004000000000000115,22.907999999999998,8.048000000000002,8.048000000000002,14.859999999999996
300,OnlineOnly,online,23,8.048000000000002,0.34991304347826097,0.6500869565217391,22.907999999999998,8.048000000000002,8.048000000000002,0.0
300,StaticMixture,static,23,11.763,0.5114347826086957,0.4885652173913043,22.907999999999998,8.048000000000002,8.048000000000002,3.714999999999998
300,Hedge,hedge,23,8.656696502812073,0.3763781088179162,0.6236218911820838,22.907999999999998,8.048000000000002,8.048000000000002,0.6086965028120712
300,ShiftAwareAdaptiveTrust,shift,23,10.88026045351456,0.47305480232672004,0.52694519767328,22.907999999999998,8.048000000000002,8.048000000000002,2.832260453514559
303,PredictionOnly,prediction,16,15.728995547960068,0.9830622217475042,0.01693777825249576,15.728995547960068,10.988771863369351,10.988771863369351,4.740223684590717
303,OnlineOnly,online,16,10.988771863369351,0.6867982414605844,0.31320175853941556,15.728995547960068,10.988771863369351,10.988771863369351,0.0
303,StaticMixture,static,16,12.17382778451703,0.7608642365323144,0.2391357634676856,15.728995547960068,10.988771863369351,10.988771863369351,1.1850559211476792
303,Hedge,hedge,16,11.425864324403534,0.7141165202752209,0.2858834797247791,15.728995547960068,10.988771863369351,10.988771863369351,0.4370924610341831
303,ShiftAwareAdaptiveTrust,shift,16,12.995095208156963,0.8121934505098102,0.18780654949018982,15.728995547960068,10.988771863369351,10.988771863369351,2.006323344787612
304,PredictionOnly,prediction,60,56.28581281471706,0.9380968802452844,0.06190311975471563,56.28581281471706,48.053655388798504,48.053655388798504,8.232157425918558
304,OnlineOnly,online,60,48.053655388798504,0.800894256479975,0.19910574352002497,56.28581281471706,48.053655388798504,48.053655388798504,0.0
304,StaticMixture,static,60,50.11169474527814,0.8351949124213024,0.1648050875786976,56.28581281471706,48.053655388798504,48.053655388798504,2.0580393564796395
304,Hedge,hedge,60,48.445398390375146,0.8074233065062525,0.1925766934937475,56.28581281471706,48.053655388798504,48.053655388798504,0.39174300157664277
304,ShiftAwareAdaptiveTrust,shift,60,52.80756875778377,0.8801261459630628,0.11987385403693718,56.28581281471706,48.053655388798504,48.053655388798504,4.753913368985266
305,PredictionOnly,prediction,4,3.7840517241379312,0.9460129310344828,0.05398706896551719,3.7840517241379312,2.4669540229885056,2.4669540229885056,1.3170977011494256
305,OnlineOnly,online,4,2.4669540229885056,0.6167385057471264,0.3832614942528736,3.7840517241379312,2.4669540229885056,2.4669540229885056,0.0
305,StaticMixture,static,4,2.796228448275862,0.6990571120689655,0.3009428879310345,3.7840517241379312,2.4669540229885056,2.4669540229885056,0.3292744252873563
305,Hedge,hedge,4,2.8901744435328585,0.7225436108832146,0.2774563891167854,3.7840517241379312,2.4669540229885056,2.4669540229885056,0.4232204205443528
305,ShiftAwareAdaptiveTrust,shift,4,3.1067301048937654,0.7766825262234414,0.22331747377655864,3.7840517241379312,2.4669540229885056,2.4669540229885056,0.6397760819052598
307,PredictionOnly,prediction,5,4.216,0.8432000000000001,0.15679999999999994,4.216,2.5959999999999996,2.5959999999999996,1.6200000000000006
307,OnlineOnly,online,5,2.5959999999999996,0.5191999999999999,0.4808000000000001,4.216,2.5959999999999996,2.5959999999999996,0.0
307,StaticMixture,static,5,3.0010000000000003,0.6002000000000001,0.39979999999999993,4.216,2.5959999999999996,2.5959999999999996,0.4050000000000007
307,Hedge,hedge,5,3.0151619448975207,0.6030323889795042,0.3969676110204958,4.216,2.5959999999999996,2.5959999999999996,0.419161944897521
307,ShiftAwareAdaptiveTrust,shift,5,3.484417881526115,0.696883576305223,0.303116423694777,4.216,2.5959999999999996,2.5959999999999996,0.8884178815261152
308,PredictionOnly,prediction,30,30.0,1.0,0.0,30.0,19.059866204171644,19.059866204171644,10.940133795828356
308,OnlineOnly,online,30,19.059866204171644,0.6353288734723882,0.3646711265276118,30.0,19.059866204171644,19.059866204171644,0.0
308,StaticMixture,static,30,21.79489965312873,0.7264966551042911,0.27350334489570893,30.0,19.059866204171644,19.059866204171644,2.735033448957086
308,Hedge,hedge,30,19.48971244669438,0.6496570815564794,0.3503429184435206,30.0,19.059866204171644,19.059866204171644,0.4298462425227356
308,ShiftAwareAdaptiveTrust,shift,30,22.382539989663094,0.7460846663221031,0.25391533367789687,30.0,19.059866204171644,19.059866204171644,3.3226737854914496
309,PredictionOnly,prediction,5,5.0,1.0,0.0,5.0,3.5969422736774765,3.5969422736774765,1.4030577263225235
309,OnlineOnly,online,5,3.5969422736774765,0.7193884547354953,0.2806115452645047,5.0,3.5969422736774765,3.5969422736774765,0.0
309,StaticMixture,static,5,3.947706705258107,0.7895413410516214,0.21045865894837856,5.0,3.5969422736774765,3.5969422736774765,0.35076443158063064
309,Hedge,hedge,5,4.0153446075714925,0.8030689215142985,0.19693107848570146,5.0,3.5969422736774765,3.5969422736774765,0.41840233389401593
309,ShiftAwareAdaptiveTrust,shift,5,4.167527211136935,0.8335054422273871,0.1664945577726129,5.0,3.5969422736774765,3.5969422736774765,0.5705849374594587
310,PredictionOnly,prediction,13,11.895999999999999,0.915076923076923,0.08492307692307699,11.895999999999999,9.992,9.992,1.9039999999999981
310,OnlineOnly,online,13,9.992,0.7686153846153847,0.2313846153846153,11.895999999999999,9.992,9.992,0.0
310,StaticMixture,static,13,10.468,0.8052307692307692,0.1947692307692308,11.895999999999999,9.992,9.992,0.4759999999999991
310,Hedge,hedge,13,10.374764182443917,0.7980587832649166,0.20194121673508336,11.895999999999999,9.992,9.992,0.38276418244391586
310,ShiftAwareAdaptiveTrust,shift,13,11.054726164179321,0.850363551090717,0.14963644890928296,11.895999999999999,9.992,9.992,1.0627261641793204
311,PredictionOnly,prediction,11,10.953586236425606,0.9957805669477824,0.004219433052217614,10.953586236425606,9.510504560661666,9.510504560661666,1.4430816757639402
311,OnlineOnly,online,11,9.510504560661666,0.864591323696515,0.13540867630348496,10.953586236425606,9.510504560661666,9.510504560661666,0.0
311,StaticMixture,static,11,9.871274979602651,0.8973886345093319,0.10261136549066807,10.953586236425606,9.510504560661666,9.510504560661666,0.3607704189409855
311,Hedge,hedge,11,9.882190679985214,0.8983809709077467,0.10161902909225329,10.953586236425606,9.510504560661666,9.510504560661666,0.3716861193235488
311,ShiftAwareAdaptiveTrust,shift,11,10.219207640002873,0.9290188763638976,0.07098112363610243,10.953586236425606,9.510504560661666,9.510504560661666,0.7087030793412072
313,PredictionOnly,prediction,14,13.148000000000001,0.9391428571428573,0.06085714285714272,13.148000000000001,12.023212851405622,12.023212851405622,1.124787148594379
313,OnlineOnly,online,14,12.023212851405622,0.8588009179575444,0.14119908204245557,13.148000000000001,12.023212851405622,12.023212851405622,0.0
313,StaticMixture,static,14,12.304409638554217,0.8788864027538726,0.12111359724612736,13.148000000000001,12.023212851405622,12.023212851405622,0.28119678714859475
313,Hedge,hedge,14,12.460236598646574,0.8900168999033268,0.10998310009667323,13.148000000000001,12.023212851405622,12.023212851405622,0.4370237472409517
313,ShiftAwareAdaptiveTrust,shift,14,12.62230707026708,0.9015933621619343,0.09840663783806569,13.148000000000001,12.023212851405622,12.023212851405622,0.5990942188614579
314,PredictionOnly,prediction,19,18.832,0.9911578947368421,0.008842105263157873,18.832,12.048,12.048,6.784000000000001
314,OnlineOnly,online,19,12.048,0.6341052631578947,0.3658947368421053,18.832,12.048,12.048,0.0
314,StaticMixture,static,19,13.743999999999998,0.7233684210526314,0.27663157894736856,18.832,12.048,12.048,1.695999999999998
314,Hedge,hedge,19,12.65323126523286,0.6659595402754137,0.3340404597245863,18.832,12.048,12.048,0.6052312652328595
314,ShiftAwareAdaptiveTrust,shift,19,14.049401024064286,0.7394421591612782,0.2605578408387218,18.832,12.048,12.048,2.001401024064286
315,PredictionOnly,prediction,3,2.996,0.9986666666666667,0.0013333333333332975,2.996,2.592,2.592,0.4039999999999999
315,OnlineOnly,online,3,2.592,0.864,0.136,2.996,2.592,2.592,0.0
315,StaticMixture,static,3,2.6929999999999996,0.8976666666666665,0.1023333333333335,2.996,2.592,2.592,0.10099999999999953
315,Hedge,hedge,3,2.779251555983448,0.926417185327816,0.07358281467218397,2.996,2.592,2.592,0.187251555983448
315,ShiftAwareAdaptiveTrust,shift,3,2.763682800863019,0.921227600287673,0.07877239971232697,2.996,2.592,2.592,0.17168280086301912
316,PredictionOnly,prediction,9,8.067094941756705,0.8963438824174117,0.1036561175825883,8.067094941756705,5.31383391295053,5.31383391295053,2.7532610288061754
316,OnlineOnly,online,9,5.31383391295053,0.5904259903278367,0.4095740096721633,8.067094941756705,5.31383391295053,5.31383391295053,0.0
316,StaticMixture,static,9,6.002149170152074,0.6669054633502305,0.3330945366497695,8.067094941756705,5.31383391295053,5.31383391295053,0.6883152572015439
316,Hedge,hedge,9,5.760165106600981,0.6400183451778868,0.3599816548221132,8.067094941756705,5.31383391295053,5.31383391295053,0.44633119365045104
316,ShiftAwareAdaptiveTrust,shift,9,6.464635700745532,0.7182928556383925,0.2817071443616075,8.067094941756705,5.31383391295053,5.31383391295053,1.150801787795002
317,PredictionOnly,prediction,13,11.952000000000002,0.9193846153846155,0.08061538461538453,11.952000000000002,9.392,9.392,2.5600000000000023
317,OnlineOnly,online,13,9.392,0.7224615384615384,0.2775384615384616,11.952000000000002,9.392,9.392,0.0
317,StaticMixture,static,13,10.032,0.7716923076923077,0.22830769230769232,11.952000000000002,9.392,9.392,0.6400000000000006
317,Hedge,hedge,13,9.801621632986459,0.7539708948451123,0.24602910515488774,11.952000000000002,9.392,9.392,0.40962163298645926
317,ShiftAwareAdaptiveTrust,shift,13,10.533492844758795,0.8102686803660611,0.18973131963393886,11.952000000000002,9.392,9.392,1.1414928447587958
318,PredictionOnly,prediction,4,3.3840000000000003,0.8460000000000001,0.15399999999999991,3.3840000000000003,2.392,2.392,0.9920000000000004
318,OnlineOnly,online,4,2.392,0.598,0.402,3.3840000000000003,2.392,2.392,0.0
318,StaticMixture,static,4,2.64,0.66,0.33999999999999997,3.3840000000000003,2.392,2.392,0.24800000000000022
318,Hedge,hedge,4,2.7383731369063113,0.6845932842265778,0.31540671577342216,3.3840000000000003,2.392,2.392,0.34637313690631144
318,ShiftAwareAdaptiveTrust,shift,4,3.0043345876280876,0.7510836469070219,0.2489163530929781,3.3840000000000003,2.392,2.392,0.6123345876280877
320,PredictionOnly,prediction,48,47.095633829422134,0.9811590381129611,0.018840961887038876,47.095633829422134,21.347896016044743,21.347896016044743,25.74773781337739
320,OnlineOnly,online,48,21.347896016044743,0.4447478336675988,0.5552521663324013,47.095633829422134,21.347896016044743,21.347896016044743,0.0
320,StaticMixture,static,48,27.78483046938908,0.5788506347789392,0.42114936522106083,47.095633829422134,21.347896016044743,21.347896016044743,6.436934453344339
320,Hedge,hedge,48,21.80962162504597,0.45436711718845774,0.5456328828115422,47.095633829422134,21.347896016044743,21.347896016044743,0.4617256090012276
320,ShiftAwareAdaptiveTrust,shift,48,27.754130815337128,0.5782110586528568,0.4217889413471432,47.095633829422134,21.347896016044743,21.347896016044743,6.406234799292385
321,PredictionOnly,prediction,3,2.952,0.984,0.016000000000000014,2.952,2.34,2.34,0.6120000000000001
321,OnlineOnly,online,3,2.34,0.7799999999999999,0.22000000000000008,2.952,2.34,2.34,0.0
321,StaticMixture,static,3,2.493,0.831,0.16900000000000004,2.952,2.34,2.34,0.15300000000000002
321,Hedge,hedge,3,2.601832714245648,0.867277571415216,0.132722428584784,2.952,2.34,2.34,0.261832714245648
321,ShiftAwareAdaptiveTrust,shift,3,2.615012065572868,0.8716706885242894,0.12832931147571058,2.952,2.34,2.34,0.2750120655728683
327,PredictionOnly,prediction,11,10.403999999999998,0.9458181818181817,0.05418181818181833,10.403999999999998,7.356,7.356,3.0479999999999983
327,OnlineOnly,online,11,7.356,0.6687272727272727,0.3312727272727273,10.403999999999998,7.356,7.356,0.0
327,StaticMixture,static,11,8.118,0.738,0.262,10.403999999999998,7.356,7.356,0.7620000000000005
327,Hedge,hedge,11,7.8433568974065695,0.7130324452187791,0.28696755478122093,10.403999999999998,7.356,7.356,0.4873568974065696
327,ShiftAwareAdaptiveTrust,shift,11,9.013530782031651,0.8194118892756047,0.1805881107243953,10.403999999999998,7.356,7.356,1.6575307820316514
328,PredictionOnly,prediction,34,33.772670214392114,0.9933138298350622,0.006686170164937777,33.772670214392114,18.36870276289466,18.36870276289466,15.403967451497454
328,OnlineOnly,online,34,18.36870276289466,0.5402559636145489,0.45974403638545114,33.772670214392114,18.36870276289466,18.36870276289466,0.0
328,StaticMixture,static,34,22.219694625769026,0.6535204301696772,0.3464795698303228,33.772670214392114,18.36870276289466,18.36870276289466,3.8509918628743662
328,Hedge,hedge,34,18.881061771919086,0.5553253462329143,0.4446746537670857,33.772670214392114,18.36870276289466,18.36870276289466,0.5123590090244257
328,ShiftAwareAdaptiveTrust,shift,34,23.237744288541677,0.6834630673100494,0.31653693268995065,33.772670214392114,18.36870276289466,18.36870276289466,4.869041525647017
329,PredictionOnly,prediction,3,2.7889914349419174,0.9296638116473058,0.07033618835269417,2.7889914349419174,2.2096542432649158,2.2096542432649158,0.5793371916770016
329,OnlineOnly,online,3,2.2096542432649158,0.7365514144216386,0.26344858557836137,2.7889914349419174,2.2096542432649158,2.2096542432649158,0.0
329,StaticMixture,static,3,2.3544885411841663,0.7848295137280554,0.21517048627194457,2.7889914349419174,2.2096542432649158,2.2096542432649158,0.1448342979192505
329,Hedge,hedge,3,2.459969955332272,0.8199899851107574,0.18001001488924262,2.7889914349419174,2.2096542432649158,2.2096542432649158,0.25031571206735626
329,ShiftAwareAdaptiveTrust,shift,3,2.433600019024396,0.8112000063414654,0.18879999365853462,2.7889914349419174,2.2096542432649158,2.2096542432649158,0.22394577575948027
330,PredictionOnly,prediction,18,12.778235992817217,0.7099019996009566,0.29009800039904343,12.778235992817217,3.388434623087088,3.388434623087088,9.38980136973013
330,OnlineOnly,online,18,3.388434623087088,0.18824636794928265,0.8117536320507174,12.778235992817217,3.388434623087088,3.388434623087088,0.0
330,StaticMixture,static,18,5.735884965519619,0.3186602758622011,0.681339724137799,12.778235992817217,3.388434623087088,3.388434623087088,2.3474503424325315
330,Hedge,hedge,18,3.9250616994179452,0.21805898330099696,0.7819410166990031,12.778235992817217,3.388434623087088,3.388434623087088,0.5366270763308574
330,ShiftAwareAdaptiveTrust,shift,18,6.95044340093815,0.3861357444965639,0.6138642555034362,12.778235992817217,3.388434623087088,3.388434623087088,3.5620087778510623
331,PredictionOnly,prediction,16,14.78,0.92375,0.07625000000000004,14.78,14.520000000000001,14.520000000000001,0.259999999999998
331,OnlineOnly,online,16,14.520000000000001,0.9075000000000001,0.09249999999999992,14.78,14.520000000000001,14.520000000000001,0.0
331,StaticMixture,static,16,14.584999999999999,0.9115624999999999,0.08843750000000006,14.78,14.520000000000001,14.520000000000001,0.06499999999999773
331,Hedge,hedge,16,14.659520479006583,0.9162200299379114,0.0837799700620886,14.78,14.520000000000001,14.520000000000001,0.13952047900658116
331,ShiftAwareAdaptiveTrust,shift,16,14.64177307864475,0.9151108174152969,0.08488918258470313,14.78,14.520000000000001,14.520000000000001,0.12177307864474862
332,PredictionOnly,prediction,5,4.848,0.9696,0.030399999999999983,4.848,3.592,3.592,1.2559999999999998
332,OnlineOnly,online,5,3.592,0.7184,0.28159999999999996,4.848,3.592,3.592,0.0
332,StaticMixture,static,5,3.906,0.7812,0.2188,4.848,3.592,3.592,0.31400000000000006
332,Hedge,hedge,5,3.9780697131336655,0.7956139426267331,0.20438605737326687,4.848,3.592,3.592,0.38606971313366545
332,ShiftAwareAdaptiveTrust,shift,5,4.338029867789085,0.867605973557817,0.132394026442183,4.848,3.592,3.592,0.7460298677890846
333,PredictionOnly,prediction,4,3.652,0.913,0.08699999999999997,3.652,3.232,3.232,0.41999999999999993
333,OnlineOnly,online,4,3.232,0.808,0.19199999999999995,3.652,3.232,3.232,0.0
333,StaticMixture,static,4,3.3369999999999997,0.8342499999999999,0.16575000000000006,3.652,3.232,3.232,0.10499999999999954
333,Hedge,hedge,4,3.4166092966333323,0.8541523241583331,0.1458476758416669,3.652,3.232,3.232,0.18460929663333214
333,ShiftAwareAdaptiveTrust,shift,4,3.485580294069492,0.871395073517373,0.128604926482627,3.652,3.232,3.232,0.2535802940694918
334,PredictionOnly,prediction,30,29.288442502196865,0.9762814167398955,0.023718583260104453,29.288442502196865,24.66917183209221,24.66917183209221,4.619270670104655
334,OnlineOnly,online,30,24.66917183209221,0.822305727736407,0.17769427226359302,29.288442502196865,24.66917183209221,24.66917183209221,0.0
334,StaticMixture,static,30,25.823989499618378,0.8607996499872793,0.13920035001272069,29.288442502196865,24.66917183209221,24.66917183209221,1.1548176675261672
334,Hedge,hedge,30,25.07440132634641,0.8358133775448804,0.1641866224551196,29.288442502196865,24.66917183209221,24.66917183209221,0.4052294942542005
334,ShiftAwareAdaptiveTrust,shift,30,26.496759836992272,0.8832253278997424,0.1167746721002576,29.288442502196865,24.66917183209221,24.66917183209221,1.8275880049000612
335,PredictionOnly,prediction,41,38.69972690763051,0.9438957782348906,0.05610422176510943,38.69972690763051,37.59538955823293,37.59538955823293,1.104337349397582
335,OnlineOnly,online,41,37.59538955823293,0.9169607209325105,0.08303927906748954,38.69972690763051,37.59538955823293,37.59538955823293,0.0
335,StaticMixture,static,41,37.871473895582334,0.9236944852581057,0.07630551474189429,38.69972690763051,37.59538955823293,37.59538955823293,0.27608433734940263
335,Hedge,hedge,41,37.9257539649717,0.9250183893895536,0.07498161061044639,38.69972690763051,37.59538955823293,37.59538955823293,0.33036440673876655
335,ShiftAwareAdaptiveTrust,shift,41,38.16456729650325,0.9308431047927622,0.06915689520723778,38.69972690763051,37.59538955823293,37.59538955823293,0.5691777382703194
336,PredictionOnly,prediction,16,15.562073732718895,0.972629608294931,0.027370391705069053,15.562073732718895,9.58217792190552,9.58217792190552,5.979895810813375
336,OnlineOnly,online,16,9.58217792190552,0.598886120119095,0.40111387988090497,15.562073732718895,9.58217792190552,9.58217792190552,0.0
336,StaticMixture,static,16,11.077151874608862,0.6923219921630539,0.3076780078369461,15.562073732718895,9.58217792190552,9.58217792190552,1.4949739527033419
336,Hedge,hedge,16,10.091112599504509,0.6306945374690318,0.3693054625309682,15.562073732718895,9.58217792190552,9.58217792190552,0.5089346775989885
336,ShiftAwareAdaptiveTrust,shift,16,11.560040378404976,0.722502523650311,0.277497476349689,15.562073732718895,9.58217792190552,9.58217792190552,1.9778624564994551
337,PredictionOnly,prediction,8,4.516,0.5645,0.4355,4.516,4.024,4.024,0.492
337,OnlineOnly,online,8,4.024,0.503,0.497,4.516,4.024,4.024,0.0
337,StaticMixture,static,8,4.146999999999999,0.5183749999999999,0.4816250000000001,4.516,4.024,4.024,0.12299999999999933
337,Hedge,hedge,8,4.229973949684434,0.5287467437105543,0.4712532562894457,4.516,4.024,4.024,0.2059739496844344
337,ShiftAwareAdaptiveTrust,shift,8,4.225406645563971,0.5281758306954963,0.47182416930450366,4.516,4.024,4.024,0.2014066455639707
338,PredictionOnly,prediction,71,66.06419986924443,0.9304816882992174,0.0695183117007826,66.06419986924443,49.5699855365947,49.5699855365947,16.494214332649733
338,OnlineOnly,online,71,49.5699855365947,0.6981688103745732,0.30183118962542677,66.06419986924443,49.5699855365947,49.5699855365947,0.0
338,StaticMixture,static,71,53.69353911975713,0.7562470298557342,0.24375297014426578,66.06419986924443,49.5699855365947,49.5699855365947,4.123553583162433
338,Hedge,hedge,71,50.07799100264839,0.7053238169387097,0.2946761830612903,66.06419986924443,49.5699855365947,49.5699855365947,0.5080054660536888
338,ShiftAwareAdaptiveTrust,shift,71,55.576999508796085,0.782774640968959,0.217225359031041,66.06419986924443,49.5699855365947,49.5699855365947,6.007013972201385
339,PredictionOnly,prediction,89,81.37666452997371,0.9143445452806035,0.0856554547193965,81.37666452997371,44.97478823729402,44.97478823729402,36.40187629267969
339,OnlineOnly,online,89,44.97478823729402,0.5053346992954384,0.4946653007045616,81.37666452997371,44.97478823729402,44.97478823729402,0.0
339,StaticMixture,static,89,54.07525731046392,0.6075871607917294,0.39241283920827064,81.37666452997371,44.97478823729402,44.97478823729402,9.100469073169897
339,Hedge,hedge,89,45.459370151851,0.5107794399084382,0.4892205600915618,81.37666452997371,44.97478823729402,44.97478823729402,0.4845819145569763
339,ShiftAwareAdaptiveTrust,shift,89,59.84966197994521,0.6724681121342159,0.32753188786578413,81.37666452997371,44.97478823729402,44.97478823729402,14.87487374265119
340,PredictionOnly,prediction,6,5.244,0.874,0.126,5.244,3.364,3.364,1.88
340,OnlineOnly,online,6,3.364,0.5606666666666666,0.43933333333333335,5.244,3.364,3.364,0.0
340,StaticMixture,static,6,3.8339999999999996,0.6389999999999999,0.3610000000000001,5.244,3.364,3.364,0.46999999999999975
340,Hedge,hedge,6,3.7994049173596203,0.63323415289327,0.36676584710673,5.244,3.364,3.364,0.4354049173596204
340,ShiftAwareAdaptiveTrust,shift,6,4.237611437871001,0.7062685729785002,0.2937314270214998,5.244,3.364,3.364,0.8736114378710012
341,PredictionOnly,prediction,10,8.768041584894881,0.8768041584894881,0.12319584151051188,8.768041584894881,7.0443861394137794,7.0443861394137794,1.7236554454811017
341,OnlineOnly,online,10,7.0443861394137794,0.704438613941378,0.29556138605862203,8.768041584894881,7.0443861394137794,7.0443861394137794,0.0
341,StaticMixture,static,10,7.475300000784054,0.7475300000784054,0.2524699999215946,8.768041584894881,7.0443861394137794,7.0443861394137794,0.430913861370275
341,Hedge,hedge,10,7.463287169581815,0.7463287169581815,0.2536712830418185,8.768041584894881,7.0443861394137794,7.0443861394137794,0.41890103016803515
341,ShiftAwareAdaptiveTrust,shift,10,7.900239502015453,0.7900239502015454,0.20997604979845463,8.768041584894881,7.0443861394137794,7.0443861394137794,0.8558533626016738
343,PredictionOnly,prediction,11,10.394617283950616,0.9449652076318742,0.05503479236812581,10.394617283950616,5.799793527049373,5.799793527049373,4.594823756901243
343,OnlineOnly,online,11,5.799793527049373,0.5272539570044885,0.4727460429955115,10.394617283950616,5.799793527049373,5.799793527049373,0.0
343,StaticMixture,static,11,6.948499466274685,0.6316817696613349,0.36831823033866506,10.394617283950616,5.799793527049373,5.799793527049373,1.1487059392253114
343,Hedge,hedge,11,6.330671723415488,0.5755156112195898,0.42448438878041017,10.394617283950616,5.799793527049373,5.799793527049373,0.5308781963661149
343,ShiftAwareAdaptiveTrust,shift,11,7.451384804921655,0.6773986186292413,0.32260138137075867,10.394617283950616,5.799793527049373,5.799793527049373,1.6515912778722814
344,PredictionOnly,prediction,9,8.536,0.9484444444444444,0.05155555555555558,8.536,7.031999999999999,7.031999999999999,1.5040000000000004
344,OnlineOnly,online,9,7.031999999999999,0.7813333333333332,0.2186666666666668,8.536,7.031999999999999,7.031999999999999,0.0
344,StaticMixture,static,9,7.4079999999999995,0.823111111111111,0.17688888888888898,8.536,7.031999999999999,7.031999999999999,0.37600000000000033
344,Hedge,hedge,9,7.409511331272661,0.8232790368080735,0.17672096319192654,8.536,7.031999999999999,7.031999999999999,0.3775113312726619
344,ShiftAwareAdaptiveTrust,shift,9,8.00114737218875,0.8890163746876389,0.11098362531236106,8.536,7.031999999999999,7.031999999999999,0.9691473721887514
346,PredictionOnly,prediction,22,21.126520563044505,0.9602963892292956,0.03970361077070439,21.126520563044505,11.3525748587167,11.3525748587167,9.773945704327804
346,OnlineOnly,online,22,11.3525748587167,0.5160261299416682,0.4839738700583318,21.126520563044505,11.3525748587167,11.3525748587167,0.0
346,StaticMixture,static,22,13.796061284798654,0.6270936947635751,0.3729063052364249,21.126520563044505,11.3525748587167,11.3525748587167,2.4434864260819538
346,Hedge,hedge,22,11.842424433838339,0.5382920197199245,0.46170798028007554,21.126520563044505,11.3525748587167,11.3525748587167,0.48984957512163874
346,ShiftAwareAdaptiveTrust,shift,22,14.861838116957369,0.6755380962253349,0.3244619037746651,21.126520563044505,11.3525748587167,11.3525748587167,3.5092632582406686
347,PredictionOnly,prediction,64,62.90741231611222,0.9829283174392535,0.017071682560746537,62.90741231611222,35.84853602216524,35.84853602216524,27.05887629394698
347,OnlineOnly,online,64,35.84853602216524,0.5601333753463319,0.4398666246536681,62.90741231611222,35.84853602216524,35.84853602216524,0.0
347,StaticMixture,static,64,42.613255095652,0.6658321108695625,0.3341678891304375,62.90741231611222,35.84853602216524,35.84853602216524,6.764719073486759
347,Hedge,hedge,64,36.31665280199145,0.5674477000311164,0.43255229996888356,62.90741231611222,35.84853602216524,35.84853602216524,0.4681167798262109
347,ShiftAwareAdaptiveTrust,shift,64,43.48735573394203,0.6794899333428442,0.32051006665715576,62.90741231611222,35.84853602216524,35.84853602216524,7.63881971177679
348,PredictionOnly,prediction,6,5.802270359652749,0.9670450599421249,0.03295494005787514,5.802270359652749,5.122011299435028,5.122011299435028,0.680259060217721
348,OnlineOnly,online,6,5.122011299435028,0.8536685499058381,0.14633145009416193,5.802270359652749,5.122011299435028,5.122011299435028,0.0
348,StaticMixture,static,6,5.292076064489458,0.8820126774149096,0.11798732258509037,5.802270359652749,5.122011299435028,5.122011299435028,0.17006476505442958
348,Hedge,hedge,6,5.37842037888923,0.8964033964815384,0.10359660351846156,5.802270359652749,5.122011299435028,5.122011299435028,0.256409079454202
348,ShiftAwareAdaptiveTrust,shift,6,5.48190040281164,0.9136500671352733,0.0863499328647267,5.802270359652749,5.122011299435028,5.122011299435028,0.3598891033766112
349,PredictionOnly,prediction,29,26.701049180327875,0.9207258338044094,0.07927416619559058,26.701049180327875,25.536944706863014,25.536944706863014,1.1641044734648602
349,OnlineOnly,online,29,25.536944706863014,0.8805843002366557,0.11941569976334432,26.701049180327875,25.536944706863014,25.536944706863014,0.0
349,StaticMixture,static,29,25.827970825229237,0.8906196836285943,0.10938031637140566,26.701049180327875,25.536944706863014,25.536944706863014,0.29102611836622216
349,Hedge,hedge,29,25.93880621226951,0.8944415935265349,0.10555840647346515,26.701049180327875,25.536944706863014,25.536944706863014,0.40186150540649734
349,ShiftAwareAdaptiveTrust,shift,29,26.16471897232701,0.9022316887009313,0.09776831129906871,26.701049180327875,25.536944706863014,25.536944706863014,0.6277742654639944
350,PredictionOnly,prediction,6,5.632,0.9386666666666666,0.06133333333333335,5.632,4.552,4.552,1.08
350,OnlineOnly,online,6,4.552,0.7586666666666666,0.2413333333333334,5.632,4.552,4.552,0.0
350,StaticMixture,static,6,4.822000000000001,0.8036666666666669,0.19633333333333314,5.632,4.552,4.552,0.27000000000000135
350,Hedge,hedge,6,4.893087496383673,0.8155145827306122,0.18448541726938783,5.632,4.552,4.552,0.34108749638367364
350,ShiftAwareAdaptiveTrust,shift,6,5.133129592569996,0.855521598761666,0.144478401238334,5.632,4.552,4.552,0.5811295925699964
351,PredictionOnly,prediction,14,12.716198500093709,0.9082998928638364,0.09170010713616361,12.716198500093709,9.518504583862981,9.518504583862981,3.197693916230728
351,OnlineOnly,online,14,9.518504583862981,0.6798931845616415,0.3201068154383585,12.716198500093709,9.518504583862981,9.518504583862981,0.0
351,StaticMixture,static,14,10.317928062920663,0.7369948616371902,0.2630051383628098,12.716198500093709,9.518504583862981,9.518504583862981,0.7994234790576815
351,Hedge,hedge,14,10.015910722493269,0.715422194463805,0.28457780553619505,12.716198500093709,9.518504583862981,9.518504583862981,0.4974061386302875
351,ShiftAwareAdaptiveTrust,shift,14,10.74843851333544,0.7677456080953886,0.2322543919046114,12.716198500093709,9.518504583862981,9.518504583862981,1.229933929472459
352,PredictionOnly,prediction,25,24.212000000000007,0.9684800000000002,0.03151999999999977,24.212000000000007,15.940000000000001,15.940000000000001,8.272000000000006
352,OnlineOnly,online,25,15.940000000000001,0.6376000000000001,0.36239999999999994,24.212000000000007,15.940000000000001,15.940000000000001,0.0
352,StaticMixture,static,25,18.008000000000006,0.7203200000000003,0.2796799999999997,24.212000000000007,15.940000000000001,15.940000000000001,2.068000000000005
352,Hedge,hedge,25,16.348964465568965,0.6539585786227586,0.34604142137724136,24.212000000000007,15.940000000000001,15.940000000000001,0.40896446556896393
352,ShiftAwareAdaptiveTrust,shift,25,19.268846242867706,0.7707538497147083,0.22924615028529172,24.212000000000007,15.940000000000001,15.940000000000001,3.328846242867705
353,PredictionOnly,prediction,5,4.888,0.9776,0.022399999999999975,4.888,4.308,4.308,0.5800000000000001
353,OnlineOnly,online,5,4.308,0.8615999999999999,0.13840000000000008,4.888,4.308,4.308,0.0
353,StaticMixture,static,5,4.453,0.8906000000000001,0.10939999999999994,4.888,4.308,4.308,0.14500000000000046
353,Hedge,hedge,5,4.536908756518069,0.9073817513036138,0.09261824869638624,4.888,4.308,4.308,0.2289087565180692
353,ShiftAwareAdaptiveTrust,shift,5,4.621070738114124,0.9242141476228248,0.07578585237717517,4.888,4.308,4.308,0.3130707381141242
355,PredictionOnly,prediction,42,37.635741276557894,0.8960890780132832,0.10391092198671681,37.635741276557894,23.75690256790475,23.75690256790475,13.878838708653145
355,OnlineOnly,online,42,23.75690256790475,0.5656405373310655,0.43435946266893455,37.635741276557894,23.75690256790475,23.75690256790475,0.0
355,StaticMixture,static,42,27.22661224506803,0.6482526725016198,0.3517473274983802,37.635741276557894,23.75690256790475,23.75690256790475,3.46970967716328
355,Hedge,hedge,42,24.17284200630189,0.5755438572929021,0.42445614270709786,37.635741276557894,23.75690256790475,23.75690256790475,0.4159394383971424
355,ShiftAwareAdaptiveTrust,shift,42,30.39960114065031,0.7238000271583408,0.2761999728416592,37.635741276557894,23.75690256790475,23.75690256790475,6.642698572745562
359,PredictionOnly,prediction,28,28.0,1.0,0.0,28.0,12.279858652789116,12.279858652789116,15.720141347210884
359,OnlineOnly,online,28,12.279858652789116,0.43856638045675417,0.5614336195432459,28.0,12.279858652789116,12.279858652789116,0.0
359,StaticMixture,static,28,16.20989398959184,0.5789247853425658,0.42107521465743425,28.0,12.279858652789116,12.279858652789116,3.9300353368027245
359,Hedge,hedge,28,12.782319447307753,0.45651140883241975,0.5434885911675802,28.0,12.279858652789116,12.279858652789116,0.5024607945186368
359,ShiftAwareAdaptiveTrust,shift,28,15.302893841231946,0.5465319229011409,0.45346807709885906,28.0,12.279858652789116,12.279858652789116,3.0230351884428295
360,PredictionOnly,prediction,15,13.947644835451289,0.9298429890300859,0.07015701096991411,13.947644835451289,10.91902313457152,10.91902313457152,3.0286217008797696
360,OnlineOnly,online,15,10.91902313457152,0.7279348756381013,0.27206512436189867,13.947644835451289,10.91902313457152,10.91902313457152,0.0
360,StaticMixture,static,15,11.676178559791461,0.7784119039860974,0.2215880960139026,13.947644835451289,10.91902313457152,10.91902313457152,0.757155425219942
360,Hedge,hedge,15,11.351007729351617,0.7567338486234411,0.24326615137655894,13.947644835451289,10.91902313457152,10.91902313457152,0.4319845947800971
360,ShiftAwareAdaptiveTrust,shift,15,11.99476598702242,0.7996510658014947,0.2003489341985053,13.947644835451289,10.91902313457152,10.91902313457152,1.075742852450901
361,PredictionOnly,prediction,12,11.728,0.9773333333333333,0.022666666666666724,11.728,7.404,7.404,4.324
361,OnlineOnly,online,12,7.404,0.617,0.383,11.728,7.404,7.404,0.0
361,StaticMixture,static,12,8.485,0.7070833333333333,0.2929166666666667,11.728,7.404,7.404,1.0809999999999995
361,Hedge,hedge,12,7.851976245682258,0.6543313538068548,0.3456686461931452,11.728,7.404,7.404,0.44797624568225825
361,ShiftAwareAdaptiveTrust,shift,12,8.746067650290131,0.7288389708575109,0.2711610291424891,11.728,7.404,7.404,1.3420676502901312
362,PredictionOnly,prediction,3,2.9634487316354026,0.9878162438784676,0.01218375612153244,2.9634487316354026,2.7394641858573534,2.7394641858573534,0.22398454577804916
362,OnlineOnly,online,3,2.7394641858573534,0.9131547286191178,0.08684527138088216,2.9634487316354026,2.7394641858573534,2.7394641858573534,0.0
362,StaticMixture,static,3,2.795460322301866,0.9318201074339553,0.06817989256604473,2.9634487316354026,2.7394641858573534,2.7394641858573534,0.05599613644451251
362,Hedge,hedge,3,2.8458330168977484,0.9486110056325828,0.05138899436741717,2.9634487316354026,2.7394641858573534,2.7394641858573534,0.10636883104039496
362,ShiftAwareAdaptiveTrust,shift,3,2.8338338957292426,0.9446112985764142,0.05538870142358576,2.9634487316354026,2.7394641858573534,2.7394641858573534,0.0943697098718892
363,PredictionOnly,prediction,3,2.916,0.972,0.028000000000000025,2.916,2.368,2.368,0.548
363,OnlineOnly,online,3,2.368,0.7893333333333333,0.21066666666666667,2.916,2.368,2.368,0.0
363,StaticMixture,static,3,2.505,0.835,0.16500000000000004,2.916,2.368,2.368,0.137
363,Hedge,hedge,3,2.6043328271307136,0.8681109423769046,0.13188905762309544,2.916,2.368,2.368,0.23633282713071369
363,ShiftAwareAdaptiveTrust,shift,3,2.573968715320466,0.8579895717734886,0.14201042822651144,2.916,2.368,2.368,0.2059687153204659
365,PredictionOnly,prediction,33,31.06114285714286,0.9412467532467533,0.05875324675324667,31.06114285714286,26.501795918367346,26.501795918367346,4.559346938775512
365,OnlineOnly,online,33,26.501795918367346,0.8030847247990105,0.1969152752009895,31.06114285714286,26.501795918367346,26.501795918367346,0.0
365,StaticMixture,static,33,27.64163265306122,0.8376252319109461,0.16237476808905393,31.06114285714286,26.501795918367346,26.501795918367346,1.1398367346938727
365,Hedge,hedge,33,26.890909293084917,0.8148760391843914,0.18512396081560856,31.06114285714286,26.501795918367346,26.501795918367346,0.3891133747175708
365,ShiftAwareAdaptiveTrust,shift,33,28.446526608919044,0.8620159578460316,0.13798404215396842,31.06114285714286,26.501795918367346,26.501795918367346,1.9447306905516974
366,PredictionOnly,prediction,33,29.55776069393761,0.8956897179981094,0.10431028200189063,29.55776069393761,15.960708416335473,15.960708416335473,13.597052277602137
366,OnlineOnly,online,33,15.960708416335473,0.48365783079804464,0.5163421692019554,29.55776069393761,15.960708416335473,15.960708416335473,0.0
366,StaticMixture,static,33,19.359971485736008,0.5866658025980609,0.4133341974019391,29.55776069393761,15.960708416335473,15.960708416335473,3.3992630694005346
366,Hedge,hedge,33,16.414834200674573,0.49741921820225976,0.5025807817977402,29.55776069393761,15.960708416335473,15.960708416335473,0.4541257843390998
366,ShiftAwareAdaptiveTrust,shift,33,21.72131317956821,0.6582216115020669,0.34177838849793307,29.55776069393761,15.960708416335473,15.960708416335473,5.760604763232736
368,PredictionOnly,prediction,10,9.704,0.9704,0.02959999999999996,9.704,4.92,4.92,4.784000000000001
368,OnlineOnly,online,10,4.92,0.492,0.508,9.704,4.92,4.92,0.0
368,StaticMixture,static,10,6.116,0.6115999999999999,0.3884000000000001,9.704,4.92,4.92,1.1959999999999997
368,Hedge,hedge,10,5.469979274149884,0.5469979274149883,0.4530020725850117,9.704,4.92,4.92,0.5499792741498837
368,ShiftAwareAdaptiveTrust,shift,10,6.410729721186815,0.6410729721186815,0.3589270278813185,9.704,4.92,4.92,1.4907297211868151
369,PredictionOnly,prediction,14,13.767094831208855,0.9833639165149182,0.016636083485081832,13.767094831208855,6.442405098753326,6.442405098753326,7.3246897324555285
369,OnlineOnly,online,14,6.442405098753326,0.4601717927680947,0.5398282072319053,13.767094831208855,6.442405098753326,6.442405098753326,0.0
369,StaticMixture,static,14,8.273577531867208,0.5909698237048006,0.40903017629519944,13.767094831208855,6.442405098753326,6.442405098753326,1.8311724331138812
369,Hedge,hedge,14,6.996727891991011,0.4997662779993579,0.5002337220006421,13.767094831208855,6.442405098753326,6.442405098753326,0.5543227932376844
369,ShiftAwareAdaptiveTrust,shift,14,9.662625408341151,0.6901875291672251,0.30981247083277486,13.767094831208855,6.442405098753326,6.442405098753326,3.220220309587825
370,PredictionOnly,prediction,17,16.691473836725738,0.9818514021603375,0.018148597839662495,16.691473836725738,15.618300802295666,15.618300802295666,1.0731730344300718
370,OnlineOnly,online,17,15.618300802295666,0.9187235766056274,0.08127642339437258,16.691473836725738,15.618300802295666,15.618300802295666,0.0
370,StaticMixture,static,17,15.886594060903187,0.9345055329943052,0.06549446700569483,16.691473836725738,15.618300802295666,15.618300802295666,0.26829325860752107
370,Hedge,hedge,17,15.940251891771359,0.9376618759865505,0.062338124013449514,16.691473836725738,15.618300802295666,15.618300802295666,0.32195108947569295
370,ShiftAwareAdaptiveTrust,shift,17,16.149263303277277,0.9499566648986634,0.05004333510133663,16.691473836725738,15.618300802295666,15.618300802295666,0.5309625009816106
371,PredictionOnly,prediction,28,27.995169082125603,0.9998274672187716,0.0001725327812284183,27.995169082125603,19.946893808272613,19.946893808272613,8.04827527385299
371,OnlineOnly,online,28,19.946893808272613,0.7123890645811647,0.2876109354188353,27.995169082125603,19.946893808272613,19.946893808272613,0.0
371,StaticMixture,static,28,21.95896262673586,0.7842486652405665,0.21575133475943353,27.995169082125603,19.946893808272613,19.946893808272613,2.0120688184632485
371,Hedge,hedge,28,20.423248689768524,0.7294017389203045,0.27059826107969553,27.995169082125603,19.946893808272613,19.946893808272613,0.47635488149591154
371,ShiftAwareAdaptiveTrust,shift,28,21.825655457410715,0.7794876949075256,0.22051230509247444,27.995169082125603,19.946893808272613,19.946893808272613,1.8787616491381023
372,PredictionOnly,prediction,13,13.0,1.0,0.0,13.0,5.873681245587866,5.873681245587866,7.126318754412134
372,OnlineOnly,online,13,5.873681245587866,0.4518216342759897,0.5481783657240102,13.0,5.873681245587866,5.873681245587866,0.0
372,StaticMixture,static,13,7.655260934190899,0.5888662257069922,0.4111337742930078,13.0,5.873681245587866,5.873681245587866,1.781579688603033
372,Hedge,hedge,13,6.381599552164004,0.4908922732433849,0.5091077267566151,13.0,5.873681245587866,5.873681245587866,0.5079183065761379
372,ShiftAwareAdaptiveTrust,shift,13,8.324522971539878,0.6403479208876829,0.3596520791123171,13.0,5.873681245587866,5.873681245587866,2.450841725952012
373,PredictionOnly,prediction,41,37.935999999999986,0.9252682926829264,0.07473170731707357,37.935999999999986,31.703999999999997,31.703999999999997,6.231999999999989
373,OnlineOnly,online,41,31.703999999999997,0.7732682926829267,0.22673170731707326,37.935999999999986,31.703999999999997,31.703999999999997,0.0
373,StaticMixture,static,41,33.26200000000001,0.811268292682927,0.188731707317073,37.935999999999986,31.703999999999997,31.703999999999997,1.5580000000000105
373,Hedge,hedge,41,32.11139544472215,0.7832047669444426,0.21679523305555737,37.935999999999986,31.703999999999997,31.703999999999997,0.4073954447221517
373,ShiftAwareAdaptiveTrust,shift,41,34.515790716576795,0.8418485540628486,0.15815144593715136,37.935999999999986,31.703999999999997,31.703999999999997,2.811790716576798
374,PredictionOnly,prediction,3,2.910053097345133,0.9700176991150443,0.02998230088495568,2.910053097345133,2.680283185840708,2.680283185840708,0.22976991150442494
374,OnlineOnly,online,3,2.680283185840708,0.8934277286135693,0.10657227138643066,2.910053097345133,2.680283185840708,2.680283185840708,0.0
374,StaticMixture,static,3,2.737725663716814,0.9125752212389381,0.08742477876106192,2.910053097345133,2.680283185840708,2.680283185840708,0.057442477876106235
374,Hedge,hedge,3,2.7895301665177934,0.9298433888392644,0.07015661116073557,2.910053097345133,2.680283185840708,2.680283185840708,0.10924698067708549
374,ShiftAwareAdaptiveTrust,shift,3,2.7695410480057205,0.9231803493352402,0.07681965066475982,2.910053097345133,2.680283185840708,2.680283185840708,0.08925786216501264
375,PredictionOnly,prediction,12,11.753725386401047,0.9794771155334207,0.02052288446657935,11.753725386401047,9.433814512890864,9.433814512890864,2.3199108735101834
375,OnlineOnly,online,12,9.433814512890864,0.786151209407572,0.213848790592428,11.753725386401047,9.433814512890864,9.433814512890864,0.0
375,StaticMixture,static,12,10.013792231268408,0.834482685939034,0.16551731406096604,11.753725386401047,9.433814512890864,9.433814512890864,0.5799777183775436
375,Hedge,hedge,12,9.848059212096219,0.8206716010080183,0.17932839899198172,11.753725386401047,9.433814512890864,9.433814512890864,0.414244699205355
375,ShiftAwareAdaptiveTrust,shift,12,10.45025184508117,0.8708543204234308,0.1291456795765692,11.753725386401047,9.433814512890864,9.433814512890864,1.0164373321903053
376,PredictionOnly,prediction,8,7.912,0.989,0.01100000000000001,7.912,4.936,4.936,2.976
376,OnlineOnly,online,8,4.936,0.617,0.383,7.912,4.936,4.936,0.0
376,StaticMixture,static,8,5.68,0.71,0.29000000000000004,7.912,4.936,4.936,0.7439999999999998
376,Hedge,hedge,8,5.422344634374105,0.6777930792967631,0.32220692070323687,7.912,4.936,4.936,0.48634463437410513
376,ShiftAwareAdaptiveTrust,shift,8,5.954529989320877,0.7443162486651096,0.2556837513348904,7.912,4.936,4.936,1.0185299893208768
377,PredictionOnly,prediction,11,10.155999999999999,0.9232727272727271,0.07672727272727287,10.155999999999999,8.764,8.764,1.3919999999999995
377,OnlineOnly,online,11,8.764,0.7967272727272726,0.20327272727272738,10.155999999999999,8.764,8.764,0.0
377,StaticMixture,static,11,9.112,0.8283636363636364,0.1716363636363636,10.155999999999999,8.764,8.764,0.34800000000000075
377,Hedge,hedge,11,9.140059103268815,0.8309144639335286,0.16908553606647136,10.155999999999999,8.764,8.764,0.3760591032688154
377,ShiftAwareAdaptiveTrust,shift,11,9.63071138669917,0.8755192169726519,0.12448078302734811,10.155999999999999,8.764,8.764,0.8667113866991709
378,PredictionOnly,prediction,6,5.237917355371901,0.8729862258953168,0.12701377410468317,5.237917355371901,3.0975537190082645,3.0975537190082645,2.1403636363636367
378,OnlineOnly,online,6,3.0975537190082645,0.516258953168044,0.48374104683195596,5.237917355371901,3.0975537190082645,3.0975537190082645,0.0
378,StaticMixture,static,6,3.6326446280991735,0.6054407713498623,0.3945592286501377,5.237917355371901,3.0975537190082645,3.0975537190082645,0.5350909090909091
378,Hedge,hedge,6,3.5958880618168227,0.5993146769694705,0.4006853230305295,5.237917355371901,3.0975537190082645,3.0975537190082645,0.49833434280855826
378,ShiftAwareAdaptiveTrust,shift,6,4.0910555934659305,0.6818425989109884,0.3181574010890116,5.237917355371901,3.0975537190082645,3.0975537190082645,0.993501874457666
379,PredictionOnly,prediction,10,9.532,0.9532,0.04679999999999995,9.532,6.872,6.872,2.66
379,OnlineOnly,online,10,6.872,0.6872,0.31279999999999997,9.532,6.872,6.872,0.0
379,StaticMixture,static,10,7.537000000000001,0.7537,0.24629999999999996,9.532,6.872,6.872,0.6650000000000009
379,Hedge,hedge,10,7.3148144207710395,0.731481442077104,0.26851855792289603,9.532,6.872,6.872,0.4428144207710396
379,ShiftAwareAdaptiveTrust,shift,10,8.017035255331486,0.8017035255331486,0.1982964744668514,9.532,6.872,6.872,1.1450352553314858
382,PredictionOnly,prediction,29,27.847999999999992,0.9602758620689652,0.0397241379310348,27.847999999999992,22.996,22.996,4.851999999999993
382,OnlineOnly,online,29,22.996,0.7929655172413793,0.20703448275862069,27.847999999999992,22.996,22.996,0.0
382,StaticMixture,static,29,24.209,0.8347931034482758,0.16520689655172416,27.847999999999992,22.996,22.996,1.213000000000001
382,Hedge,hedge,29,23.388304093770973,0.8064932446127921,0.19350675538720785,27.847999999999992,22.996,22.996,0.3923040937709743
382,ShiftAwareAdaptiveTrust,shift,29,25.949409130769226,0.8948072114058354,0.10519278859416459,27.847999999999992,22.996,22.996,2.953409130769227
384,PredictionOnly,prediction,5,4.987596638655463,0.9975193277310925,0.002480672268907469,4.987596638655463,3.5868597285067874,3.5868597285067874,1.4007369101486753
384,OnlineOnly,online,5,3.5868597285067874,0.7173719457013574,0.2826280542986426,4.987596638655463,3.5868597285067874,3.5868597285067874,0.0
384,StaticMixture,static,5,3.9370439560439565,0.7874087912087913,0.21259120879120874,4.987596638655463,3.5868597285067874,3.5868597285067874,0.35018422753716916
384,Hedge,hedge,5,4.003698445818632,0.8007396891637264,0.1992603108362736,4.987596638655463,3.5868597285067874,3.5868597285067874,0.4168387173118444
384,ShiftAwareAdaptiveTrust,shift,5,4.095185746508946,0.8190371493017892,0.18096285069821083,4.987596638655463,3.5868597285067874,3.5868597285067874,0.5083260180021587
385,PredictionOnly,prediction,18,17.146845826559275,0.9526025459199597,0.04739745408004026,17.146845826559275,14.337169163571456,14.337169163571456,2.809676662987819
385,OnlineOnly,online,18,14.337169163571456,0.796509397976192,0.20349060202380798,17.146845826559275,14.337169163571456,14.337169163571456,0.0
385,StaticMixture,static,18,15.039588329318413,0.8355326849621341,0.16446731503786594,17.146845826559275,14.337169163571456,14.337169163571456,0.7024191657469565
385,Hedge,hedge,18,14.741332744840582,0.8189629302689212,0.1810370697310788,17.146845826559275,14.337169163571456,14.337169163571456,0.40416358126912577
385,ShiftAwareAdaptiveTrust,shift,18,15.620538681859497,0.8678077045477498,0.1321922954522502,17.146845826559275,14.337169163571456,14.337169163571456,1.2833695182880405
386,PredictionOnly,prediction,7,6.349515418502203,0.9070736312146004,0.09292636878539962,6.349515418502203,6.082220264317181,6.082220264317181,0.2672951541850219
386,OnlineOnly,online,7,6.082220264317181,0.8688886091881687,0.13111139081183132,6.349515418502203,6.082220264317181,6.082220264317181,0.0
386,StaticMixture,static,7,6.149044052863437,0.8784348646947767,0.12156513530522328,6.349515418502203,6.082220264317181,6.082220264317181,0.06682378854625615
386,Hedge,hedge,7,6.2070637791647005,0.8867233970235286,0.11327660297647135,6.349515418502203,6.082220264317181,6.082220264317181,0.12484351484751954
386,ShiftAwareAdaptiveTrust,shift,7,6.189200287251447,0.8841714696073496,0.1158285303926504,6.349515418502203,6.082220264317181,6.082220264317181,0.10698002293426612
388,PredictionOnly,prediction,30,28.759999999999987,0.9586666666666662,0.04133333333333378,28.759999999999987,14.672000000000004,14.672000000000004,14.087999999999983
388,OnlineOnly,online,30,14.672000000000004,0.4890666666666668,0.5109333333333332,28.759999999999987,14.672000000000004,14.672000000000004,0.0
388,StaticMixture,static,30,18.194000000000003,0.6064666666666667,0.3935333333333333,28.759999999999987,14.672000000000004,14.672000000000004,3.5219999999999985
388,Hedge,hedge,30,15.140083457670983,0.5046694485890327,0.49533055141096727,28.759999999999987,14.672000000000004,14.672000000000004,0.4680834576709785
388,ShiftAwareAdaptiveTrust,shift,30,20.303128279787252,0.676770942659575,0.32322905734042495,28.759999999999987,14.672000000000004,14.672000000000004,5.631128279787248
389,PredictionOnly,prediction,3,2.64,0.88,0.12,2.64,2.3600000000000003,2.3600000000000003,0.2799999999999998
389,OnlineOnly,online,3,2.3600000000000003,0.7866666666666667,0.21333333333333326,2.64,2.3600000000000003,2.3600000000000003,0.0
389,StaticMixture,static,3,2.43,0.81,0.18999999999999995,2.64,2.3600000000000003,2.3600000000000003,0.06999999999999984
389,Hedge,hedge,3,2.4915130402090035,0.8305043467363346,0.16949565326366545,2.64,2.3600000000000003,2.3600000000000003,0.13151304020900323
389,ShiftAwareAdaptiveTrust,shift,3,2.4991510376500217,0.8330503458833406,0.1669496541166594,2.64,2.3600000000000003,2.3600000000000003,0.13915103765002135
391,PredictionOnly,prediction,5,4.236,0.8472,0.15280000000000005,4.236,3.8919999999999995,3.8919999999999995,0.3440000000000003
391,OnlineOnly,online,5,3.8919999999999995,0.7783999999999999,0.22160000000000013,4.236,3.8919999999999995,3.8919999999999995,0.0
391,StaticMixture,static,5,3.9779999999999998,0.7956,0.20440000000000003,4.236,3.8919999999999995,3.8919999999999995,0.0860000000000003
391,Hedge,hedge,5,4.04946032117218,0.809892064234436,0.19010793576556395,4.236,3.8919999999999995,3.8919999999999995,0.15746032117218078
391,ShiftAwareAdaptiveTrust,shift,5,4.06834284356563,0.813668568713126,0.18633143128687402,4.236,3.8919999999999995,3.8919999999999995,0.17634284356563068
393,PredictionOnly,prediction,3,2.928,0.976,0.02400000000000002,2.928,2.34,2.34,0.5880000000000001
393,OnlineOnly,online,3,2.34,0.7799999999999999,0.22000000000000008,2.928,2.34,2.34,0.0
393,StaticMixture,static,3,2.487,0.8290000000000001,0.17099999999999993,2.928,2.34,2.34,0.14700000000000024
393,Hedge,hedge,3,2.591783535379921,0.8639278451266402,0.13607215487335977,2.928,2.34,2.34,0.25178353537992093
393,ShiftAwareAdaptiveTrust,shift,3,2.6608340565583473,0.886944685519449,0.11305531448055095,2.928,2.34,2.34,0.3208340565583474
395,PredictionOnly,prediction,21,20.794759968540355,0.9902266651685883,0.00977333483141174,20.794759968540355,13.481038400752654,13.481038400752654,7.3137215677877006
395,OnlineOnly,online,21,13.481038400752654,0.6419542095596502,0.3580457904403498,20.794759968540355,13.481038400752654,13.481038400752654,0.0
395,StaticMixture,static,21,15.30946879269958,0.7290223234618848,0.2709776765381152,20.794759968540355,13.481038400752654,13.481038400752654,1.8284303919469256
395,Hedge,hedge,21,13.896776861836912,0.661751279135091,0.338248720864909,20.794759968540355,13.481038400752654,13.481038400752654,0.41573846108425805
395,ShiftAwareAdaptiveTrust,shift,21,16.598205469942904,0.7903907366639478,0.20960926333605223,20.794759968540355,13.481038400752654,13.481038400752654,3.11716706919025
397,PredictionOnly,prediction,16,15.572628574692516,0.9732892859182822,0.026710714081717768,15.572628574692516,13.556971389613993,13.556971389613993,2.0156571850785223
397,OnlineOnly,online,16,13.556971389613993,0.8473107118508746,0.1526892881491254,15.572628574692516,13.556971389613993,13.556971389613993,0.0
397,StaticMixture,static,16,14.060885685883624,0.8788053553677265,0.12119464463227347,15.572628574692516,13.556971389613993,13.556971389613993,0.503914296269631
397,Hedge,hedge,16,13.93581863109151,0.8709886644432194,0.12901133555678057,15.572628574692516,13.556971389613993,13.556971389613993,0.37884724147751747
397,ShiftAwareAdaptiveTrust,shift,16,14.610082746492804,0.9131301716558002,0.08686982834419976,15.572628574692516,13.556971389613993,13.556971389613993,1.0531113568788104
400,PredictionOnly,prediction,31,30.22644021029559,0.975046458396632,0.024953541603368046,30.22644021029559,20.612556080726982,20.612556080726982,9.613884129568607
400,OnlineOnly,online,31,20.612556080726982,0.6649211638944188,0.3350788361055812,30.22644021029559,20.612556080726982,20.612556080726982,0.0
400,StaticMixture,static,31,23.016027113119137,0.7424524875199722,0.25754751248002783,30.22644021029559,20.612556080726982,20.612556080726982,2.4034710323921544
400,Hedge,hedge,31,21.116855546500528,0.6811888885967912,0.31881111140320884,30.22644021029559,20.612556080726982,20.612556080726982,0.5042994657735456
400,ShiftAwareAdaptiveTrust,shift,31,24.333626915064865,0.7849557069375763,0.21504429306242367,30.22644021029559,20.612556080726982,20.612556080726982,3.7210708343378833
403,PredictionOnly,prediction,10,9.770478448640866,0.9770478448640866,0.02295215513591342,9.770478448640866,9.018238631552206,9.018238631552206,0.7522398170886593
403,OnlineOnly,online,10,9.018238631552206,0.9018238631552207,0.09817613684477933,9.770478448640866,9.018238631552206,9.018238631552206,0.0
403,StaticMixture,static,10,9.20629858582437,0.9206298585824371,0.07937014141756293,9.770478448640866,9.018238631552206,9.018238631552206,0.18805995427216438
403,Hedge,hedge,10,9.280055906295788,0.9280055906295788,0.07199440937042123,9.770478448640866,9.018238631552206,9.018238631552206,0.2618172747435814
403,ShiftAwareAdaptiveTrust,shift,10,9.303355718168369,0.9303355718168369,0.0696644281831631,9.770478448640866,9.018238631552206,9.018238631552206,0.28511708661616275
405,PredictionOnly,prediction,8,7.4239999999999995,0.9279999999999999,0.07200000000000006,7.4239999999999995,3.628,3.628,3.7959999999999994
405,OnlineOnly,online,8,3.628,0.4535,0.5465,7.4239999999999995,3.628,3.628,0.0
405,StaticMixture,static,8,4.577,0.572125,0.427875,7.4239999999999995,3.628,3.628,0.9489999999999998
405,Hedge,hedge,8,4.1351977342621495,0.5168997167827687,0.4831002832172313,7.4239999999999995,3.628,3.628,0.5071977342621494
405,ShiftAwareAdaptiveTrust,shift,8,5.584302073525286,0.6980377591906608,0.3019622408093392,7.4239999999999995,3.628,3.628,1.9563020735252863
408,PredictionOnly,prediction,11,10.436,0.9487272727272728,0.05127272727272725,10.436,6.012,6.012,4.424
408,OnlineOnly,online,11,6.012,0.5465454545454546,0.45345454545454544,10.436,6.012,6.012,0.0
408,StaticMixture,static,11,7.118,0.6470909090909092,0.35290909090909084,10.436,6.012,6.012,1.1060000000000008
408,Hedge,hedge,11,6.47955066489898,0.5890500604453618,0.4109499395546382,10.436,6.012,6.012,0.46755066489898045
408,ShiftAwareAdaptiveTrust,shift,11,8.31891129300299,0.7562646630002718,0.24373533699972816,10.436,6.012,6.012,2.306911293002991
410,PredictionOnly,prediction,8,7.843677283484843,0.9804596604356054,0.019540339564394604,7.843677283484843,5.108170529482209,5.108170529482209,2.7355067540026345
410,OnlineOnly,online,8,5.108170529482209,0.6385213161852761,0.3614786838147239,7.843677283484843,5.108170529482209,5.108170529482209,0.0
410,StaticMixture,static,8,5.792047217982867,0.7240059022478583,0.2759940977521417,7.843677283484843,5.108170529482209,5.108170529482209,0.683876688500658
410,Hedge,hedge,8,5.584991301993245,0.6981239127491556,0.30187608725084436,7.843677283484843,5.108170529482209,5.108170529482209,0.4768207725110365
410,ShiftAwareAdaptiveTrust,shift,8,6.291553552898678,0.7864441941123348,0.2135558058876652,7.843677283484843,5.108170529482209,5.108170529482209,1.1833830234164697
411,PredictionOnly,prediction,34,32.28,0.9494117647058824,0.0505882352941176,32.28,15.788000000000002,15.788000000000002,16.491999999999997
411,OnlineOnly,online,34,15.788000000000002,0.46435294117647063,0.5356470588235294,32.28,15.788000000000002,15.788000000000002,0.0
411,StaticMixture,static,34,19.910999999999998,0.5856176470588235,0.41438235294117653,32.28,15.788000000000002,15.788000000000002,4.122999999999996
411,Hedge,hedge,34,16.30939114879873,0.4796879749646686,0.5203120250353315,32.28,15.788000000000002,15.788000000000002,0.5213911487987293
411,ShiftAwareAdaptiveTrust,shift,34,20.515178197295135,0.6033875940380922,0.39661240596190783,32.28,15.788000000000002,15.788000000000002,4.727178197295133
413,PredictionOnly,prediction,12,12.0,1.0,0.0,12.0,9.06977226680487,9.06977226680487,2.93022773319513
413,OnlineOnly,online,12,9.06977226680487,0.7558143555670725,0.24418564443292745,12.0,9.06977226680487,9.06977226680487,0.0
413,StaticMixture,static,12,9.802329200103655,0.8168607666753046,0.1831392333246954,12.0,9.06977226680487,9.06977226680487,0.7325569332987847
413,Hedge,hedge,12,9.492124192170465,0.7910103493475388,0.20898965065246122,12.0,9.06977226680487,9.06977226680487,0.42235192536559474
413,ShiftAwareAdaptiveTrust,shift,12,10.309659394129314,0.8591382828441095,0.14086171715589046,12.0,9.06977226680487,9.06977226680487,1.2398871273244438
414,PredictionOnly,prediction,25,22.612000000000002,0.9044800000000001,0.09551999999999994,22.612000000000002,12.148000000000001,12.148000000000001,10.464
414,OnlineOnly,online,25,12.148000000000001,0.4859200000000001,0.5140799999999999,22.612000000000002,12.148000000000001,12.148000000000001,0.0
414,StaticMixture,static,25,14.764000000000001,0.5905600000000001,0.4094399999999999,22.612000000000002,12.148000000000001,12.148000000000001,2.6159999999999997
414,Hedge,hedge,25,12.595320585944691,0.5038128234377877,0.49618717656221234,22.612000000000002,12.148000000000001,12.148000000000001,0.4473205859446896
414,ShiftAwareAdaptiveTrust,shift,25,17.49299123193336,0.6997196492773344,0.30028035072266557,22.612000000000002,12.148000000000001,12.148000000000001,5.344991231933358
415,PredictionOnly,prediction,86,85.60691354095626,0.9954292272204216,0.0045707727795784026,85.60691354095626,71.41490340462688,71.41490340462688,14.192010136329372
415,OnlineOnly,online,86,71.41490340462688,0.8304058535421731,0.1695941464578269,85.60691354095626,71.41490340462688,71.41490340462688,0.0
415,StaticMixture,static,86,74.96290593870921,0.871661696961735,0.128338303038265,85.60691354095626,71.41490340462688,71.41490340462688,3.548002534082329
415,Hedge,hedge,86,71.80749709263793,0.8349708964260224,0.1650291035739776,85.60691354095626,71.41490340462688,71.41490340462688,0.392593688011047
415,ShiftAwareAdaptiveTrust,shift,86,78.2009803882004,0.9093137254441908,0.09068627455580924,85.60691354095626,71.41490340462688,71.41490340462688,6.786076983573523
416,PredictionOnly,prediction,37,36.556502759184255,0.988013588086061,0.01198641191393901,36.556502759184255,31.660750795153692,31.660750795153692,4.895751964030563
416,OnlineOnly,online,37,31.660750795153692,0.8556959674365863,0.14430403256341373,36.556502759184255,31.660750795153692,31.660750795153692,0.0
416,StaticMixture,static,37,32.88468878616133,0.8887753725989548,0.11122462740104522,36.556502759184255,31.660750795153692,31.660750795153692,1.2239379910076345
416,Hedge,hedge,37,32.075304397287724,0.8669001188456141,0.13309988115438587,36.556502759184255,31.660750795153692,31.660750795153692,0.41455360213403125
416,ShiftAwareAdaptiveTrust,shift,37,33.221397404825616,0.8978756055358275,0.10212439446417254,36.556502759184255,31.660750795153692,31.660750795153692,1.5606466096719238
417,PredictionOnly,prediction,4,4.0,1.0,0.0,4.0,3.9959016393442623,3.9959016393442623,0.004098360655737654
417,OnlineOnly,online,4,3.9959016393442623,0.9989754098360656,0.0010245901639344135,4.0,3.9959016393442623,3.9959016393442623,0.0
417,StaticMixture,static,4,3.9969262295081966,0.9992315573770492,0.0007684426229508379,4.0,3.9959016393442623,3.9959016393442623,0.0010245901639343025
417,Hedge,hedge,4,3.9979508196721314,0.9994877049180328,0.0005122950819671512,4.0,3.9959016393442623,3.9959016393442623,0.002049180327869049
417,ShiftAwareAdaptiveTrust,shift,4,3.997389689178548,0.999347422294637,0.0006525777053629778,4.0,3.9959016393442623,3.9959016393442623,0.0014880498342857429
418,PredictionOnly,prediction,59,53.623999999999995,0.9088813559322033,0.09111864406779668,53.623999999999995,41.204,41.204,12.419999999999995
418,OnlineOnly,online,59,41.204,0.6983728813559322,0.30162711864406777,53.623999999999995,41.204,41.204,0.0
418,StaticMixture,static,59,44.30899999999998,0.7509999999999997,0.24900000000000033,53.623999999999995,41.204,41.204,3.1049999999999827
418,Hedge,hedge,59,41.66071490064064,0.7061138118752651,0.2938861881247349,53.623999999999995,41.204,41.204,0.456714900640641
418,ShiftAwareAdaptiveTrust,shift,59,48.48184293517313,0.8217261514436123,0.17827384855638773,53.623999999999995,41.204,41.204,7.277842935173126
419,PredictionOnly,prediction,10,9.76,0.976,0.02400000000000002,9.76,5.224,5.224,4.536
419,OnlineOnly,online,10,5.224,0.5224,0.4776,9.76,5.224,5.224,0.0
419,StaticMixture,static,10,6.3580000000000005,0.6358,0.36419999999999997,9.76,5.224,5.224,1.1340000000000003
419,Hedge,hedge,10,5.70013387129596,0.570013387129596,0.42998661287040396,9.76,5.224,5.224,0.47613387129595974
419,ShiftAwareAdaptiveTrust,shift,10,6.540618568934425,0.6540618568934425,0.34593814310655746,9.76,5.224,5.224,1.316618568934425
420,PredictionOnly,prediction,8,7.215999999999999,0.9019999999999999,0.09800000000000009,7.215999999999999,6.148000000000001,6.148000000000001,1.0679999999999987
420,OnlineOnly,online,8,6.148000000000001,0.7685000000000001,0.23149999999999993,7.215999999999999,6.148000000000001,6.148000000000001,0.0
420,StaticMixture,static,8,6.415,0.801875,0.198125,7.215999999999999,6.148000000000001,6.148000000000001,0.26699999999999946
420,Hedge,hedge,8,6.498988255062964,0.8123735318828705,0.18762646811712946,7.215999999999999,6.148000000000001,6.148000000000001,0.3509882550629637
420,ShiftAwareAdaptiveTrust,shift,8,6.695496567427464,0.836937070928433,0.16306292907156705,7.215999999999999,6.148000000000001,6.148000000000001,0.547496567427463
421,PredictionOnly,prediction,5,4.588,0.9176,0.08240000000000003,4.588,3.2520000000000002,3.2520000000000002,1.3359999999999999
421,OnlineOnly,online,5,3.2520000000000002,0.6504000000000001,0.3495999999999999,4.588,3.2520000000000002,3.2520000000000002,0.0
421,StaticMixture,static,5,3.5860000000000003,0.7172000000000001,0.28279999999999994,4.588,3.2520000000000002,3.2520000000000002,0.3340000000000001
421,Hedge,hedge,5,3.6538297456660485,0.7307659491332097,0.2692340508667903,4.588,3.2520000000000002,3.2520000000000002,0.40182974566604823
421,ShiftAwareAdaptiveTrust,shift,5,3.923994428587197,0.7847988857174394,0.2152011142825606,4.588,3.2520000000000002,3.2520000000000002,0.6719944285871966
423,PredictionOnly,prediction,26,25.728,0.9895384615384616,0.010461538461538411,25.728,13.116,13.116,12.612000000000002
423,OnlineOnly,online,26,13.116,0.5044615384615384,0.4955384615384616,25.728,13.116,13.116,0.0
423,StaticMixture,static,26,16.269,0.6257307692307692,0.3742692307692308,25.728,13.116,13.116,3.1529999999999987
423,Hedge,hedge,26,13.576537048951906,0.5221745018827656,0.4778254981172344,25.728,13.116,13.116,0.46053704895190606
423,ShiftAwareAdaptiveTrust,shift,26,16.68965330173429,0.6419097423743957,0.3580902576256043,25.728,13.116,13.116,3.5736533017342893
424,PredictionOnly,prediction,17,16.71339534883721,0.9831409028727771,0.01685909712722289,16.71339534883721,12.62893023255814,12.62893023255814,4.08446511627907
424,OnlineOnly,online,17,12.62893023255814,0.7428782489740082,0.2571217510259918,16.71339534883721,12.62893023255814,12.62893023255814,0.0
424,StaticMixture,static,17,13.650046511627908,0.8029439124487004,0.19705608755129955,16.71339534883721,12.62893023255814,12.62893023255814,1.0211162790697674
424,Hedge,hedge,17,13.115606524700082,0.7715062661588283,0.22849373384117166,16.71339534883721,12.62893023255814,12.62893023255814,0.48667629214194186
424,ShiftAwareAdaptiveTrust,shift,17,14.023129041026667,0.8248899435898039,0.17511005641019606,16.71339534883721,12.62893023255814,12.62893023255814,1.394198808468527
425,PredictionOnly,prediction,3,2.912,0.9706666666666667,0.029333333333333322,2.912,2.388,2.388,0.524
425,OnlineOnly,online,3,2.388,0.7959999999999999,0.20400000000000007,2.912,2.388,2.388,0.0
425,StaticMixture,static,3,2.519,0.8396666666666667,0.16033333333333333,2.912,2.388,2.388,0.13100000000000023
425,Hedge,hedge,3,2.6137733114650983,0.8712577704883661,0.12874222951163394,2.912,2.388,2.388,0.22577331146509838
425,ShiftAwareAdaptiveTrust,shift,3,2.69013473568228,0.89671157856076,0.10328842143924,2.912,2.388,2.388,0.3021347356822801
426,PredictionOnly,prediction,16,15.099999999999998,0.9437499999999999,0.05625000000000013,15.099999999999998,12.612,12.612,2.4879999999999978
426,OnlineOnly,online,16,12.612,0.78825,0.21175,15.099999999999998,12.612,12.612,0.0
426,StaticMixture,static,16,13.234,0.827125,0.172875,15.099999999999998,12.612,12.612,0.6219999999999999
426,Hedge,hedge,16,13.025755617786192,0.814109726111637,0.185890273888363,15.099999999999998,12.612,12.612,0.4137556177861921
426,ShiftAwareAdaptiveTrust,shift,16,13.8032185616794,0.8627011601049625,0.13729883989503755,15.099999999999998,12.612,12.612,1.191218561679399
427,PredictionOnly,prediction,5,4.849551020408163,0.9699102040816326,0.030089795918367357,4.849551020408163,3.295755102040816,3.295755102040816,1.553795918367347
427,OnlineOnly,online,5,3.295755102040816,0.6591510204081632,0.3408489795918368,4.849551020408163,3.295755102040816,3.295755102040816,0.0
427,StaticMixture,static,5,3.6842040816326533,0.7368408163265306,0.26315918367346935,4.849551020408163,3.295755102040816,3.295755102040816,0.38844897959183733
427,Hedge,hedge,5,3.7857527652115515,0.7571505530423103,0.24284944695768973,4.849551020408163,3.295755102040816,3.295755102040816,0.48999766317073545
427,ShiftAwareAdaptiveTrust,shift,5,3.9160714242838273,0.7832142848567655,0.21678571514323453,4.849551020408163,3.295755102040816,3.295755102040816,0.6203163222430113
429,PredictionOnly,prediction,17,15.336000000000002,0.9021176470588237,0.09788235294117631,15.336000000000002,11.016,11.016,4.320000000000002
429,OnlineOnly,online,17,11.016,0.648,0.352,15.336000000000002,11.016,11.016,0.0
429,StaticMixture,static,17,12.096,0.7115294117647059,0.28847058823529415,15.336000000000002,11.016,11.016,1.08
429,Hedge,hedge,17,11.45203021967303,0.6736488364513548,0.32635116354864524,15.336000000000002,11.016,11.016,0.4360302196730306
429,ShiftAwareAdaptiveTrust,shift,17,13.415431274892642,0.7891430161701554,0.21085698382984464,15.336000000000002,11.016,11.016,2.399431274892642
430,PredictionOnly,prediction,3,2.904,0.968,0.03200000000000003,2.904,1.976,1.976,0.9279999999999999
430,OnlineOnly,online,3,1.976,0.6586666666666666,0.3413333333333334,2.904,1.976,1.976,0.0
430,StaticMixture,static,3,2.2079999999999997,0.7359999999999999,0.2640000000000001,2.904,1.976,1.976,0.23199999999999976
430,Hedge,hedge,3,2.337497303736443,0.7791657679121476,0.22083423208785236,2.904,1.976,1.976,0.36149730373644307
430,ShiftAwareAdaptiveTrust,shift,3,2.3476540814700577,0.7825513604900193,0.21744863950998072,2.904,1.976,1.976,0.37165408147005774
431,PredictionOnly,prediction,5,4.788,0.9576,0.04239999999999999,4.788,3.6,3.6,1.1880000000000002
431,OnlineOnly,online,5,3.6,0.72,0.28,4.788,3.6,3.6,0.0
431,StaticMixture,static,5,3.8970000000000002,0.7794000000000001,0.2205999999999999,4.788,3.6,3.6,0.29700000000000015
431,Hedge,hedge,5,3.9762799921496694,0.7952559984299339,0.20474400157006611,4.788,3.6,3.6,0.37627999214966934
431,ShiftAwareAdaptiveTrust,shift,5,4.213218724794628,0.8426437449589257,0.1573562550410743,4.788,3.6,3.6,0.6132187247946281
432,PredictionOnly,prediction,45,42.43193222334777,0.942931827185506,0.057068172814493945,42.43193222334777,20.595944184153012,20.595944184153012,21.83598803919476
432,OnlineOnly,online,45,20.595944184153012,0.4576876485367336,0.5423123514632664,42.43193222334777,20.595944184153012,20.595944184153012,0.0
432,StaticMixture,static,45,26.0549411939517,0.5789986931989266,0.4210013068010734,42.43193222334777,20.595944184153012,20.595944184153012,5.458997009798686
432,Hedge,hedge,45,21.07642765840458,0.46836505907565734,0.5316349409243426,42.43193222334777,20.595944184153012,20.595944184153012,0.48048347425156734
432,ShiftAwareAdaptiveTrust,shift,45,29.28237030633965,0.6507193401408812,0.3492806598591188,42.43193222334777,20.595944184153012,20.595944184153012,8.686426122186639
433,PredictionOnly,prediction,8,7.967999999999999,0.9959999999999999,0.004000000000000115,7.967999999999999,6.5600000000000005,6.5600000000000005,1.4079999999999986
433,OnlineOnly,online,8,6.5600000000000005,0.8200000000000001,0.17999999999999994,7.967999999999999,6.5600000000000005,6.5600000000000005,0.0
433,StaticMixture,static,8,6.912,0.864,0.136,7.967999999999999,6.5600000000000005,6.5600000000000005,0.3519999999999994
433,Hedge,hedge,8,6.954797146957873,0.8693496433697341,0.13065035663026592,7.967999999999999,6.5600000000000005,6.5600000000000005,0.39479714695787216
433,ShiftAwareAdaptiveTrust,shift,8,7.195876555948725,0.8994845694935907,0.10051543050640932,7.967999999999999,6.5600000000000005,6.5600000000000005,0.6358765559487249
437,PredictionOnly,prediction,7,6.992,0.9988571428571429,0.0011428571428571122,6.992,4.248,4.248,2.7439999999999998
437,OnlineOnly,online,7,4.248,0.6068571428571429,0.3931428571428571,6.992,4.248,4.248,0.0
437,StaticMixture,static,7,4.934,0.7048571428571428,0.29514285714285715,6.992,4.248,4.248,0.6859999999999999
437,Hedge,hedge,7,4.72363163995702,0.67480451999386,0.32519548000613996,6.992,4.248,4.248,0.47563163995701974
437,ShiftAwareAdaptiveTrust,shift,7,5.1892702364064585,0.7413243194866369,0.2586756805133631,6.992,4.248,4.248,0.9412702364064582
438,PredictionOnly,prediction,73,71.25142426909761,0.9760469077958577,0.023953092204142323,71.25142426909761,57.227128428826894,57.227128428826894,14.024295840270717
438,OnlineOnly,online,73,57.227128428826894,0.7839332661483136,0.2160667338516864,71.25142426909761,57.227128428826894,57.227128428826894,0.0
438,StaticMixture,static,73,60.733202388894576,0.8319616765601997,0.1680383234398003,71.25142426909761,57.227128428826894,57.227128428826894,3.506073960067681
438,Hedge,hedge,73,57.64634652284004,0.7896759797649321,0.2103240202350679,71.25142426909761,57.227128428826894,57.227128428826894,0.41921809401314647
438,ShiftAwareAdaptiveTrust,shift,73,62.820500545002076,0.8605548019863298,0.13944519801367017,71.25142426909761,57.227128428826894,57.227128428826894,5.593372116175182
439,PredictionOnly,prediction,17,16.887741145542044,0.9933965379730614,0.006603462026938622,16.887741145542044,4.969389786898933,4.969389786898933,11.918351358643111
439,OnlineOnly,online,17,4.969389786898933,0.29231704628817257,0.7076829537118274,16.887741145542044,4.969389786898933,4.969389786898933,0.0
439,StaticMixture,static,17,7.94897762655971,0.4675869192093947,0.5324130807906053,16.887741145542044,4.969389786898933,4.969389786898933,2.979587839660777
439,Hedge,hedge,17,5.487983313615387,0.32282254785972864,0.6771774521402714,16.887741145542044,4.969389786898933,4.969389786898933,0.5185935267164536
439,ShiftAwareAdaptiveTrust,shift,17,9.70967516685482,0.5711573627561659,0.4288426372438341,16.887741145542044,4.969389786898933,4.969389786898933,4.740285379955887
440,PredictionOnly,prediction,25,23.103652762522533,0.9241461105009013,0.07585388949909866,23.103652762522533,18.954904397651436,18.954904397651436,4.148748364871096
440,OnlineOnly,online,25,18.954904397651436,0.7581961759060575,0.24180382409394252,23.103652762522533,18.954904397651436,18.954904397651436,0.0
440,StaticMixture,static,25,19.99209148886921,0.7996836595547684,0.2003163404452316,23.103652762522533,18.954904397651436,18.954904397651436,1.037187091217774
440,Hedge,hedge,25,19.355942192733135,0.7742376877093254,0.22576231229067456,23.103652762522533,18.954904397651436,18.954904397651436,0.4010377950816988
440,ShiftAwareAdaptiveTrust,shift,25,21.441074499595036,0.8576429799838015,0.14235702001619854,23.103652762522533,18.954904397651436,18.954904397651436,2.4861701019435998
444,PredictionOnly,prediction,88,87.10672941171151,0.9898491978603581,0.010150802139641923,87.10672941171151,22.910072958243305,22.910072958243305,64.19665645346821
444,OnlineOnly,online,88,22.910072958243305,0.26034173816185574,0.7396582618381442,87.10672941171151,22.910072958243305,22.910072958243305,0.0
444,StaticMixture,static,88,38.95923707161036,0.44271860308648137,0.5572813969135186,87.10672941171151,22.910072958243305,22.910072958243305,16.049164113367056
444,Hedge,hedge,88,23.471998387013862,0.2667272543978848,0.7332727456021152,87.10672941171151,22.910072958243305,22.910072958243305,0.5619254287705573
444,ShiftAwareAdaptiveTrust,shift,88,33.41091949186152,0.3796695396802445,0.6203304603197555,87.10672941171151,22.910072958243305,22.910072958243305,10.500846533618216
446,PredictionOnly,prediction,18,17.564000000000004,0.975777777777778,0.024222222222222034,17.564000000000004,10.204,10.204,7.360000000000003
446,OnlineOnly,online,18,10.204,0.5668888888888889,0.4331111111111111,17.564000000000004,10.204,10.204,0.0
446,StaticMixture,static,18,12.044,0.6691111111111111,0.3308888888888889,17.564000000000004,10.204,10.204,1.8399999999999999
446,Hedge,hedge,18,10.66787035660176,0.5926594642556533,0.4073405357443467,17.564000000000004,10.204,10.204,0.4638703566017597
446,ShiftAwareAdaptiveTrust,shift,18,14.113716681837655,0.784095371213203,0.21590462878679695,17.564000000000004,10.204,10.204,3.9097166818376543
447,PredictionOnly,prediction,12,11.899999999999999,0.9916666666666666,0.008333333333333415,11.899999999999999,10.1,10.1,1.799999999999999
447,OnlineOnly,online,12,10.1,0.8416666666666667,0.15833333333333333,11.899999999999999,10.1,10.1,0.0
447,StaticMixture,static,12,10.55,0.8791666666666668,0.12083333333333324,11.899999999999999,10.1,10.1,0.45000000000000107
447,Hedge,hedge,12,10.494148044327911,0.8745123370273259,0.1254876629726741,11.899999999999999,10.1,10.1,0.3941480443279115
447,ShiftAwareAdaptiveTrust,shift,12,10.93752153643681,0.9114601280364009,0.08853987196359914,11.899999999999999,10.1,10.1,0.8375215364368103
449,PredictionOnly,prediction,8,6.348,0.7935,0.20650000000000002,6.348,2.8360000000000003,2.8360000000000003,3.5119999999999996
449,OnlineOnly,online,8,2.8360000000000003,0.35450000000000004,0.6455,6.348,2.8360000000000003,2.8360000000000003,0.0
449,StaticMixture,static,8,3.7140000000000004,0.46425000000000005,0.53575,6.348,2.8360000000000003,2.8360000000000003,0.8780000000000001
449,Hedge,hedge,8,3.2983664098854963,0.41229580123568704,0.587704198764313,6.348,2.8360000000000003,2.8360000000000003,0.46236640988549604
449,ShiftAwareAdaptiveTrust,shift,8,4.506323862031181,0.5632904827538976,0.4367095172461024,6.348,2.8360000000000003,2.8360000000000003,1.6703238620311804
450,PredictionOnly,prediction,5,4.848,0.9696,0.030399999999999983,4.848,3.9319999999999995,3.9319999999999995,0.9160000000000004
450,OnlineOnly,online,5,3.9319999999999995,0.7863999999999999,0.21360000000000012,4.848,3.9319999999999995,3.9319999999999995,0.0
450,StaticMixture,static,5,4.1610000000000005,0.8322,0.16779999999999995,4.848,3.9319999999999995,3.9319999999999995,0.22900000000000098
450,Hedge,hedge,5,4.277904923850359,0.8555809847700718,0.14441901522992817,4.848,3.9319999999999995,3.9319999999999995,0.34590492385035976
450,ShiftAwareAdaptiveTrust,shift,5,4.404208324376869,0.8808416648753739,0.11915833512462615,4.848,3.9319999999999995,3.9319999999999995,0.47220832437686955
452,PredictionOnly,prediction,16,14.543999999999999,0.9089999999999999,0.09100000000000008,14.543999999999999,14.088,14.088,0.4559999999999995
452,OnlineOnly,online,16,14.088,0.8805,0.11950000000000005,14.543999999999999,14.088,14.088,0.0
452,StaticMixture,static,16,14.202000000000002,0.8876250000000001,0.11237499999999989,14.543999999999999,14.088,14.088,0.11400000000000254
452,Hedge,hedge,16,14.29153960535129,0.8932212253344556,0.10677877466554442,14.543999999999999,14.088,14.088,0.20353960535129012
452,ShiftAwareAdaptiveTrust,shift,16,14.34930348649164,0.8968314679057275,0.10316853209427246,14.543999999999999,14.088,14.088,0.2613034864916415
453,PredictionOnly,prediction,10,9.911999999999999,0.9911999999999999,0.008800000000000141,9.911999999999999,3.76,3.76,6.151999999999999
453,OnlineOnly,online,10,3.76,0.376,0.624,9.911999999999999,3.76,3.76,0.0
453,StaticMixture,static,10,5.298,0.5298,0.47019999999999995,9.911999999999999,3.76,3.76,1.5380000000000003
453,Hedge,hedge,10,4.297291305382838,0.42972913053828377,0.5702708694617162,9.911999999999999,3.76,3.76,0.5372913053828379
453,ShiftAwareAdaptiveTrust,shift,10,6.3438079768251425,0.6343807976825142,0.3656192023174858,9.911999999999999,3.76,3.76,2.5838079768251427
454,PredictionOnly,prediction,13,12.605938678074322,0.9696875906211017,0.030312409378898342,12.605938678074322,7.185724272902473,7.185724272902473,5.4202144051718495
454,OnlineOnly,online,13,7.185724272902473,0.5527480209924979,0.44725197900750213,12.605938678074322,7.185724272902473,7.185724272902473,0.0
454,StaticMixture,static,13,8.540777874195435,0.6569829133996488,0.34301708660035124,12.605938678074322,7.185724272902473,7.185724272902473,1.355053601292962
454,Hedge,hedge,13,7.646184283512239,0.5881680218086338,0.4118319781913662,12.605938678074322,7.185724272902473,7.185724272902473,0.4604600106097667
454,ShiftAwareAdaptiveTrust,shift,13,9.159231285149797,0.7045562527038306,0.2954437472961694,12.605938678074322,7.185724272902473,7.185724272902473,1.9735070122473246
455,PredictionOnly,prediction,20,19.713368057790653,0.9856684028895326,0.014331597110467387,19.713368057790653,17.27511813704807,17.27511813704807,2.4382499207425816
455,OnlineOnly,online,20,17.27511813704807,0.8637559068524036,0.13624409314759645,19.713368057790653,17.27511813704807,17.27511813704807,0.0
455,StaticMixture,static,20,17.884680617233716,0.8942340308616858,0.10576596913831415,19.713368057790653,17.27511813704807,17.27511813704807,0.6095624801856445
455,Hedge,hedge,20,17.70155497299397,0.8850777486496986,0.11492225135030143,19.713368057790653,17.27511813704807,17.27511813704807,0.4264368359458999
455,ShiftAwareAdaptiveTrust,shift,20,18.176636177006017,0.9088318088503009,0.0911681911496991,19.713368057790653,17.27511813704807,17.27511813704807,0.9015180399579457
456,PredictionOnly,prediction,3,2.968,0.9893333333333333,0.010666666666666713,2.968,2.768,2.768,0.20000000000000018
456,OnlineOnly,online,3,2.768,0.9226666666666666,0.07733333333333337,2.968,2.768,2.768,0.0
456,StaticMixture,static,3,2.818,0.9393333333333334,0.06066666666666665,2.968,2.768,2.768,0.050000000000000266
456,Hedge,hedge,3,2.863210213853332,0.9544034046177773,0.045596595382222715,2.968,2.768,2.768,0.09521021385333217
456,ShiftAwareAdaptiveTrust,shift,3,2.8568279525718023,0.9522759841906008,0.04772401580939922,2.968,2.768,2.768,0.08882795257180254
458,PredictionOnly,prediction,5,4.747999999999999,0.9495999999999999,0.05040000000000011,4.747999999999999,3.6879999999999997,3.6879999999999997,1.0599999999999996
458,OnlineOnly,online,5,3.6879999999999997,0.7375999999999999,0.2624000000000001,4.747999999999999,3.6879999999999997,3.6879999999999997,0.0
458,StaticMixture,static,5,3.9529999999999994,0.7905999999999999,0.20940000000000014,4.747999999999999,3.6879999999999997,3.6879999999999997,0.2649999999999997
458,Hedge,hedge,5,4.041020989642881,0.8082041979285762,0.19179580207142377,4.747999999999999,3.6879999999999997,3.6879999999999997,0.3530209896428813
458,ShiftAwareAdaptiveTrust,shift,5,4.266476225411733,0.8532952450823466,0.14670475491765345,4.747999999999999,3.6879999999999997,3.6879999999999997,0.578476225411733
459,PredictionOnly,prediction,5,4.639744032211676,0.9279488064423352,0.07205119355766476,4.639744032211676,4.338174863387978,4.338174863387978,0.3015691688236979
459,OnlineOnly,online,5,4.338174863387978,0.8676349726775957,0.1323650273224043,4.639744032211676,4.338174863387978,4.338174863387978,0.0
459,StaticMixture,static,5,4.413567155593903,0.8827134311187805,0.11728656888121947,4.639744032211676,4.338174863387978,4.338174863387978,0.07539229220592425
459,Hedge,hedge,5,4.476528763532857,0.8953057527065713,0.10469424729342869,4.639744032211676,4.338174863387978,4.338174863387978,0.13835390014487814
459,ShiftAwareAdaptiveTrust,shift,5,4.484971636723389,0.8969943273446779,0.10300567265532212,4.639744032211676,4.338174863387978,4.338174863387978,0.14679677333541097
460,PredictionOnly,prediction,14,13.030387752220406,0.9307419823014575,0.06925801769854245,13.030387752220406,6.318103713812656,6.318103713812656,6.71228403840775
460,OnlineOnly,online,14,6.318103713812656,0.4512931224151897,0.5487068775848103,13.030387752220406,6.318103713812656,6.318103713812656,0.0
460,StaticMixture,static,14,7.996174723414592,0.5711553373867566,0.4288446626132434,13.030387752220406,6.318103713812656,6.318103713812656,1.6780710096019362
460,Hedge,hedge,14,6.856930838002157,0.4897807741430112,0.5102192258569889,13.030387752220406,6.318103713812656,6.318103713812656,0.5388271241895009
460,ShiftAwareAdaptiveTrust,shift,14,8.292403060793534,0.5923145043423953,0.4076854956576047,13.030387752220406,6.318103713812656,6.318103713812656,1.974299346980878
461,PredictionOnly,prediction,10,9.436,0.9436,0.056400000000000006,9.436,8.139999999999999,8.139999999999999,1.2960000000000012
461,OnlineOnly,online,10,8.139999999999999,0.8139999999999998,0.18600000000000017,9.436,8.139999999999999,8.139999999999999,0.0
461,StaticMixture,static,10,8.464,0.8464,0.15359999999999996,9.436,8.139999999999999,8.139999999999999,0.3240000000000016
461,Hedge,hedge,10,8.548534114807817,0.8548534114807816,0.14514658851921836,9.436,8.139999999999999,8.139999999999999,0.40853411480781787
461,ShiftAwareAdaptiveTrust,shift,10,8.644077041585858,0.8644077041585858,0.1355922958414142,9.436,8.139999999999999,8.139999999999999,0.5040770415858589
462,PredictionOnly,prediction,3,2.608,0.8693333333333334,0.1306666666666666,2.608,2.484,2.484,0.12400000000000011
462,OnlineOnly,online,3,2.484,0.828,0.17200000000000004,2.608,2.484,2.484,0.0
462,StaticMixture,static,3,2.515,0.8383333333333334,0.16166666666666663,2.608,2.484,2.484,0.03100000000000014
462,Hedge,hedge,3,2.544129685473016,0.8480432284910053,0.15195677150899467,2.608,2.484,2.484,0.060129685473016004
462,ShiftAwareAdaptiveTrust,shift,3,2.53548336912632,0.8451611230421067,0.15483887695789333,2.608,2.484,2.484,0.0514833691263199
463,PredictionOnly,prediction,11,10.423757085020243,0.9476142804563857,0.05238571954361426,10.423757085020243,8.42564414743996,8.42564414743996,1.9981129375802826
463,OnlineOnly,online,11,8.42564414743996,0.7659676497672692,0.23403235023273083,10.423757085020243,8.42564414743996,8.42564414743996,0.0
463,StaticMixture,static,11,8.925172381835033,0.8113793074395484,0.18862069256045155,10.423757085020243,8.42564414743996,8.42564414743996,0.499528234395072
463,Hedge,hedge,11,8.839321706078113,0.8035747005525558,0.19642529944744425,10.423757085020243,8.42564414743996,8.42564414743996,0.4136775586381525
463,ShiftAwareAdaptiveTrust,shift,11,9.434496401964923,0.8576814910877203,0.1423185089122797,10.423757085020243,8.42564414743996,8.42564414743996,1.008852254524962
464,PredictionOnly,prediction,37,35.12,0.9491891891891892,0.05081081081081085,35.12,27.455999999999996,27.455999999999996,7.6640000000000015
464,OnlineOnly,online,37,27.455999999999996,0.7420540540540539,0.2579459459459461,35.12,27.455999999999996,27.455999999999996,0.0
464,StaticMixture,static,37,29.371999999999996,0.7938378378378378,0.2061621621621622,35.12,27.455999999999996,27.455999999999996,1.9160000000000004
464,Hedge,hedge,37,27.86364328802103,0.7530714402167846,0.24692855978321537,35.12,27.455999999999996,27.455999999999996,0.4076432880210348
464,ShiftAwareAdaptiveTrust,shift,37,32.1353390523446,0.8685226770903945,0.13147732290960545,35.12,27.455999999999996,27.455999999999996,4.679339052344602
466,PredictionOnly,prediction,36,24.88686175196755,0.691301715332432,0.308698284667568,24.88686175196755,7.672451704082251,7.672451704082251,17.214410047885302
466,OnlineOnly,online,36,7.672451704082251,0.2131236584467292,0.7868763415532708,24.88686175196755,7.672451704082251,7.672451704082251,0.0
466,StaticMixture,static,36,11.976054216053576,0.3326681726681549,0.6673318273318452,24.88686175196755,7.672451704082251,7.672451704082251,4.3036025119713255
466,Hedge,hedge,36,8.235085516683531,0.2287523754634314,0.7712476245365686,24.88686175196755,7.672451704082251,7.672451704082251,0.5626338126012804
466,ShiftAwareAdaptiveTrust,shift,36,13.654392866335067,0.37928869073152965,0.6207113092684704,24.88686175196755,7.672451704082251,7.672451704082251,5.9819411622528165
467,PredictionOnly,prediction,23,22.383200036469,0.9731826102812609,0.02681738971873915,22.383200036469,21.237626742785164,21.237626742785164,1.1455732936838352
467,OnlineOnly,online,23,21.237626742785164,0.9233750757732679,0.07662492422673206,22.383200036469,21.237626742785164,21.237626742785164,0.0
467,StaticMixture,static,23,21.52402006620612,0.9358269594002661,0.06417304059973394,22.383200036469,21.237626742785164,21.237626742785164,0.28639332342095614
467,Hedge,hedge,23,21.567944657790992,0.9377367242517822,0.06226327574821777,22.383200036469,21.237626742785164,21.237626742785164,0.3303179150058284
467,ShiftAwareAdaptiveTrust,shift,23,21.656280447244857,0.9415774107497764,0.05842258925022359,22.383200036469,21.237626742785164,21.237626742785164,0.4186537044596932
468,PredictionOnly,prediction,8,7.715807228915662,0.9644759036144578,0.035524096385542214,7.715807228915662,5.673333333333333,5.673333333333333,2.0424738955823294
468,OnlineOnly,online,8,5.673333333333333,0.7091666666666666,0.2908333333333334,7.715807228915662,5.673333333333333,5.673333333333333,0.0
468,StaticMixture,static,8,6.183951807228915,0.7729939759036144,0.2270060240963856,7.715807228915662,5.673333333333333,5.673333333333333,0.5106184738955823
468,Hedge,hedge,8,6.0859330852525355,0.7607416356565669,0.23925836434343306,7.715807228915662,5.673333333333333,5.673333333333333,0.4125997519192026
468,ShiftAwareAdaptiveTrust,shift,8,6.754513449713719,0.8443141812142149,0.15568581878578513,7.715807228915662,5.673333333333333,5.673333333333333,1.081180116380386
469,PredictionOnly,prediction,5,4.859999999999999,0.9719999999999999,0.028000000000000136,4.859999999999999,2.864,2.864,1.9959999999999996
469,OnlineOnly,online,5,2.864,0.5728,0.4272,4.859999999999999,2.864,2.864,0.0
469,StaticMixture,static,5,3.3630000000000004,0.6726000000000001,0.3273999999999999,4.859999999999999,2.864,2.864,0.49900000000000055
469,Hedge,hedge,5,3.348694208683525,0.6697388417367051,0.33026115826329494,4.859999999999999,2.864,2.864,0.4846942086835253
469,ShiftAwareAdaptiveTrust,shift,5,4.0267850957187346,0.8053570191437469,0.1946429808562531,4.859999999999999,2.864,2.864,1.1627850957187347
470,PredictionOnly,prediction,4,3.2479999999999998,0.8119999999999999,0.18800000000000006,3.2479999999999998,2.132,2.132,1.1159999999999997
470,OnlineOnly,online,4,2.132,0.533,0.46699999999999997,3.2479999999999998,2.132,2.132,0.0
470,StaticMixture,static,4,2.411,0.60275,0.39725,3.2479999999999998,2.132,2.132,0.2789999999999999
470,Hedge,hedge,4,2.5100415934467124,0.6275103983616781,0.3724896016383219,3.2479999999999998,2.132,2.132,0.3780415934467123
470,ShiftAwareAdaptiveTrust,shift,4,2.70220624908794,0.675551562271985,0.324448437728015,3.2479999999999998,2.132,2.132,0.5702062490879398
472,PredictionOnly,prediction,18,16.865920244294106,0.9369955691274503,0.0630044308725497,16.865920244294106,11.06273114852389,11.06273114852389,5.803189095770216
472,OnlineOnly,online,18,11.06273114852389,0.6145961749179939,0.3854038250820061,16.865920244294106,11.06273114852389,11.06273114852389,0.0
472,StaticMixture,static,18,12.51352842246644,0.6951960234703578,0.3048039765296422,16.865920244294106,11.06273114852389,11.06273114852389,1.45079727394255
472,Hedge,hedge,18,11.519210215855024,0.6399561231030568,0.36004387689694317,16.865920244294106,11.06273114852389,11.06273114852389,0.4564790673311343
472,ShiftAwareAdaptiveTrust,shift,18,13.723565567596944,0.7624203093109414,0.2375796906890586,16.865920244294106,11.06273114852389,11.06273114852389,2.660834419073055
473,PredictionOnly,prediction,3,2.772,0.9239999999999999,0.07600000000000007,2.772,1.476,1.476,1.2959999999999998
473,OnlineOnly,online,3,1.476,0.492,0.508,2.772,1.476,1.476,0.0
473,StaticMixture,static,3,1.8,0.6,0.4,2.772,1.476,1.476,0.32400000000000007
473,Hedge,hedge,3,1.9560715225383718,0.652023840846124,0.34797615915387603,2.772,1.476,1.476,0.4800715225383718
473,ShiftAwareAdaptiveTrust,shift,3,1.9368648274521996,0.6456216091507332,0.3543783908492668,2.772,1.476,1.476,0.4608648274521996
474,PredictionOnly,prediction,3,2.524,0.8413333333333334,0.15866666666666662,2.524,2.664,2.524,0.0
474,OnlineOnly,online,3,2.664,0.888,0.11199999999999999,2.524,2.664,2.524,0.14000000000000012
474,StaticMixture,static,3,2.629,0.8763333333333333,0.1236666666666667,2.524,2.664,2.524,0.10499999999999998
474,Hedge,hedge,3,2.592656004710068,0.8642186682366894,0.13578133176331064,2.524,2.664,2.524,0.06865600471006816
474,ShiftAwareAdaptiveTrust,shift,3,2.572041080047458,0.857347026682486,0.14265297331751403,2.524,2.664,2.524,0.048041080047457996
475,PredictionOnly,prediction,12,11.908,0.9923333333333333,0.0076666666666667105,11.908,6.992,6.992,4.9159999999999995
475,OnlineOnly,online,12,6.992,0.5826666666666667,0.41733333333333333,11.908,6.992,6.992,0.0
475,StaticMixture,static,12,8.221,0.6850833333333334,0.3149166666666666,11.908,6.992,6.992,1.229
475,Hedge,hedge,12,7.440841417644374,0.6200701181370312,0.37992988186296883,11.908,6.992,6.992,0.448841417644374
475,ShiftAwareAdaptiveTrust,shift,12,8.52051960256167,0.7100433002134725,0.2899566997865275,11.908,6.992,6.992,1.52851960256167
476,PredictionOnly,prediction,33,25.731999999999992,0.7797575757575755,0.22024242424242446,25.731999999999992,15.384,15.384,10.347999999999992
476,OnlineOnly,online,33,15.384,0.4661818181818182,0.5338181818181817,25.731999999999992,15.384,15.384,0.0
476,StaticMixture,static,33,17.971000000000004,0.5445757575757577,0.4554242424242423,25.731999999999992,15.384,15.384,2.5870000000000033
476,Hedge,hedge,33,15.827054261366357,0.4796077048898896,0.5203922951101104,25.731999999999992,15.384,15.384,0.4430542613663562
476,ShiftAwareAdaptiveTrust,shift,33,19.78364418107137,0.5995043691233749,0.4004956308766251,25.731999999999992,15.384,15.384,4.39964418107137
478,PredictionOnly,prediction,4,3.7504684164925592,0.9376171041231398,0.06238289587686019,3.7504684164925592,2.8814242217816153,2.8814242217816153,0.869044194710944
478,OnlineOnly,online,4,2.8814242217816153,0.7203560554454038,0.2796439445545962,3.7504684164925592,2.8814242217816153,2.8814242217816153,0.0
478,StaticMixture,static,4,3.0986852704593515,0.7746713176148379,0.22532868238516213,3.7504684164925592,2.8814242217816153,2.8814242217816153,0.2172610486777362
478,Hedge,hedge,4,3.208821202920535,0.8022053007301337,0.19779469926986626,3.7504684164925592,2.8814242217816153,2.8814242217816153,0.3273969811389197
478,ShiftAwareAdaptiveTrust,shift,4,3.3201246623762053,0.8300311655940513,0.16996883440594868,3.7504684164925592,2.8814242217816153,2.8814242217816153,0.43870044059459
479,PredictionOnly,prediction,28,26.297207315282105,0.9391859755457894,0.06081402445421058,26.297207315282105,15.595167568599841,15.595167568599841,10.702039746682264
479,OnlineOnly,online,28,15.595167568599841,0.5569702703071372,0.4430297296928628,26.297207315282105,15.595167568599841,15.595167568599841,0.0
479,StaticMixture,static,28,18.270677505270402,0.6525241966168001,0.34747580338319994,26.297207315282105,15.595167568599841,15.595167568599841,2.6755099366705615
479,Hedge,hedge,28,16.067170258968446,0.573827509248873,0.42617249075112695,26.297207315282105,15.595167568599841,15.595167568599841,0.47200269036860476
479,ShiftAwareAdaptiveTrust,shift,28,19.534037736632865,0.6976442048797452,0.3023557951202548,26.297207315282105,15.595167568599841,15.595167568599841,3.9388701680330236
480,PredictionOnly,prediction,5,4.376,0.8752000000000001,0.12479999999999991,4.376,2.412,2.412,1.9640000000000004
480,OnlineOnly,online,5,2.412,0.4824,0.5176000000000001,4.376,2.412,2.412,0.0
480,StaticMixture,static,5,2.903,0.5806,0.4194,4.376,2.412,2.412,0.4910000000000001
480,Hedge,hedge,5,2.9439551318967805,0.5887910263793561,0.4112089736206439,4.376,2.412,2.412,0.5319551318967806
480,ShiftAwareAdaptiveTrust,shift,5,3.3524546573788294,0.6704909314757659,0.3295090685242341,4.376,2.412,2.412,0.9404546573788295
482,PredictionOnly,prediction,41,35.70799999999999,0.8709268292682925,0.12907317073170754,35.70799999999999,25.108000000000004,25.108000000000004,10.599999999999987
482,OnlineOnly,online,41,25.108000000000004,0.6123902439024391,0.3876097560975609,35.70799999999999,25.108000000000004,25.108000000000004,0.0
482,StaticMixture,static,41,27.758000000000006,0.6770243902439026,0.3229756097560974,35.70799999999999,25.108000000000004,25.108000000000004,2.650000000000002
482,Hedge,hedge,41,25.553233067613746,0.6232495870149695,0.37675041298503054,35.70799999999999,25.108000000000004,25.108000000000004,0.44523306761374215
482,ShiftAwareAdaptiveTrust,shift,41,29.847510368024373,0.7279880577566921,0.27201194224330794,35.70799999999999,25.108000000000004,25.108000000000004,4.739510368024369
483,PredictionOnly,prediction,7,6.959871095718908,0.9942672993884154,0.005732700611584596,6.959871095718908,6.430968655607148,6.430968655607148,0.5289024401117599
483,OnlineOnly,online,7,6.430968655607148,0.9187098079438784,0.08129019205612165,6.959871095718908,6.430968655607148,6.430968655607148,0.0
483,StaticMixture,static,7,6.563194265635088,0.9375991808050126,0.06240081919498741,6.959871095718908,6.430968655607148,6.430968655607148,0.1322256100279402
483,Hedge,hedge,7,6.653652665900996,0.950521809414428,0.04947819058557201,6.959871095718908,6.430968655607148,6.430968655607148,0.22268401029384766
483,ShiftAwareAdaptiveTrust,shift,7,6.690335254230499,0.9557621791757855,0.04423782082421446,6.959871095718908,6.430968655607148,6.430968655607148,0.2593665986233509
484,PredictionOnly,prediction,21,20.38,0.9704761904761904,0.02952380952380962,20.38,13.104000000000001,13.104000000000001,7.275999999999998
484,OnlineOnly,online,21,13.104000000000001,0.624,0.376,20.38,13.104000000000001,13.104000000000001,0.0
484,StaticMixture,static,21,14.923000000000002,0.7106190476190477,0.2893809523809523,20.38,13.104000000000001,13.104000000000001,1.8190000000000008
484,Hedge,hedge,21,13.554275360686534,0.6454416838422159,0.3545583161577841,20.38,13.104000000000001,13.104000000000001,0.4502753606865326
484,ShiftAwareAdaptiveTrust,shift,21,15.666527848451995,0.7460251356405712,0.25397486435942884,20.38,13.104000000000001,13.104000000000001,2.562527848451994
485,PredictionOnly,prediction,9,8.733593023834644,0.970399224870516,0.029600775129484003,8.733593023834644,6.297735330585993,6.297735330585993,2.435857693248651
485,OnlineOnly,online,9,6.297735330585993,0.6997483700651103,0.30025162993488974,8.733593023834644,6.297735330585993,6.297735330585993,0.0
485,StaticMixture,static,9,6.906699753898156,0.7674110837664618,0.23258891623353817,8.733593023834644,6.297735330585993,6.297735330585993,0.6089644233121634
485,Hedge,hedge,9,6.751306089922562,0.750145121102507,0.24985487889749303,8.733593023834644,6.297735330585993,6.297735330585993,0.45357075933656965
485,ShiftAwareAdaptiveTrust,shift,9,7.200530475099181,0.8000589416776868,0.19994105832231324,8.733593023834644,6.297735330585993,6.297735330585993,0.9027951445131883
486,PredictionOnly,prediction,36,35.210647885427,0.9780735523729722,0.02192644762702778,35.210647885427,12.091263877455193,12.091263877455193,23.11938400797181
486,OnlineOnly,online,36,12.091263877455193,0.335868441040422,0.664131558959578,35.210647885427,12.091263877455193,12.091263877455193,0.0
486,StaticMixture,static,36,17.871109879448145,0.49641971887355957,0.5035802811264405,35.210647885427,12.091263877455193,12.091263877455193,5.7798460019929525
486,Hedge,hedge,36,12.555726517243743,0.34877018103454843,0.6512298189654515,35.210647885427,12.091263877455193,12.091263877455193,0.4644626397885503
486,ShiftAwareAdaptiveTrust,shift,36,17.745339113641812,0.4929260864900503,0.5070739135099497,35.210647885427,12.091263877455193,12.091263877455193,5.654075236186619
488,PredictionOnly,prediction,13,11.431871485943775,0.8793747296879827,0.12062527031201731,11.431871485943775,9.511871485943773,9.511871485943773,1.9200000000000017
488,OnlineOnly,online,13,9.511871485943773,0.7316824219956749,0.2683175780043251,11.431871485943775,9.511871485943773,9.511871485943773,0.0
488,StaticMixture,static,13,9.991871485943776,0.768605498918752,0.23139450108124804,11.431871485943775,9.511871485943773,9.511871485943773,0.4800000000000022
488,Hedge,hedge,13,9.937601872295778,0.7644309132535214,0.23556908674647858,11.431871485943775,9.511871485943773,9.511871485943773,0.42573038635200433
488,ShiftAwareAdaptiveTrust,shift,13,10.550392322003962,0.8115686401541509,0.18843135984584913,11.431871485943775,9.511871485943773,9.511871485943773,1.0385208360601883
490,PredictionOnly,prediction,23,22.05079069767442,0.9587300303336704,0.041269969666329565,22.05079069767442,12.495906976744184,12.495906976744184,9.554883720930235
490,OnlineOnly,online,23,12.495906976744184,0.5433003033367036,0.45669969666329635,22.05079069767442,12.495906976744184,12.495906976744184,0.0
490,StaticMixture,static,23,14.884627906976746,0.6471577350859455,0.35284226491405446,22.05079069767442,12.495906976744184,12.495906976744184,2.3887209302325623
490,Hedge,hedge,23,12.962337745181953,0.5635799019644328,0.43642009803556725,22.05079069767442,12.495906976744184,12.495906976744184,0.4664307684377693
490,ShiftAwareAdaptiveTrust,shift,23,15.69060567401766,0.68220024669642,0.31779975330358,22.05079069767442,12.495906976744184,12.495906976744184,3.194698697273475
491,PredictionOnly,prediction,3,2.996,0.9986666666666667,0.0013333333333332975,2.996,2.3920097882753484,2.3920097882753484,0.6039902117246516
491,OnlineOnly,online,3,2.3920097882753484,0.7973365960917828,0.20266340390821724,2.996,2.3920097882753484,2.3920097882753484,0.0
491,StaticMixture,static,3,2.5430073412065113,0.8476691137355038,0.1523308862644962,2.996,2.3920097882753484,2.3920097882753484,0.1509975529311629
491,Hedge,hedge,3,2.6533415382537653,0.8844471794179217,0.11555282058207828,2.996,2.3920097882753484,2.3920097882753484,0.2613317499784169
491,ShiftAwareAdaptiveTrust,shift,3,2.7145116528192705,0.9048372176064235,0.09516278239357645,2.996,2.3920097882753484,2.3920097882753484,0.32250186454392216
492,PredictionOnly,prediction,32,30.206159119235558,0.9439424724761112,0.05605752752388882,30.206159119235558,28.645163827724687,28.645163827724687,1.5609952915108707
492,OnlineOnly,online,32,28.645163827724687,0.8951613696163965,0.10483863038360353,30.206159119235558,28.645163827724687,28.645163827724687,0.0
492,StaticMixture,static,32,29.035412650602407,0.9073566453313252,0.0926433546686748,30.206159119235558,28.645163827724687,28.645163827724687,0.39024882287771945
492,Hedge,hedge,32,29.031601607660033,0.907237550239376,0.09276244976062398,30.206159119235558,28.645163827724687,28.645163827724687,0.38643777993534556
492,ShiftAwareAdaptiveTrust,shift,32,29.3055428571811,0.9157982142869093,0.08420178571309067,30.206159119235558,28.645163827724687,28.645163827724687,0.6603790294564114
494,PredictionOnly,prediction,16,14.680000000000003,0.9175000000000002,0.0824999999999998,14.680000000000003,8.863999999999999,8.863999999999999,5.816000000000004
494,OnlineOnly,online,16,8.863999999999999,0.5539999999999999,0.44600000000000006,14.680000000000003,8.863999999999999,8.863999999999999,0.0
494,StaticMixture,static,16,10.318,0.644875,0.355125,14.680000000000003,8.863999999999999,8.863999999999999,1.4540000000000006
494,Hedge,hedge,16,9.306187444396222,0.5816367152747639,0.4183632847252361,14.680000000000003,8.863999999999999,8.863999999999999,0.4421874443962235
494,ShiftAwareAdaptiveTrust,shift,16,11.976785184118384,0.748549074007399,0.251450925992601,14.680000000000003,8.863999999999999,8.863999999999999,3.112785184118385
495,PredictionOnly,prediction,35,31.978865254119928,0.9136818644034265,0.08631813559657353,31.978865254119928,23.158242902645064,23.158242902645064,8.820622351474864
495,OnlineOnly,online,35,23.158242902645064,0.6616640829327162,0.33833591706728383,31.978865254119928,23.158242902645064,23.158242902645064,0.0
495,StaticMixture,static,35,25.363398490513774,0.7246685283003935,0.2753314716996065,31.978865254119928,23.158242902645064,23.158242902645064,2.2051555878687097
495,Hedge,hedge,35,23.641525590119482,0.6754721597176995,0.32452784028230053,31.978865254119928,23.158242902645064,23.158242902645064,0.4832826874744178
495,ShiftAwareAdaptiveTrust,shift,35,26.029343858381328,0.7436955388108951,0.2563044611891049,31.978865254119928,23.158242902645064,23.158242902645064,2.8711009557362637
496,PredictionOnly,prediction,4,3.5359999999999996,0.8839999999999999,0.1160000000000001,3.5359999999999996,3.452,3.452,0.08399999999999963
496,OnlineOnly,online,4,3.452,0.863,0.137,3.5359999999999996,3.452,3.452,0.0
496,StaticMixture,static,4,3.473,0.86825,0.13175000000000003,3.5359999999999996,3.452,3.452,0.020999999999999908
496,Hedge,hedge,4,3.4931611526988866,0.8732902881747217,0.12670971182527835,3.5359999999999996,3.452,3.452,0.04116115269888665
496,ShiftAwareAdaptiveTrust,shift,4,3.4979461052463403,0.8744865263115851,0.12551347368841492,3.5359999999999996,3.452,3.452,0.04594610524634035
497,PredictionOnly,prediction,29,28.888,0.9961379310344828,0.003862068965517218,28.888,7.359999999999999,7.359999999999999,21.528000000000002
497,OnlineOnly,online,29,7.359999999999999,0.2537931034482758,0.7462068965517241,28.888,7.359999999999999,7.359999999999999,0.0
497,StaticMixture,static,29,12.741999999999999,0.4393793103448276,0.5606206896551724,28.888,7.359999999999999,7.359999999999999,5.382
497,Hedge,hedge,29,7.904440588975563,0.2725669168612263,0.7274330831387736,28.888,7.359999999999999,7.359999999999999,0.5444405889755632
497,ShiftAwareAdaptiveTrust,shift,29,13.28794484327195,0.45820499459558445,0.5417950054044156,28.888,7.359999999999999,7.359999999999999,5.92794484327195
498,PredictionOnly,prediction,43,41.23959798994974,0.9590604183709243,0.04093958162907574,41.23959798994974,24.435175866870015,24.435175866870015,16.80442212307973
498,OnlineOnly,online,43,24.435175866870015,0.568259903880698,0.431740096119302,41.23959798994974,24.435175866870015,24.435175866870015,0.0
498,StaticMixture,static,43,28.63628139763995,0.6659600325032546,0.33403996749674536,41.23959798994974,24.435175866870015,24.435175866870015,4.2011055307699365
498,Hedge,hedge,43,24.94788692354375,0.5801834168265988,0.4198165831734012,41.23959798994974,24.435175866870015,24.435175866870015,0.5127110566737336
498,ShiftAwareAdaptiveTrust,shift,43,28.3702487026957,0.659773225644086,0.340226774355914,41.23959798994974,24.435175866870015,24.435175866870015,3.935072835825686
499,PredictionOnly,prediction,5,4.692,0.9384,0.06159999999999999,4.692,3.4360000000000004,3.4360000000000004,1.2559999999999998
499,OnlineOnly,online,5,3.4360000000000004,0.6872,0.31279999999999997,4.692,3.4360000000000004,3.4360000000000004,0.0
499,StaticMixture,static,5,3.750000000000001,0.7500000000000002,0.24999999999999978,4.692,3.4360000000000004,3.4360000000000004,0.3140000000000005
499,Hedge,hedge,5,3.8626556981905615,0.7725311396381123,0.22746886036188774,4.692,3.4360000000000004,3.4360000000000004,0.42665569819056115
499,ShiftAwareAdaptiveTrust,shift,5,4.003442547182834,0.8006885094365668,0.19931149056343322,4.692,3.4360000000000004,3.4360000000000004,0.5674425471828335
500,PredictionOnly,prediction,23,21.492000000000004,0.9344347826086958,0.06556521739130416,21.492000000000004,14.608000000000002,14.608000000000002,6.884000000000002
500,OnlineOnly,online,23,14.608000000000002,0.6351304347826088,0.3648695652173912,21.492000000000004,14.608000000000002,14.608000000000002,0.0
500,StaticMixture,static,23,16.329,0.7099565217391305,0.2900434782608695,21.492000000000004,14.608000000000002,14.608000000000002,1.7209999999999983
500,Hedge,hedge,23,15.037518869756905,0.6538051682503002,0.3461948317496998,21.492000000000004,14.608000000000002,14.608000000000002,0.4295188697569028
500,ShiftAwareAdaptiveTrust,shift,23,17.689409908219695,0.7691047786182476,0.23089522138175245,21.492000000000004,14.608000000000002,14.608000000000002,3.081409908219692
501,PredictionOnly,prediction,24,23.564000000000004,0.9818333333333334,0.018166666666666553,23.564000000000004,14.980000000000002,14.980000000000002,8.584000000000001
501,OnlineOnly,online,24,14.980000000000002,0.6241666666666668,0.37583333333333324,23.564000000000004,14.980000000000002,14.980000000000002,0.0
501,StaticMixture,static,24,17.126,0.7135833333333333,0.28641666666666665,23.564000000000004,14.980000000000002,14.980000000000002,2.145999999999999
501,Hedge,hedge,24,15.441540352014389,0.6433975146672662,0.35660248533273375,23.564000000000004,14.980000000000002,14.980000000000002,0.4615403520143868
501,ShiftAwareAdaptiveTrust,shift,24,18.37428326391012,0.765595135996255,0.23440486400374505,23.564000000000004,14.980000000000002,14.980000000000002,3.3942832639101166
503,PredictionOnly,prediction,3,2.816789225811782,0.9389297419372608,0.06107025806273925,2.816789225811782,2.7104684788895317,2.7104684788895317,0.10632074692225046
503,OnlineOnly,online,3,2.7104684788895317,0.9034894929631773,0.09651050703682273,2.816789225811782,2.7104684788895317,2.7104684788895317,0.0
503,StaticMixture,static,3,2.7370486656200943,0.9123495552066981,0.08765044479330186,2.816789225811782,2.7104684788895317,2.7104684788895317,0.026580186730562616
503,Hedge,hedge,3,2.7634927891010896,0.9211642630336966,0.07883573696630342,2.816789225811782,2.7104684788895317,2.7104684788895317,0.05302431021155796
503,ShiftAwareAdaptiveTrust,shift,3,2.7549212952320414,0.9183070984106805,0.08169290158931952,2.816789225811782,2.7104684788895317,2.7104684788895317,0.04445281634250975
504,PredictionOnly,prediction,3,2.654936122102883,0.8849787073676277,0.11502129263237226,2.654936122102883,2.2626483889202937,2.2626483889202937,0.39228773318258936
504,OnlineOnly,online,3,2.2626483889202937,0.7542161296400979,0.24578387035990212,2.654936122102883,2.2626483889202937,2.2626483889202937,0.0
504,StaticMixture,static,3,2.360720322215941,0.7869067740719804,0.2130932259280196,2.654936122102883,2.2626483889202937,2.2626483889202937,0.09807193329564745
504,Hedge,hedge,3,2.4929187353763695,0.8309729117921232,0.16902708820787682,2.654936122102883,2.2626483889202937,2.2626483889202937,0.2302703464560758
504,ShiftAwareAdaptiveTrust,shift,3,2.379963111283476,0.793321037094492,0.20667896290550802,2.654936122102883,2.2626483889202937,2.2626483889202937,0.11731472236318208
505,PredictionOnly,prediction,40,39.240878540851575,0.9810219635212893,0.018978036478710658,39.240878540851575,20.504648805461983,20.504648805461983,18.736229735389593
505,OnlineOnly,online,40,20.504648805461983,0.5126162201365496,0.4873837798634504,39.240878540851575,20.504648805461983,20.504648805461983,0.0
505,StaticMixture,static,40,25.188706239309386,0.6297176559827347,0.37028234401726534,39.240878540851575,20.504648805461983,20.504648805461983,4.6840574338474035
505,Hedge,hedge,40,20.951500886547482,0.5237875221636871,0.47621247783631293,39.240878540851575,20.504648805461983,20.504648805461983,0.446852081085499
505,ShiftAwareAdaptiveTrust,shift,40,25.41199338468718,0.6352998346171794,0.3647001653828206,39.240878540851575,20.504648805461983,20.504648805461983,4.907344579225196
506,PredictionOnly,prediction,6,6.0,1.0,0.0,6.0,5.247247254661534,5.247247254661534,0.7527527453384657
506,OnlineOnly,online,6,5.247247254661534,0.8745412091102557,0.12545879088974432,6.0,5.247247254661534,5.247247254661534,0.0
506,StaticMixture,static,6,5.43543544099615,0.9059059068326917,0.09409409316730832,6.0,5.247247254661534,5.247247254661534,0.18818818633461554
506,Hedge,hedge,6,5.531741426109498,0.9219569043515831,0.07804309564841694,6.0,5.247247254661534,5.247247254661534,0.28449417144796385
506,ShiftAwareAdaptiveTrust,shift,6,5.496539597792245,0.9160899329653742,0.08391006703462578,6.0,5.247247254661534,5.247247254661534,0.24929234313071102
507,PredictionOnly,prediction,11,8.248,0.7498181818181817,0.2501818181818183,8.248,5.692,5.692,2.555999999999999
507,OnlineOnly,online,11,5.692,0.5174545454545455,0.4825454545454545,8.248,5.692,5.692,0.0
507,StaticMixture,static,11,6.3309999999999995,0.5755454545454545,0.42445454545454553,8.248,5.692,5.692,0.6389999999999993
507,Hedge,hedge,11,6.129149754265611,0.5571954322059646,0.44280456779403543,8.248,5.692,5.692,0.43714975426561065
507,ShiftAwareAdaptiveTrust,shift,11,7.144662438685282,0.6495147671532074,0.35048523284679256,8.248,5.692,5.692,1.452662438685282
508,PredictionOnly,prediction,20,19.356,0.9678000000000001,0.032199999999999895,19.356,3.6200000000000006,3.6200000000000006,15.736
508,OnlineOnly,online,20,3.6200000000000006,0.18100000000000002,0.819,19.356,3.6200000000000006,3.6200000000000006,0.0
508,StaticMixture,static,20,7.553999999999999,0.3777,0.6223000000000001,19.356,3.6200000000000006,3.6200000000000006,3.933999999999999
508,Hedge,hedge,20,4.154366179625539,0.20771830898127694,0.792281691018723,19.356,3.6200000000000006,3.6200000000000006,0.5343661796255383
508,ShiftAwareAdaptiveTrust,shift,20,6.5821106620063174,0.3291055331003159,0.6708944668996841,19.356,3.6200000000000006,3.6200000000000006,2.962110662006317
512,PredictionOnly,prediction,86,79.18095306342592,0.9207087565514641,0.07929124344853589,79.18095306342592,40.71856432799722,40.71856432799722,38.462388735428696
512,OnlineOnly,online,86,40.71856432799722,0.47347167823252584,0.5265283217674741,79.18095306342592,40.71856432799722,40.71856432799722,0.0
512,StaticMixture,static,86,50.334161511854404,0.5852809478122605,0.4147190521877395,79.18095306342592,40.71856432799722,40.71856432799722,9.615597183857183
512,Hedge,hedge,86,41.17885011410309,0.47882383853608246,0.5211761614639175,79.18095306342592,40.71856432799722,40.71856432799722,0.4602857861058709
512,ShiftAwareAdaptiveTrust,shift,86,56.97243930651164,0.6624702244943214,0.33752977550567864,79.18095306342592,40.71856432799722,40.71856432799722,16.253874978514418
514,PredictionOnly,prediction,4,3.8907582127673876,0.9726895531918469,0.027310446808153088,3.8907582127673876,3.8079250558720235,3.8079250558720235,0.08283315689536419
514,OnlineOnly,online,4,3.8079250558720235,0.9519812639680059,0.048018736031994136,3.8907582127673876,3.8079250558720235,3.8079250558720235,0.0
514,StaticMixture,static,4,3.8286333450958647,0.9571583362739662,0.04284166372603382,3.8907582127673876,3.8079250558720235,3.8079250558720235,0.02070828922384127
514,Hedge,hedge,4,3.849631707081824,0.962407926770456,0.037592073229544054,3.8907582127673876,3.8079250558720235,3.8079250558720235,0.04170665120980033
514,ShiftAwareAdaptiveTrust,shift,4,3.8396136759120814,0.9599034189780203,0.04009658102197966,3.8907582127673876,3.8079250558720235,3.8079250558720235,0.0316886200400579
515,PredictionOnly,prediction,26,25.907999999999998,0.9964615384615384,0.0035384615384616014,25.907999999999998,11.687999999999999,11.687999999999999,14.219999999999999
515,OnlineOnly,online,26,11.687999999999999,0.4495384615384615,0.5504615384615386,25.907999999999998,11.687999999999999,11.687999999999999,0.0
515,StaticMixture,static,26,15.243000000000002,0.5862692307692309,0.4137307692307691,25.907999999999998,11.687999999999999,11.687999999999999,3.5550000000000033
515,Hedge,hedge,26,12.23424763158899,0.4705479858303458,0.5294520141696542,25.907999999999998,11.687999999999999,11.687999999999999,0.5462476315889919
515,ShiftAwareAdaptiveTrust,shift,26,16.28775619829806,0.6264521614730023,0.3735478385269977,25.907999999999998,11.687999999999999,11.687999999999999,4.59975619829806
516,PredictionOnly,prediction,14,12.259611336032389,0.8756865240023135,0.1243134759976865,12.259611336032389,10.142688259109313,10.142688259109313,2.116923076923076
516,OnlineOnly,online,14,10.142688259109313,0.7244777327935223,0.27552226720647766,12.259611336032389,10.142688259109313,10.142688259109313,0.0
516,StaticMixture,static,14,10.67191902834008,0.76227993059572,0.23772006940428003,12.259611336032389,10.142688259109313,10.142688259109313,0.5292307692307663
516,Hedge,hedge,14,10.553664624771878,0.7538331874837055,0.24616681251629446,12.259611336032389,10.142688259109313,10.142688259109313,0.4109763656625649
516,ShiftAwareAdaptiveTrust,shift,14,11.201890661475739,0.800135047248267,0.199864952751733,12.259611336032389,10.142688259109313,10.142688259109313,1.0592024023664255
517,PredictionOnly,prediction,18,16.201117119722383,0.9000620622067991,0.09993793779320093,16.201117119722383,12.278991814212949,12.278991814212949,3.922125305509434
517,OnlineOnly,online,18,12.278991814212949,0.6821662119007194,0.31783378809928065,16.201117119722383,12.278991814212949,12.278991814212949,0.0
517,StaticMixture,static,18,13.25952314059031,0.7366401744772395,0.2633598255227605,16.201117119722383,12.278991814212949,12.278991814212949,0.9805313263773616
517,Hedge,hedge,18,12.706680024616315,0.7059266680342398,0.29407333196576024,16.201117119722383,12.278991814212949,12.278991814212949,0.4276882104033657
517,ShiftAwareAdaptiveTrust,shift,18,13.977177180579416,0.7765098433655231,0.2234901566344769,16.201117119722383,12.278991814212949,12.278991814212949,1.6981853663664666
518,PredictionOnly,prediction,48,45.14652375105762,0.9405525781470337,0.059447421852966253,45.14652375105762,28.82497421933474,28.82497421933474,16.32154953172288
518,OnlineOnly,online,48,28.82497421933474,0.6005202962361404,0.39947970376385955,45.14652375105762,28.82497421933474,28.82497421933474,0.0
518,StaticMixture,static,48,32.905361602265465,0.6855283667138639,0.31447163328613614,45.14652375105762,28.82497421933474,28.82497421933474,4.080387382930724
518,Hedge,hedge,48,29.32961672380339,0.611033681745904,0.388966318254096,45.14652375105762,28.82497421933474,28.82497421933474,0.5046425044686487
518,ShiftAwareAdaptiveTrust,shift,48,33.164868765351784,0.6909347659448288,0.30906523405517117,45.14652375105762,28.82497421933474,28.82497421933474,4.339894546017042
520,PredictionOnly,prediction,3,2.7039999999999997,0.9013333333333332,0.09866666666666679,2.7039999999999997,1.8039999999999998,1.8039999999999998,0.8999999999999999
520,OnlineOnly,online,3,1.8039999999999998,0.6013333333333333,0.3986666666666667,2.7039999999999997,1.8039999999999998,1.8039999999999998,0.0
520,StaticMixture,static,3,2.029,0.6763333333333333,0.32366666666666666,2.7039999999999997,1.8039999999999998,1.8039999999999998,0.2250000000000001
520,Hedge,hedge,3,2.147677812322268,0.7158926041074226,0.2841073958925774,2.7039999999999997,1.8039999999999998,1.8039999999999998,0.34367781232226813
520,ShiftAwareAdaptiveTrust,shift,3,2.2962386121613654,0.7654128707204552,0.23458712927954484,2.7039999999999997,1.8039999999999998,1.8039999999999998,0.49223861216136555
521,PredictionOnly,prediction,15,14.971983935742973,0.9981322623828649,0.0018677376171351012,14.971983935742973,11.789345104556157,11.789345104556157,3.182638831186816
521,OnlineOnly,online,15,11.789345104556157,0.7859563403037437,0.21404365969625627,14.971983935742973,11.789345104556157,11.789345104556157,0.0
521,StaticMixture,static,15,12.58500481235286,0.839000320823524,0.16099967917647595,14.971983935742973,11.789345104556157,11.789345104556157,0.7956597077967036
521,Hedge,hedge,15,12.192655306433885,0.8128436870955923,0.1871563129044077,14.971983935742973,11.789345104556157,11.789345104556157,0.40331020187772815
521,ShiftAwareAdaptiveTrust,shift,15,13.708647258854043,0.9139098172569362,0.08609018274306379,14.971983935742973,11.789345104556157,11.789345104556157,1.9193021542978865
523,PredictionOnly,prediction,5,4.252,0.8503999999999999,0.14960000000000007,4.252,3.148,3.148,1.1039999999999996
523,OnlineOnly,online,5,3.148,0.6296,0.37039999999999995,4.252,3.148,3.148,0.0
523,StaticMixture,static,5,3.424,0.6848,0.31520000000000004,4.252,3.148,3.148,0.2759999999999998
523,Hedge,hedge,5,3.5223215288350396,0.7044643057670079,0.2955356942329921,4.252,3.148,3.148,0.37432152883503944
523,ShiftAwareAdaptiveTrust,shift,5,3.6638043682156534,0.7327608736431307,0.2672391263568693,4.252,3.148,3.148,0.5158043682156532
524,PredictionOnly,prediction,72,61.84540128846346,0.8589639067842146,0.14103609321578536,61.84540128846346,41.37711857150501,41.37711857150501,20.46828271695845
524,OnlineOnly,online,72,41.37711857150501,0.574682202382014,0.42531779761798605,61.84540128846346,41.37711857150501,41.37711857150501,0.0
524,StaticMixture,static,72,46.49418925074463,0.6457526284825643,0.3542473715174357,61.84540128846346,41.37711857150501,41.37711857150501,5.1170706792396246
524,Hedge,hedge,72,41.85244707330804,0.5812839871292783,0.4187160128707217,61.84540128846346,41.37711857150501,41.37711857150501,0.475328501803034
524,ShiftAwareAdaptiveTrust,shift,72,50.27406245442723,0.6982508674226005,0.30174913257739955,61.84540128846346,41.37711857150501,41.37711857150501,8.896943882922223
525,PredictionOnly,prediction,121,114.07147168988571,0.942739435453601,0.05726056454639905,114.07147168988571,105.49664441003152,105.49664441003152,8.57482727985419
525,OnlineOnly,online,121,105.49664441003152,0.8718730942977811,0.12812690570221885,114.07147168988571,105.49664441003152,105.49664441003152,0.0
525,StaticMixture,static,121,107.64035122999505,0.889589679586736,0.11041032041326404,114.07147168988571,105.49664441003152,105.49664441003152,2.1437068199635263
525,Hedge,hedge,121,105.88460896524813,0.8750794129359349,0.12492058706406506,114.07147168988571,105.49664441003152,105.49664441003152,0.38796455521661244
525,ShiftAwareAdaptiveTrust,shift,121,110.57503100322819,0.9138432314316379,0.08615676856836207,114.07147168988571,105.49664441003152,105.49664441003152,5.078386593196669
527,PredictionOnly,prediction,4,3.884,0.971,0.029000000000000026,3.884,2.3231812865497075,2.3231812865497075,1.5608187134502924
527,OnlineOnly,online,4,2.3231812865497075,0.5807953216374269,0.41920467836257314,3.884,2.3231812865497075,2.3231812865497075,0.0
527,StaticMixture,static,4,2.7133859649122805,0.6783464912280701,0.3216535087719299,3.884,2.3231812865497075,2.3231812865497075,0.390204678362573
527,Hedge,hedge,4,2.776924783102261,0.6942311957755652,0.30576880422443475,3.884,2.3231812865497075,2.3231812865497075,0.4537434965525535
527,ShiftAwareAdaptiveTrust,shift,4,2.910366312932866,0.7275915782332165,0.2724084217667835,3.884,2.3231812865497075,2.3231812865497075,0.5871850263831586
530,PredictionOnly,prediction,9,8.784,0.9760000000000001,0.02399999999999991,8.784,6.792000000000002,6.792000000000002,1.991999999999999
530,OnlineOnly,online,9,6.792000000000002,0.7546666666666668,0.24533333333333318,8.784,6.792000000000002,6.792000000000002,0.0
530,StaticMixture,static,9,7.29,0.81,0.18999999999999995,8.784,6.792000000000002,6.792000000000002,0.49799999999999844
530,Hedge,hedge,9,7.19738957109814,0.7997099523442377,0.2002900476557623,8.784,6.792000000000002,6.792000000000002,0.4053895710981381
530,ShiftAwareAdaptiveTrust,shift,9,7.808588076942325,0.867620897438036,0.13237910256196395,8.784,6.792000000000002,6.792000000000002,1.0165880769423232
531,PredictionOnly,prediction,11,10.648,0.968,0.03200000000000003,10.648,7.128,7.128,3.5199999999999996
531,OnlineOnly,online,11,7.128,0.648,0.352,10.648,7.128,7.128,0.0
531,StaticMixture,static,11,8.008,0.7279999999999999,0.27200000000000013,10.648,7.128,7.128,0.879999999999999
531,Hedge,hedge,11,7.597995217509395,0.6907268379553996,0.3092731620446004,10.648,7.128,7.128,0.4699952175093953
531,ShiftAwareAdaptiveTrust,shift,11,8.971258119104501,0.815568919918591,0.18443108008140896,10.648,7.128,7.128,1.843258119104501
532,PredictionOnly,prediction,3,2.88,0.96,0.040000000000000036,2.88,1.936,1.936,0.944
532,OnlineOnly,online,3,1.936,0.6453333333333333,0.3546666666666667,2.88,1.936,1.936,0.0
532,StaticMixture,static,3,2.172,0.7240000000000001,0.2759999999999999,2.88,1.936,1.936,0.2360000000000002
532,Hedge,hedge,3,2.3121268775354595,0.7707089591784865,0.22929104082151353,2.88,1.936,1.936,0.3761268775354596
532,ShiftAwareAdaptiveTrust,shift,3,2.5620710556738575,0.8540236852246191,0.14597631477538087,2.88,1.936,1.936,0.6260710556738576
533,PredictionOnly,prediction,22,21.955468834491768,0.9979758561132622,0.0020241438867377726,21.955468834491768,8.367684539354252,8.367684539354252,13.587784295137515
533,OnlineOnly,online,22,8.367684539354252,0.38034929724337513,0.6196507027566249,21.955468834491768,8.367684539354252,8.367684539354252,0.0
533,StaticMixture,static,22,11.764630613138632,0.5347559369608469,0.4652440630391531,21.955468834491768,8.367684539354252,8.367684539354252,3.3969460737843793
533,Hedge,hedge,22,8.908975865044276,0.4049534484111035,0.5950465515888965,21.955468834491768,8.367684539354252,8.367684539354252,0.5412913256900236
533,ShiftAwareAdaptiveTrust,shift,22,11.979912933508682,0.5445414969776674,0.4554585030223326,21.955468834491768,8.367684539354252,8.367684539354252,3.61222839415443
534,PredictionOnly,prediction,15,14.466482641953217,0.9644321761302145,0.03556782386978552,14.466482641953217,10.649028663086419,10.649028663086419,3.817453978866798
534,OnlineOnly,online,15,10.649028663086419,0.7099352442057613,0.29006475579423874,14.466482641953217,10.649028663086419,10.649028663086419,0.0
534,StaticMixture,static,15,11.60339215780312,0.7735594771868747,0.22644052281312532,14.466482641953217,10.649028663086419,10.649028663086419,0.9543634947167003
534,Hedge,hedge,15,11.152109836676033,0.7434739891117356,0.25652601088826443,14.466482641953217,10.649028663086419,10.649028663086419,0.5030811735896137
534,ShiftAwareAdaptiveTrust,shift,15,12.284563294179412,0.8189708862786275,0.18102911372137254,14.466482641953217,10.649028663086419,10.649028663086419,1.6355346310929928
535,PredictionOnly,prediction,20,19.4456083160147,0.972280415800735,0.027719584199265013,19.4456083160147,11.15612643595912,11.15612643595912,8.289481880055579
535,OnlineOnly,online,20,11.15612643595912,0.557806321797956,0.442193678202044,19.4456083160147,11.15612643595912,11.15612643595912,0.0
535,StaticMixture,static,20,13.228496905973014,0.6614248452986506,0.33857515470134936,19.4456083160147,11.15612643595912,11.15612643595912,2.072370470013894
535,Hedge,hedge,20,11.616088622129647,0.5808044311064824,0.4191955688935176,19.4456083160147,11.15612643595912,11.15612643595912,0.459962186170527
535,ShiftAwareAdaptiveTrust,shift,20,14.439767338294269,0.7219883669147135,0.27801163308528654,19.4456083160147,11.15612643595912,11.15612643595912,3.283640902335149
538,PredictionOnly,prediction,11,9.836,0.8941818181818182,0.10581818181818181,9.836,5.44,5.44,4.396
538,OnlineOnly,online,11,5.44,0.49454545454545457,0.5054545454545454,9.836,5.44,5.44,0.0
538,StaticMixture,static,11,6.539000000000001,0.5944545454545455,0.40554545454545454,9.836,5.44,5.44,1.0990000000000002
538,Hedge,hedge,11,5.909243590352068,0.5372039627592788,0.46279603724072116,9.836,5.44,5.44,0.4692435903520673
538,ShiftAwareAdaptiveTrust,shift,11,7.3370465873969755,0.6670042352179069,0.33299576478209314,9.836,5.44,5.44,1.897046587396975
539,PredictionOnly,prediction,9,8.943999999999999,0.9937777777777776,0.006222222222222351,8.943999999999999,6.919999999999999,6.919999999999999,2.024
539,OnlineOnly,online,9,6.919999999999999,0.7688888888888887,0.23111111111111127,8.943999999999999,6.919999999999999,6.919999999999999,0.0
539,StaticMixture,static,9,7.425999999999999,0.825111111111111,0.17488888888888898,8.943999999999999,6.919999999999999,6.919999999999999,0.5060000000000002
539,Hedge,hedge,9,7.352062783928401,0.8168958648809335,0.18310413511906654,8.943999999999999,6.919999999999999,6.919999999999999,0.43206278392840236
539,ShiftAwareAdaptiveTrust,shift,9,7.629465806450716,0.8477184229389684,0.15228157706103163,8.943999999999999,6.919999999999999,6.919999999999999,0.7094658064507167
544,PredictionOnly,prediction,23,21.919999999999998,0.9530434782608694,0.04695652173913056,21.919999999999998,20.216,20.216,1.703999999999997
544,OnlineOnly,online,23,20.216,0.8789565217391305,0.12104347826086947,21.919999999999998,20.216,20.216,0.0
544,StaticMixture,static,23,20.642,0.8974782608695652,0.10252173913043483,21.919999999999998,20.216,20.216,0.4259999999999984
544,Hedge,hedge,23,20.566251532226012,0.8941848492272179,0.10581515077278214,21.919999999999998,20.216,20.216,0.3502515322260109
544,ShiftAwareAdaptiveTrust,shift,23,21.265554816400893,0.9245893398435171,0.0754106601564829,21.919999999999998,20.216,20.216,1.0495548164008923
545,PredictionOnly,prediction,33,31.8299678654745,0.9645444807719545,0.03545551922804546,31.8299678654745,26.73347786158671,26.73347786158671,5.096490003887791
545,OnlineOnly,online,33,26.73347786158671,0.8101053897450519,0.18989461025494814,31.8299678654745,26.73347786158671,26.73347786158671,0.0
545,StaticMixture,static,33,28.007600362558655,0.8487151625017775,0.15128483749822252,31.8299678654745,26.73347786158671,26.73347786158671,1.274122500971945
545,Hedge,hedge,33,27.13311985704356,0.8222157532437443,0.1777842467562557,31.8299678654745,26.73347786158671,26.73347786158671,0.3996419954568502
545,ShiftAwareAdaptiveTrust,shift,33,29.09724824402469,0.8817347952734754,0.11826520472652458,31.8299678654745,26.73347786158671,26.73347786158671,2.3637703824379805
547,PredictionOnly,prediction,29,28.053028310547873,0.9673458038119956,0.03265419618800436,28.053028310547873,19.494825983037472,19.494825983037472,8.5582023275104
547,OnlineOnly,online,29,19.494825983037472,0.67223537872543,0.32776462127456996,28.053028310547873,19.494825983037472,19.494825983037472,0.0
547,StaticMixture,static,29,21.63437656491507,0.7460129849970714,0.25398701500292864,28.053028310547873,19.494825983037472,19.494825983037472,2.1395505818775966
547,Hedge,hedge,29,19.909929444128903,0.6865492911768587,0.3134507088231413,28.053028310547873,19.494825983037472,19.494825983037472,0.41510346109143015
547,ShiftAwareAdaptiveTrust,shift,29,23.407121420180456,0.8071421179372571,0.1928578820627429,28.053028310547873,19.494825983037472,19.494825983037472,3.9122954371429834
548,PredictionOnly,prediction,34,30.21661802575107,0.8887240595809138,0.11127594041908617,30.21661802575107,19.621529804482588,19.621529804482588,10.595088221268483
548,OnlineOnly,online,34,19.621529804482588,0.5771038177788996,0.42289618222110037,30.21661802575107,19.621529804482588,19.621529804482588,0.0
548,StaticMixture,static,34,22.27030185979971,0.6550088782294032,0.34499112177059676,30.21661802575107,19.621529804482588,19.621529804482588,2.648772055317121
548,Hedge,hedge,34,20.057220393320637,0.5899182468623717,0.4100817531376283,30.21661802575107,19.621529804482588,19.621529804482588,0.43569058883804956
548,ShiftAwareAdaptiveTrust,shift,34,23.905036030797326,0.7030892950234507,0.29691070497654926,30.21661802575107,19.621529804482588,19.621529804482588,4.2835062263147385
549,PredictionOnly,prediction,39,37.073271633500816,0.950596708551303,0.04940329144869704,37.073271633500816,26.395424792644278,26.395424792644278,10.677846840856539
549,OnlineOnly,online,39,26.395424792644278,0.6768057639139559,0.32319423608604414,37.073271633500816,26.395424792644278,26.395424792644278,0.0
549,StaticMixture,static,39,29.064886502858418,0.7452535000732927,0.2547464999267073,37.073271633500816,26.395424792644278,26.395424792644278,2.66946171021414
549,Hedge,hedge,39,26.844982365618527,0.6883328811697058,0.3116671188302942,37.073271633500816,26.395424792644278,26.395424792644278,0.4495575729742498
549,ShiftAwareAdaptiveTrust,shift,39,30.80374725641848,0.7898396732414995,0.2101603267585005,37.073271633500816,26.395424792644278,26.395424792644278,4.408322463774201
550,PredictionOnly,prediction,13,12.915053578540137,0.9934656598877029,0.006534340112297143,12.915053578540137,11.856304957014165,11.856304957014165,1.0587486215259716
550,OnlineOnly,online,13,11.856304957014165,0.9120234582318589,0.08797654176814107,12.915053578540137,11.856304957014165,11.856304957014165,0.0
550,StaticMixture,static,13,12.12099211239566,0.93238400864582,0.06761599135417995,12.915053578540137,11.856304957014165,11.856304957014165,0.2646871553814947
550,Hedge,hedge,13,12.174895006922037,0.936530385147849,0.06346961485215097,12.915053578540137,11.856304957014165,11.856304957014165,0.318590049907872
550,ShiftAwareAdaptiveTrust,shift,13,12.229230612438082,0.9407100471106217,0.05928995288937833,12.915053578540137,11.856304957014165,11.856304957014165,0.3729256554239164
551,PredictionOnly,prediction,11,10.516000000000002,0.9560000000000002,0.04399999999999982,10.516000000000002,8.764000000000001,8.764000000000001,1.7520000000000007
551,OnlineOnly,online,11,8.764000000000001,0.7967272727272728,0.20327272727272716,10.516000000000002,8.764000000000001,8.764000000000001,0.0
551,StaticMixture,static,11,9.202,0.8365454545454546,0.1634545454545454,10.516000000000002,8.764000000000001,8.764000000000001,0.43799999999999883
551,Hedge,hedge,11,9.146442918273518,0.831494810752138,0.16850518924786195,10.516000000000002,8.764000000000001,8.764000000000001,0.38244291827351695
551,ShiftAwareAdaptiveTrust,shift,11,9.588873719021878,0.8717157926383525,0.12828420736164747,10.516000000000002,8.764000000000001,8.764000000000001,0.8248737190218769
552,PredictionOnly,prediction,14,12.644000000000002,0.9031428571428572,0.09685714285714275,12.644000000000002,5.0120000000000005,5.0120000000000005,7.6320000000000014
552,OnlineOnly,online,14,5.0120000000000005,0.35800000000000004,0.6419999999999999,12.644000000000002,5.0120000000000005,5.0120000000000005,0.0
552,StaticMixture,static,14,6.919999999999999,0.4942857142857142,0.5057142857142858,12.644000000000002,5.0120000000000005,5.0120000000000005,1.9079999999999986
552,Hedge,hedge,14,5.541785692149089,0.39584183515350635,0.6041581648464937,12.644000000000002,5.0120000000000005,5.0120000000000005,0.5297856921490887
552,ShiftAwareAdaptiveTrust,shift,14,8.122773765456643,0.5801981261040459,0.41980187389595414,12.644000000000002,5.0120000000000005,5.0120000000000005,3.110773765456642
553,PredictionOnly,prediction,7,6.79503988501617,0.9707199835737386,0.029280016426261435,6.79503988501617,5.241283507006827,5.241283507006827,1.5537563780093429
553,OnlineOnly,online,7,5.241283507006827,0.748754786715261,0.25124521328473903,6.79503988501617,5.241283507006827,5.241283507006827,0.0
553,StaticMixture,static,7,5.629722601509163,0.8042460859298803,0.19575391407011966,6.79503988501617,5.241283507006827,5.241283507006827,0.3884390945023357
553,Hedge,hedge,7,5.6494442791827755,0.8070634684546822,0.19293653154531776,6.79503988501617,5.241283507006827,5.241283507006827,0.4081607721759486
553,ShiftAwareAdaptiveTrust,shift,7,6.031003385153308,0.8615719121647583,0.13842808783524174,6.79503988501617,5.241283507006827,5.241283507006827,0.7897198781464807
554,PredictionOnly,prediction,14,13.668,0.9762857142857142,0.0237142857142858,13.668,7.26,7.26,6.4079999999999995
554,OnlineOnly,online,14,7.26,0.5185714285714286,0.48142857142857143,13.668,7.26,7.26,0.0
554,StaticMixture,static,14,8.862,0.633,0.367,13.668,7.26,7.26,1.6020000000000003
554,Hedge,hedge,14,7.740543333957112,0.552895952425508,0.44710404757449196,13.668,7.26,7.26,0.4805433339571126
554,ShiftAwareAdaptiveTrust,shift,14,9.676416158695929,0.691172582763995,0.30882741723600504,13.668,7.26,7.26,2.416416158695929
555,PredictionOnly,prediction,6,5.583831223628692,0.9306385372714487,0.06936146272855126,5.583831223628692,5.415159921554645,5.415159921554645,0.16867130207404735
555,OnlineOnly,online,6,5.415159921554645,0.9025266535924409,0.09747334640755911,5.583831223628692,5.415159921554645,5.415159921554645,0.0
555,StaticMixture,static,6,5.457327747073156,0.9095546245121926,0.0904453754878074,5.583831223628692,5.415159921554645,5.415159921554645,0.042167825518510504
555,Hedge,hedge,6,5.508257730216409,0.9180429550360681,0.08195704496393186,5.583831223628692,5.415159921554645,5.415159921554645,0.09309780866176354
555,ShiftAwareAdaptiveTrust,shift,6,5.500114146284394,0.916685691047399,0.08331430895260095,5.583831223628692,5.415159921554645,5.415159921554645,0.08495422472974923
556,PredictionOnly,prediction,63,54.31858407079647,0.8621997471554995,0.13780025284450048,54.31858407079647,29.840141592920354,29.840141592920354,24.478442477876115
556,OnlineOnly,online,63,29.840141592920354,0.4736530411574659,0.526346958842534,54.31858407079647,29.840141592920354,29.840141592920354,0.0
556,StaticMixture,static,63,35.959752212389375,0.5707897176569742,0.42921028234302583,54.31858407079647,29.840141592920354,29.840141592920354,6.119610619469022
556,Hedge,hedge,63,30.2566097389457,0.4802636466499317,0.5197363533500683,54.31858407079647,29.840141592920354,29.840141592920354,0.41646814602534477
556,ShiftAwareAdaptiveTrust,shift,63,39.34521081420853,0.6245271557810878,0.37547284421891225,54.31858407079647,29.840141592920354,29.840141592920354,9.505069221288174
558,PredictionOnly,prediction,6,5.904,0.984,0.016000000000000014,5.904,4.263999999999999,4.263999999999999,1.6400000000000006
558,OnlineOnly,online,6,4.263999999999999,0.7106666666666666,0.28933333333333344,5.904,4.263999999999999,4.263999999999999,0.0
558,StaticMixture,static,6,4.674,0.779,0.22099999999999997,5.904,4.263999999999999,4.263999999999999,0.41000000000000103
558,Hedge,hedge,6,4.7403235491611815,0.7900539248601969,0.20994607513980312,5.904,4.263999999999999,4.263999999999999,0.47632354916118214
558,ShiftAwareAdaptiveTrust,shift,6,5.007796919210549,0.8346328198684249,0.16536718013157514,5.904,4.263999999999999,4.263999999999999,0.74379691921055
559,PredictionOnly,prediction,9,7.952,0.8835555555555555,0.11644444444444446,7.952,3.2479999999999998,3.2479999999999998,4.704000000000001
559,OnlineOnly,online,9,3.2479999999999998,0.36088888888888887,0.6391111111111112,7.952,3.2479999999999998,3.2479999999999998,0.0
559,StaticMixture,static,9,4.4239999999999995,0.4915555555555555,0.5084444444444445,7.952,3.2479999999999998,3.2479999999999998,1.1759999999999997
559,Hedge,hedge,9,3.7718684610524207,0.4190964956724912,0.5809035043275088,7.952,3.2479999999999998,3.2479999999999998,0.5238684610524209
559,ShiftAwareAdaptiveTrust,shift,9,5.088520324915803,0.565391147212867,0.434608852787133,7.952,3.2479999999999998,3.2479999999999998,1.8405203249158029
560,PredictionOnly,prediction,22,21.227999999999998,0.9649090909090908,0.03509090909090917,21.227999999999998,12.068353277221311,12.068353277221311,9.159646722778687
560,OnlineOnly,online,22,12.068353277221311,0.5485615126009686,0.45143848739903136,21.227999999999998,12.068353277221311,12.068353277221311,0.0
560,StaticMixture,static,22,14.358264957915985,0.6526484071779993,0.3473515928220007,21.227999999999998,12.068353277221311,12.068353277221311,2.289911680694674
560,Hedge,hedge,22,12.602913047820651,0.5728596839918478,0.42714031600815217,21.227999999999998,12.068353277221311,12.068353277221311,0.5345597705993406
560,ShiftAwareAdaptiveTrust,shift,22,15.114394577325102,0.6870179353329592,0.3129820646670408,21.227999999999998,12.068353277221311,12.068353277221311,3.0460413001037914
562,PredictionOnly,prediction,4,3.7399999999999998,0.9349999999999999,0.06500000000000006,3.7399999999999998,2.1119999999999997,2.1119999999999997,1.6280000000000001
562,OnlineOnly,online,4,2.1119999999999997,0.5279999999999999,0.4720000000000001,3.7399999999999998,2.1119999999999997,2.1119999999999997,0.0
562,StaticMixture,static,4,2.5189999999999997,0.6297499999999999,0.3702500000000001,3.7399999999999998,2.1119999999999997,2.1119999999999997,0.40700000000000003
562,Hedge,hedge,4,2.616807044013914,0.6542017610034785,0.3457982389965215,3.7399999999999998,2.1119999999999997,2.1119999999999997,0.5048070440139143
562,ShiftAwareAdaptiveTrust,shift,4,2.8196989192913957,0.7049247298228489,0.29507527017715107,3.7399999999999998,2.1119999999999997,2.1119999999999997,0.7076989192913961
563,PredictionOnly,prediction,10,8.524000000000001,0.8524,0.14759999999999995,8.524000000000001,7.256,7.256,1.2680000000000007
563,OnlineOnly,online,10,7.256,0.7256,0.2744,8.524000000000001,7.256,7.256,0.0
563,StaticMixture,static,10,7.573,0.7573000000000001,0.24269999999999992,8.524000000000001,7.256,7.256,0.31700000000000017
563,Hedge,hedge,10,7.636043415946267,0.7636043415946266,0.23639565840537335,8.524000000000001,7.256,7.256,0.38004341594626645
563,ShiftAwareAdaptiveTrust,shift,10,7.981857037054388,0.7981857037054387,0.20181429629456127,8.524000000000001,7.256,7.256,0.7258570370543875
564,PredictionOnly,prediction,4,3.988,0.997,0.0030000000000000027,3.988,3.7850298102981026,3.7850298102981026,0.2029701897018974
564,OnlineOnly,online,4,3.7850298102981026,0.9462574525745256,0.05374254742547435,3.988,3.7850298102981026,3.7850298102981026,0.0
564,StaticMixture,static,4,3.8357723577235774,0.9589430894308943,0.041056910569105654,3.988,3.7850298102981026,3.7850298102981026,0.05074254742547479
564,Hedge,hedge,4,3.879839722912109,0.9699599307280272,0.03004006927197278,3.988,3.7850298102981026,3.7850298102981026,0.09480991261400629
564,ShiftAwareAdaptiveTrust,shift,4,3.864072661752364,0.966018165438091,0.03398183456190895,3.988,3.7850298102981026,3.7850298102981026,0.0790428514542616
566,PredictionOnly,prediction,4,3.944,0.986,0.014000000000000012,3.944,2.64,2.64,1.3039999999999998
566,OnlineOnly,online,4,2.64,0.66,0.33999999999999997,3.944,2.64,2.64,0.0
566,StaticMixture,static,4,2.966,0.7415,0.25849999999999995,3.944,2.64,2.64,0.32600000000000007
566,Hedge,hedge,4,3.0769231346637613,0.7692307836659403,0.23076921633405967,3.944,2.64,2.64,0.4369231346637612
566,ShiftAwareAdaptiveTrust,shift,4,3.1419465515481964,0.7854866378870491,0.2145133621129509,3.944,2.64,2.64,0.5019465515481962
567,PredictionOnly,prediction,13,11.48,0.8830769230769231,0.11692307692307691,11.48,6.076,6.076,5.404000000000001
567,OnlineOnly,online,13,6.076,0.46738461538461534,0.5326153846153847,11.48,6.076,6.076,0.0
567,StaticMixture,static,13,7.427,0.5713076923076923,0.4286923076923077,11.48,6.076,6.076,1.351
567,Hedge,hedge,13,6.538414207147023,0.5029549390113094,0.4970450609886906,11.48,6.076,6.076,0.46241420714702297
567,ShiftAwareAdaptiveTrust,shift,13,7.891839041045117,0.6070645416188551,0.39293545838114485,11.48,6.076,6.076,1.815839041045117
568,PredictionOnly,prediction,7,5.62,0.8028571428571428,0.19714285714285718,5.62,3.8679999999999994,3.8679999999999994,1.7520000000000007
568,OnlineOnly,online,7,3.8679999999999994,0.5525714285714285,0.4474285714285715,5.62,3.8679999999999994,3.8679999999999994,0.0
568,StaticMixture,static,7,4.306000000000001,0.6151428571428573,0.3848571428571427,5.62,3.8679999999999994,3.8679999999999994,0.4380000000000015
568,Hedge,hedge,7,4.337242063623021,0.6196060090890031,0.3803939909109969,5.62,3.8679999999999994,3.8679999999999994,0.4692420636230219
568,ShiftAwareAdaptiveTrust,shift,7,4.553440996278163,0.6504915708968805,0.3495084291031195,5.62,3.8679999999999994,3.8679999999999994,0.6854409962781638
569,PredictionOnly,prediction,7,6.136,0.8765714285714286,0.12342857142857144,6.136,4.064,4.064,2.072
569,OnlineOnly,online,7,4.064,0.5805714285714286,0.4194285714285714,6.136,4.064,4.064,0.0
569,StaticMixture,static,7,4.582000000000001,0.6545714285714287,0.3454285714285713,6.136,4.064,4.064,0.5180000000000007
569,Hedge,hedge,7,4.504460355208034,0.6434943364582905,0.35650566354170954,6.136,4.064,4.064,0.4404603552080335
569,ShiftAwareAdaptiveTrust,shift,7,5.102311673724397,0.7289016676749139,0.27109833232508607,6.136,4.064,4.064,1.0383116737243974
570,PredictionOnly,prediction,9,8.68,0.9644444444444444,0.03555555555555556,8.68,6.376000000000001,6.376000000000001,2.3039999999999985
570,OnlineOnly,online,9,6.376000000000001,0.7084444444444445,0.29155555555555546,8.68,6.376000000000001,6.376000000000001,0.0
570,StaticMixture,static,9,6.951999999999999,0.7724444444444444,0.22755555555555562,8.68,6.376000000000001,6.376000000000001,0.5759999999999978
570,Hedge,hedge,9,6.788182810140962,0.7542425344601069,0.24575746553989308,8.68,6.376000000000001,6.376000000000001,0.41218281014096103
570,ShiftAwareAdaptiveTrust,shift,9,7.608886098181127,0.8454317886867919,0.15456821131320808,8.68,6.376000000000001,6.376000000000001,1.232886098181126
572,PredictionOnly,prediction,43,33.0,0.7674418604651163,0.2325581395348837,33.0,15.22,15.22,17.78
572,OnlineOnly,online,43,15.22,0.35395348837209306,0.6460465116279069,33.0,15.22,15.22,0.0
572,StaticMixture,static,43,19.665000000000006,0.45732558139534896,0.542674418604651,33.0,15.22,15.22,4.445000000000006
572,Hedge,hedge,43,15.77582927690047,0.36687975062559236,0.6331202493744077,33.0,15.22,15.22,0.5558292769004698
572,ShiftAwareAdaptiveTrust,shift,43,19.282832318460876,0.448437960894439,0.551562039105561,33.0,15.22,15.22,4.062832318460876
573,PredictionOnly,prediction,35,31.93317409193482,0.9123764026267092,0.08762359737329084,31.93317409193482,20.410331223620414,20.410331223620414,11.522842868314406
573,OnlineOnly,online,35,20.410331223620414,0.583152320674869,0.416847679325131,31.93317409193482,20.410331223620414,20.410331223620414,0.0
573,StaticMixture,static,35,23.291041940699017,0.6654583411628291,0.3345416588371709,31.93317409193482,20.410331223620414,20.410331223620414,2.8807107170786033
573,Hedge,hedge,35,20.91590692833387,0.5975973408095392,0.4024026591904608,31.93317409193482,20.410331223620414,20.410331223620414,0.5055757047134577
573,ShiftAwareAdaptiveTrust,shift,35,24.707783534699875,0.7059366724199965,0.29406332758000353,31.93317409193482,20.410331223620414,20.410331223620414,4.297452311079461
574,PredictionOnly,prediction,14,13.994318181818182,0.9995941558441558,0.00040584415584421496,13.994318181818182,9.305245602806874,9.305245602806874,4.689072579011308
574,OnlineOnly,online,14,9.305245602806874,0.664660400200491,0.335339599799509,13.994318181818182,9.305245602806874,9.305245602806874,0.0
574,StaticMixture,static,14,10.477513747559701,0.7483938391114072,0.2516061608885928,13.994318181818182,9.305245602806874,9.305245602806874,1.1722681447528274
574,Hedge,hedge,14,9.803873909356108,0.7002767078111506,0.2997232921888494,13.994318181818182,9.305245602806874,9.305245602806874,0.49862830654923407
574,ShiftAwareAdaptiveTrust,shift,14,10.49481765562973,0.7496298325449807,0.2503701674550193,13.994318181818182,9.305245602806874,9.305245602806874,1.1895720528228555
575,PredictionOnly,prediction,10,8.22,0.8220000000000001,0.17799999999999994,8.22,7.016,7.016,1.2040000000000006
575,OnlineOnly,online,10,7.016,0.7016,0.2984,8.22,7.016,7.016,0.0
575,StaticMixture,static,10,7.317,0.7317,0.2683,8.22,7.016,7.016,0.30100000000000016
575,Hedge,hedge,10,7.418430777262667,0.7418430777262668,0.2581569222737332,8.22,7.016,7.016,0.4024307772626674
575,ShiftAwareAdaptiveTrust,shift,10,7.6289211394411955,0.7628921139441196,0.2371078860558804,8.22,7.016,7.016,0.6129211394411955
578,PredictionOnly,prediction,4,3.964,0.991,0.009000000000000008,3.964,3.6559999999999997,3.6559999999999997,0.3080000000000003
578,OnlineOnly,online,4,3.6559999999999997,0.9139999999999999,0.08600000000000008,3.964,3.6559999999999997,3.6559999999999997,0.0
578,StaticMixture,static,4,3.7330000000000005,0.9332500000000001,0.06674999999999986,3.964,3.6559999999999997,3.6559999999999997,0.07700000000000085
578,Hedge,hedge,4,3.794649336229881,0.9486623340574702,0.05133766594252975,3.964,3.6559999999999997,3.6559999999999997,0.1386493362298813
578,ShiftAwareAdaptiveTrust,shift,4,3.7683552549288604,0.9420888137322151,0.05791118626778491,3.964,3.6559999999999997,3.6559999999999997,0.11235525492886067
579,PredictionOnly,prediction,22,19.635020080321283,0.8925009127418765,0.10749908725812352,19.635020080321283,13.554329317269078,13.554329317269078,6.080690763052205
579,OnlineOnly,online,22,13.554329317269078,0.6161058780576854,0.38389412194231465,19.635020080321283,13.554329317269078,13.554329317269078,0.0
579,StaticMixture,static,22,15.07450200803213,0.6852046367287332,0.3147953632712668,19.635020080321283,13.554329317269078,13.554329317269078,1.5201726907630526
579,Hedge,hedge,22,13.97803856546886,0.6353653893394937,0.3646346106605063,19.635020080321283,13.554329317269078,13.554329317269078,0.42370924819978306
579,ShiftAwareAdaptiveTrust,shift,22,16.266317236011997,0.7393780561823635,0.2606219438176365,19.635020080321283,13.554329317269078,13.554329317269078,2.711987918742919
580,PredictionOnly,prediction,12,10.235529411764707,0.8529607843137256,0.14703921568627443,10.235529411764707,6.444881644223955,6.444881644223955,3.7906477675407526
580,OnlineOnly,online,12,6.444881644223955,0.5370734703519963,0.46292652964800374,10.235529411764707,6.444881644223955,6.444881644223955,0.0
580,StaticMixture,static,12,7.392543586109143,0.6160452988424286,0.38395470115757135,10.235529411764707,6.444881644223955,6.444881644223955,0.9476619418851886
580,Hedge,hedge,12,6.938431168936202,0.5782025974113502,0.42179740258864984,10.235529411764707,6.444881644223955,6.444881644223955,0.49354952471224767
580,ShiftAwareAdaptiveTrust,shift,12,7.760981368954887,0.6467484474129073,0.35325155258709273,10.235529411764707,6.444881644223955,6.444881644223955,1.3160997247309325
582,PredictionOnly,prediction,42,39.905265839197384,0.9501253771237472,0.04987462287625277,39.905265839197384,29.069623157663848,29.069623157663848,10.835642681533535
582,OnlineOnly,online,42,29.069623157663848,0.6921338847062821,0.3078661152937179,39.905265839197384,29.069623157663848,29.069623157663848,0.0
582,StaticMixture,static,42,31.778533828047244,0.7566317578106487,0.24336824218935127,39.905265839197384,29.069623157663848,29.069623157663848,2.7089106703833963
582,Hedge,hedge,42,29.470515485976588,0.7016789401422997,0.2983210598577003,39.905265839197384,29.069623157663848,29.069623157663848,0.40089232831273947
582,ShiftAwareAdaptiveTrust,shift,42,35.239431654909126,0.8390340870216458,0.16096591297835416,39.905265839197384,29.069623157663848,29.069623157663848,6.169808497245278
583,PredictionOnly,prediction,25,24.62,0.9848,0.015199999999999991,24.62,10.974912076633595,10.974912076633595,13.645087923366406
583,OnlineOnly,online,25,10.974912076633595,0.43899648306534383,0.5610035169346561,24.62,10.974912076633595,10.974912076633595,0.0
583,StaticMixture,static,25,14.386184057475196,0.5754473622990078,0.42455263770099216,24.62,10.974912076633595,10.974912076633595,3.411271980841601
583,Hedge,hedge,25,11.47790913115901,0.45911636524636035,0.5408836347536397,24.62,10.974912076633595,10.974912076633595,0.5029970545254141
583,ShiftAwareAdaptiveTrust,shift,25,15.30896140578746,0.6123584562314984,0.3876415437685016,24.62,10.974912076633595,10.974912076633595,4.334049329153865
585,PredictionOnly,prediction,3,2.86,0.9533333333333333,0.046666666666666745,2.86,2.768,2.768,0.09200000000000008
585,OnlineOnly,online,3,2.768,0.9226666666666666,0.07733333333333337,2.86,2.768,2.768,0.0
585,StaticMixture,static,3,2.791,0.9303333333333333,0.06966666666666665,2.86,2.768,2.768,0.02300000000000013
585,Hedge,hedge,3,2.8143530399248915,0.9381176799749639,0.06188232002503613,2.86,2.768,2.768,0.046353039924891704
585,ShiftAwareAdaptiveTrust,shift,3,2.8078593593931993,0.9359531197977331,0.0640468802022669,2.86,2.768,2.768,0.03985935939319951
586,PredictionOnly,prediction,10,9.856504042679122,0.9856504042679122,0.014349595732087828,9.856504042679122,6.983179080640625,6.983179080640625,2.873324962038497
586,OnlineOnly,online,10,6.983179080640625,0.6983179080640625,0.30168209193593754,9.856504042679122,6.983179080640625,6.983179080640625,0.0
586,StaticMixture,static,10,7.7015103211502485,0.7701510321150249,0.2298489678849751,9.856504042679122,6.983179080640625,6.983179080640625,0.7183312405096238
586,Hedge,hedge,10,7.541061356995946,0.7541061356995946,0.24589386430040538,9.856504042679122,6.983179080640625,6.983179080640625,0.5578822763553211
586,ShiftAwareAdaptiveTrust,shift,10,7.787003594427429,0.778700359442743,0.22129964055725704,9.856504042679122,6.983179080640625,6.983179080640625,0.8038245137868048
588,PredictionOnly,prediction,7,6.644,0.9491428571428572,0.05085714285714282,6.644,3.8,3.8,2.8440000000000003
588,OnlineOnly,online,7,3.8,0.5428571428571428,0.4571428571428572,6.644,3.8,3.8,0.0
588,StaticMixture,static,7,4.511,0.6444285714285715,0.35557142857142854,6.644,3.8,3.8,0.7110000000000003
588,Hedge,hedge,7,4.3095525271935875,0.6156503610276554,0.38434963897234464,6.644,3.8,3.8,0.5095525271935877
588,ShiftAwareAdaptiveTrust,shift,7,4.831859630761665,0.6902656615373807,0.30973433846261933,6.644,3.8,3.8,1.031859630761665
589,PredictionOnly,prediction,56,50.78369321187188,0.9068516644977122,0.09314833550228785,50.78369321187188,29.0538995004408,29.0538995004408,21.72979371143108
589,OnlineOnly,online,56,29.0538995004408,0.5188196339364428,0.4811803660635572,50.78369321187188,29.0538995004408,29.0538995004408,0.0
589,StaticMixture,static,56,34.48634792829855,0.6158276415767598,0.38417235842324016,50.78369321187188,29.0538995004408,29.0538995004408,5.43244842785775
589,Hedge,hedge,56,29.638191688548687,0.5292534230097979,0.47074657699020206,50.78369321187188,29.0538995004408,29.0538995004408,0.584292188107888
589,ShiftAwareAdaptiveTrust,shift,56,35.84366529682409,0.6400654517290016,0.35993454827099836,50.78369321187188,29.0538995004408,29.0538995004408,6.789765796383293
590,PredictionOnly,prediction,24,23.249734115531034,0.9687389214804597,0.0312610785195403,23.249734115531034,20.756833885043637,20.756833885043637,2.492900230487397
590,OnlineOnly,online,24,20.756833885043637,0.8648680785434849,0.1351319214565151,23.249734115531034,20.756833885043637,20.756833885043637,0.0
590,StaticMixture,static,24,21.380058942665478,0.8908357892777282,0.10916421072227178,23.249734115531034,20.756833885043637,20.756833885043637,0.6232250576218412
590,Hedge,hedge,24,21.175278455314757,0.8823032689714482,0.11769673102855183,23.249734115531034,20.756833885043637,20.756833885043637,0.41844457027112014
590,ShiftAwareAdaptiveTrust,shift,24,21.763623885394175,0.906817661891424,0.09318233810857601,23.249734115531034,20.756833885043637,20.756833885043637,1.006790000350538
591,PredictionOnly,prediction,64,60.66000000000001,0.9478125000000002,0.05218749999999983,60.66000000000001,29.644000000000002,29.644000000000002,31.01600000000001
591,OnlineOnly,online,64,29.644000000000002,0.46318750000000003,0.5368124999999999,60.66000000000001,29.644000000000002,29.644000000000002,0.0
591,StaticMixture,static,64,37.39800000000001,0.5843437500000002,0.41565624999999984,60.66000000000001,29.644000000000002,29.644000000000002,7.754000000000008
591,Hedge,hedge,64,30.1302229991306,0.4707847343614156,0.5292152656385845,60.66000000000001,29.644000000000002,29.644000000000002,0.48622299913059663
591,ShiftAwareAdaptiveTrust,shift,64,44.22641853575783,0.6910377896212161,0.3089622103787839,60.66000000000001,29.644000000000002,29.644000000000002,14.582418535757828
592,PredictionOnly,prediction,3,2.625042423693916,0.8750141412313054,0.12498585876869461,2.625042423693916,1.457517695193522,1.457517695193522,1.167524728500394
592,OnlineOnly,online,3,1.457517695193522,0.485839231731174,0.5141607682688261,2.625042423693916,1.457517695193522,1.457517695193522,0.0
592,StaticMixture,static,3,1.7493988773186204,0.5831329591062068,0.41686704089379323,2.625042423693916,1.457517695193522,1.457517695193522,0.2918811821250984
592,Hedge,hedge,3,1.8856393654897783,0.6285464551632595,0.37145354483674053,2.625042423693916,1.457517695193522,1.457517695193522,0.42812167029625625
592,ShiftAwareAdaptiveTrust,shift,3,1.889573826938927,0.6298579423129756,0.37014205768702435,2.625042423693916,1.457517695193522,1.457517695193522,0.432056131745405
593,PredictionOnly,prediction,9,8.056,0.895111111111111,0.10488888888888903,8.056,1.932,1.932,6.123999999999999
593,OnlineOnly,online,9,1.932,0.21466666666666667,0.7853333333333333,8.056,1.932,1.932,0.0
593,StaticMixture,static,9,3.463,0.3847777777777778,0.6152222222222222,8.056,1.932,1.932,1.5310000000000001
593,Hedge,hedge,9,2.4876838590676638,0.27640931767418486,0.7235906823258151,8.056,1.932,1.932,0.5556838590676638
593,ShiftAwareAdaptiveTrust,shift,9,4.401235599027375,0.48902617766970835,0.5109738223302916,8.056,1.932,1.932,2.469235599027375
594,PredictionOnly,prediction,11,10.675999999999998,0.9705454545454544,0.029454545454545622,10.675999999999998,9.676000000000002,9.676000000000002,0.9999999999999964
594,OnlineOnly,online,11,9.676000000000002,0.8796363636363638,0.12036363636363623,10.675999999999998,9.676000000000002,9.676000000000002,0.0
594,StaticMixture,static,11,9.926,0.9023636363636364,0.09763636363636363,10.675999999999998,9.676000000000002,9.676000000000002,0.24999999999999822
594,Hedge,hedge,11,9.98704668652109,0.9079133351382809,0.09208666486171913,10.675999999999998,9.676000000000002,9.676000000000002,0.31104668652108813
594,ShiftAwareAdaptiveTrust,shift,11,10.21738238689061,0.9288529442627828,0.07114705573721725,10.675999999999998,9.676000000000002,9.676000000000002,0.5413823868906089
595,PredictionOnly,prediction,15,14.440000000000001,0.9626666666666668,0.03733333333333322,14.440000000000001,10.156,10.156,4.284000000000001
595,OnlineOnly,online,15,10.156,0.6770666666666667,0.3229333333333333,14.440000000000001,10.156,10.156,0.0
595,StaticMixture,static,15,11.227,0.7484666666666667,0.2515333333333333,14.440000000000001,10.156,10.156,1.0709999999999997
595,Hedge,hedge,15,10.588313505909237,0.7058875670606158,0.29411243293938416,14.440000000000001,10.156,10.156,0.4323135059092369
595,ShiftAwareAdaptiveTrust,shift,15,11.94849558079892,0.7965663720532613,0.2034336279467387,14.440000000000001,10.156,10.156,1.792495580798919
596,PredictionOnly,prediction,27,26.21429676984582,0.97089988036466,0.029100119635339983,26.21429676984582,21.609326362137896,21.609326362137896,4.604970407707924
596,OnlineOnly,online,27,21.609326362137896,0.8003454208199221,0.1996545791800779,26.21429676984582,21.609326362137896,21.609326362137896,0.0
596,StaticMixture,static,27,22.760568964064873,0.8429840357061065,0.15701596429389353,26.21429676984582,21.609326362137896,21.609326362137896,1.1512426019269775
596,Hedge,hedge,27,22.02466253280247,0.8157282419556471,0.18427175804435292,26.21429676984582,21.609326362137896,21.609326362137896,0.41533617066457396
596,ShiftAwareAdaptiveTrust,shift,27,23.701794264853703,0.8778442320316187,0.12215576796838135,26.21429676984582,21.609326362137896,21.609326362137896,2.092467902715807
597,PredictionOnly,prediction,5,4.416,0.8832000000000001,0.1167999999999999,4.416,2.984,2.984,1.4320000000000004
597,OnlineOnly,online,5,2.984,0.5968,0.4032,4.416,2.984,2.984,0.0
597,StaticMixture,static,5,3.342,0.6684,0.3316,4.416,2.984,2.984,0.3580000000000001
597,Hedge,hedge,5,3.387240228051504,0.6774480456103008,0.3225519543896992,4.416,2.984,2.984,0.40324022805150417
597,ShiftAwareAdaptiveTrust,shift,5,3.612898965044832,0.7225797930089664,0.27742020699103365,4.416,2.984,2.984,0.628898965044832
598,PredictionOnly,prediction,18,17.522835533123946,0.9734908629513304,0.02650913704866964,17.522835533123946,12.498282579731551,12.498282579731551,5.024552953392394
598,OnlineOnly,online,18,12.498282579731551,0.6943490322073084,0.30565096779269163,17.522835533123946,12.498282579731551,12.498282579731551,0.0
598,StaticMixture,static,18,13.75442081807965,0.7641344898933139,0.2358655101066861,17.522835533123946,12.498282579731551,12.498282579731551,1.2561382383480986
598,Hedge,hedge,18,12.93889074619802,0.7188272636776678,0.2811727363223322,17.522835533123946,12.498282579731551,12.498282579731551,0.4406081664664683
598,ShiftAwareAdaptiveTrust,shift,18,14.320671820892624,0.7955928789384791,0.20440712106152092,17.522835533123946,12.498282579731551,12.498282579731551,1.8223892411610727
599,PredictionOnly,prediction,4,4.0,1.0,0.0,4.0,2.217831325301205,2.217831325301205,1.782168674698795
599,OnlineOnly,online,4,2.217831325301205,0.5544578313253012,0.44554216867469876,4.0,2.217831325301205,2.217831325301205,0.0
599,StaticMixture,static,4,2.6633734939759033,0.6658433734939758,0.3341566265060242,4.0,2.217831325301205,2.217831325301205,0.4455421686746983
599,Hedge,hedge,4,2.727496175183762,0.6818740437959405,0.3181259562040595,4.0,2.217831325301205,2.217831325301205,0.5096648498825571
599,ShiftAwareAdaptiveTrust,shift,4,2.800407286359044,0.700101821589761,0.299898178410239,4.0,2.217831325301205,2.217831325301205,0.5825759610578389
601,PredictionOnly,prediction,4,3.92,0.98,0.020000000000000018,3.92,2.128,2.128,1.7919999999999998
601,OnlineOnly,online,4,2.128,0.532,0.46799999999999997,3.92,2.128,2.128,0.0
601,StaticMixture,static,4,2.576,0.644,0.356,3.92,2.128,2.128,0.44799999999999995
601,Hedge,hedge,4,2.614005855770772,0.653501463942693,0.34649853605730696,3.92,2.128,2.128,0.48600585577077204
601,ShiftAwareAdaptiveTrust,shift,4,3.1887759439761556,0.7971939859940389,0.2028060140059611,3.92,2.128,2.128,1.0607759439761555
603,PredictionOnly,prediction,26,24.4795418657439,0.94152084099015,0.05847915900985001,24.4795418657439,10.367058347385804,10.367058347385804,14.112483518358097
603,OnlineOnly,online,26,10.367058347385804,0.3987330133609924,0.6012669866390076,24.4795418657439,10.367058347385804,10.367058347385804,0.0
603,StaticMixture,static,26,13.895179226975326,0.5344299702682818,0.46557002973171824,24.4795418657439,10.367058347385804,10.367058347385804,3.5281208795895225
603,Hedge,hedge,26,10.899315885153742,0.4192044571212978,0.5807955428787022,24.4795418657439,10.367058347385804,10.367058347385804,0.5322575377679382
603,ShiftAwareAdaptiveTrust,shift,26,15.85199069724673,0.609691949894105,0.390308050105895,24.4795418657439,10.367058347385804,10.367058347385804,5.484932349860927
605,PredictionOnly,prediction,14,13.314860521570163,0.9510614658264401,0.04893853417355987,13.314860521570163,11.359170047944254,11.359170047944254,1.9556904736259089
605,OnlineOnly,online,14,11.359170047944254,0.8113692891388753,0.1886307108611247,13.314860521570163,11.359170047944254,11.359170047944254,0.0
605,StaticMixture,static,14,11.84809266635073,0.8462923333107665,0.15370766668923352,13.314860521570163,11.359170047944254,11.359170047944254,0.48892261840647677
605,Hedge,hedge,14,11.735600528107943,0.8382571805791388,0.16174281942086122,13.314860521570163,11.359170047944254,11.359170047944254,0.3764304801636893
605,ShiftAwareAdaptiveTrust,shift,14,12.368356810826308,0.8834540579161648,0.11654594208383517,13.314860521570163,11.359170047944254,11.359170047944254,1.0091867628820541
606,PredictionOnly,prediction,17,15.175615740263861,0.8926832788390506,0.10731672116094937,15.175615740263861,11.350025462524275,11.350025462524275,3.825590277739586
606,OnlineOnly,online,17,11.350025462524275,0.6676485566190751,0.3323514433809249,15.175615740263861,11.350025462524275,11.350025462524275,0.0
606,StaticMixture,static,17,12.30642303195917,0.7239072371740688,0.2760927628259312,15.175615740263861,11.350025462524275,11.350025462524275,0.9563975694348947
606,Hedge,hedge,17,11.855161684649335,0.6973624520381962,0.30263754796180375,15.175615740263861,11.350025462524275,11.350025462524275,0.5051362221250599
606,ShiftAwareAdaptiveTrust,shift,17,12.749980107081875,0.7499988298283455,0.25000117017165446,15.175615740263861,11.350025462524275,11.350025462524275,1.3999546445575994
607,PredictionOnly,prediction,14,13.495999999999999,0.9639999999999999,0.03600000000000014,13.495999999999999,11.104000000000001,11.104000000000001,2.3919999999999977
607,OnlineOnly,online,14,11.104000000000001,0.7931428571428573,0.20685714285714274,13.495999999999999,11.104000000000001,11.104000000000001,0.0
607,StaticMixture,static,14,11.702,0.8358571428571429,0.16414285714285715,13.495999999999999,11.104000000000001,11.104000000000001,0.597999999999999
607,Hedge,hedge,14,11.499110470761503,0.8213650336258216,0.17863496637417842,13.495999999999999,11.104000000000001,11.104000000000001,0.39511047076150163
607,ShiftAwareAdaptiveTrust,shift,14,12.007093764256279,0.8576495545897342,0.14235044541026576,13.495999999999999,11.104000000000001,11.104000000000001,0.903093764256278
608,PredictionOnly,prediction,48,47.775999999999996,0.9953333333333333,0.004666666666666708,47.775999999999996,35.30202494848636,35.30202494848636,12.473975051513634
608,OnlineOnly,online,48,35.30202494848636,0.7354588530934659,0.2645411469065341,47.775999999999996,35.30202494848636,35.30202494848636,0.0
608,StaticMixture,static,48,38.42051871136478,0.8004274731534329,0.19957252684656712,47.775999999999996,35.30202494848636,35.30202494848636,3.1184937628784155
608,Hedge,hedge,48,35.72781071704937,0.7443293899385286,0.2556706100614714,47.775999999999996,35.30202494848636,35.30202494848636,0.42578576856301
608,ShiftAwareAdaptiveTrust,shift,48,40.052365481528604,0.8344242808651793,0.16557571913482072,47.775999999999996,35.30202494848636,35.30202494848636,4.750340533042241
610,PredictionOnly,prediction,27,26.350279649668053,0.975936283321039,0.02406371667896101,26.350279649668053,22.655988453364344,22.655988453364344,3.694291196303709
610,OnlineOnly,online,27,22.655988453364344,0.8391106834579387,0.1608893165420613,26.350279649668053,22.655988453364344,22.655988453364344,0.0
610,StaticMixture,static,27,23.579561252440264,0.8733170834237135,0.1266829165762865,26.350279649668053,22.655988453364344,22.655988453364344,0.9235727990759202
610,Hedge,hedge,27,23.03985312304614,0.8533278934461533,0.14667210655384666,26.350279649668053,22.655988453364344,22.655988453364344,0.38386466968179533
610,ShiftAwareAdaptiveTrust,shift,27,24.669173341066173,0.9136730867061545,0.08632691329384545,26.350279649668053,22.655988453364344,22.655988453364344,2.0131848877018292
611,PredictionOnly,prediction,7,6.292000000000001,0.8988571428571429,0.10114285714285709,6.292000000000001,6.252000000000001,6.252000000000001,0.040000000000000036
611,OnlineOnly,online,7,6.252000000000001,0.8931428571428572,0.10685714285714276,6.292000000000001,6.252000000000001,6.252000000000001,0.0
611,StaticMixture,static,7,6.2620000000000005,0.8945714285714287,0.10542857142857132,6.292000000000001,6.252000000000001,6.252000000000001,0.009999999999999787
611,Hedge,hedge,7,6.276346145993557,0.8966208779990795,0.10337912200092048,6.292000000000001,6.252000000000001,6.252000000000001,0.024346145993556334
611,ShiftAwareAdaptiveTrust,shift,7,6.272759950721885,0.8961085643888407,0.10389143561115932,6.292000000000001,6.252000000000001,6.252000000000001,0.0207599507218843
612,PredictionOnly,prediction,11,10.966783410138248,0.996980310012568,0.0030196899874319616,10.966783410138248,3.4052350230414747,3.4052350230414747,7.5615483870967735
612,OnlineOnly,online,11,3.4052350230414747,0.3095668202764977,0.6904331797235024,10.966783410138248,3.4052350230414747,3.4052350230414747,0.0
612,StaticMixture,static,11,5.295622119815668,0.4814201927105153,0.5185798072894847,10.966783410138248,3.4052350230414747,3.4052350230414747,1.8903870967741936
612,Hedge,hedge,11,4.039523949902093,0.36722944999109935,0.6327705500089007,10.966783410138248,3.4052350230414747,3.4052350230414747,0.6342889268606182
612,ShiftAwareAdaptiveTrust,shift,11,5.489989381974971,0.4990899438159065,0.5009100561840936,10.966783410138248,3.4052350230414747,3.4052350230414747,2.0847543589334965
613,PredictionOnly,prediction,4,4.0,1.0,0.0,4.0,3.8,3.8,0.20000000000000018
613,OnlineOnly,online,4,3.8,0.95,0.050000000000000044,4.0,3.8,3.8,0.0
613,StaticMixture,static,4,3.85,0.9625,0.03749999999999998,4.0,3.8,3.8,0.050000000000000266
613,Hedge,hedge,4,3.8946468110281636,0.9736617027570409,0.026338297242959108,4.0,3.8,3.8,0.09464681102816375
613,ShiftAwareAdaptiveTrust,shift,4,3.8774705938812963,0.9693676484703241,0.030632351529675916,4.0,3.8,3.8,0.07747059388129651
614,PredictionOnly,prediction,7,6.667463954177365,0.9524948505967664,0.04750514940323358,6.667463954177365,4.984595951875928,4.984595951875928,1.6828680023014373
614,OnlineOnly,online,7,4.984595951875928,0.7120851359822754,0.2879148640177246,6.667463954177365,4.984595951875928,4.984595951875928,0.0
614,StaticMixture,static,7,5.405312952451288,0.7721875646358983,0.22781243536410167,6.667463954177365,4.984595951875928,4.984595951875928,0.42071700057536
614,Hedge,hedge,7,5.4219002230858475,0.7745571747265496,0.2254428252734504,6.667463954177365,4.984595951875928,4.984595951875928,0.43730427120991955
614,ShiftAwareAdaptiveTrust,shift,7,5.639887264365267,0.8056981806236096,0.19430181937639035,6.667463954177365,4.984595951875928,4.984595951875928,0.6552913124893394
615,PredictionOnly,prediction,5,4.2244446427686055,0.8448889285537211,0.1551110714462789,4.2244446427686055,3.598729337101492,3.598729337101492,0.6257153056671134
615,OnlineOnly,online,5,3.598729337101492,0.7197458674202984,0.28025413257970155,4.2244446427686055,3.598729337101492,3.598729337101492,0.0
615,StaticMixture,static,5,3.7551581635182703,0.751031632703654,0.24896836729634597,4.2244446427686055,3.598729337101492,3.598729337101492,0.15642882641677813
615,Hedge,hedge,5,3.8434849831544184,0.7686969966308836,0.23130300336911636,4.2244446427686055,3.598729337101492,3.598729337101492,0.24475564605292632
615,ShiftAwareAdaptiveTrust,shift,5,3.9706018704074486,0.7941203740814897,0.20587962591851028,4.2244446427686055,3.598729337101492,3.598729337101492,0.3718725333059565
617,PredictionOnly,prediction,5,4.955935742971888,0.9911871485943775,0.00881285140562249,4.955935742971888,3.7738152610441764,3.7738152610441764,1.1821204819277114
617,OnlineOnly,online,5,3.7738152610441764,0.7547630522088353,0.24523694779116467,4.955935742971888,3.7738152610441764,3.7738152610441764,0.0
617,StaticMixture,static,5,4.069345381526104,0.8138690763052209,0.18613092369477913,4.955935742971888,3.7738152610441764,3.7738152610441764,0.29553012048192784
617,Hedge,hedge,5,4.146763913448165,0.829352782689633,0.17064721731036703,4.955935742971888,3.7738152610441764,3.7738152610441764,0.37294865240398867
617,ShiftAwareAdaptiveTrust,shift,5,4.272123310831329,0.8544246621662659,0.1455753378337341,4.955935742971888,3.7738152610441764,3.7738152610441764,0.4983080497871528
619,PredictionOnly,prediction,15,12.623999999999999,0.8415999999999999,0.1584000000000001,12.623999999999999,9.83662634555738,9.83662634555738,2.787373654442618
619,OnlineOnly,online,15,9.83662634555738,0.6557750897038254,0.34422491029617464,12.623999999999999,9.83662634555738,9.83662634555738,0.0
619,StaticMixture,static,15,10.533469759168034,0.7022313172778689,0.2977686827221311,12.623999999999999,9.83662634555738,9.83662634555738,0.6968434136106527
619,Hedge,hedge,15,10.27249574474036,0.6848330496493573,0.3151669503506427,12.623999999999999,9.83662634555738,9.83662634555738,0.4358693991829785
619,ShiftAwareAdaptiveTrust,shift,15,10.643180501126283,0.7095453667417522,0.29045463325824783,12.623999999999999,9.83662634555738,9.83662634555738,0.806554155568902
622,PredictionOnly,prediction,6,5.516,0.9193333333333333,0.08066666666666666,5.516,3.472,3.472,2.044
622,OnlineOnly,online,6,3.472,0.5786666666666667,0.42133333333333334,5.516,3.472,3.472,0.0
622,StaticMixture,static,6,3.9830000000000005,0.6638333333333334,0.3361666666666666,5.516,3.472,3.472,0.5110000000000006
622,Hedge,hedge,6,3.948102590403519,0.6580170984005865,0.34198290159941347,5.516,3.472,3.472,0.476102590403519
622,ShiftAwareAdaptiveTrust,shift,6,4.526855341893154,0.7544758903155256,0.24552410968447436,5.516,3.472,3.472,1.054855341893154
625,PredictionOnly,prediction,23,22.516,0.9789565217391304,0.021043478260869608,22.516,14.959999999999999,14.959999999999999,7.555999999999999
625,OnlineOnly,online,23,14.959999999999999,0.6504347826086956,0.3495652173913044,22.516,14.959999999999999,14.959999999999999,0.0
625,StaticMixture,static,23,16.849,0.7325652173913043,0.2674347826086957,22.516,14.959999999999999,14.959999999999999,1.8890000000000011
625,Hedge,hedge,23,15.411911222233623,0.6700830966188532,0.32991690338114676,22.516,14.959999999999999,14.959999999999999,0.45191122223362434
625,ShiftAwareAdaptiveTrust,shift,23,18.245293919976312,0.7932736486946222,0.20672635130537775,22.516,14.959999999999999,14.959999999999999,3.285293919976313
626,PredictionOnly,prediction,22,21.644000000000002,0.9838181818181819,0.016181818181818075,21.644000000000002,13.708,13.708,7.936000000000002
626,OnlineOnly,online,22,13.708,0.6230909090909091,0.37690909090909086,21.644000000000002,13.708,13.708,0.0
626,StaticMixture,static,22,15.692,0.7132727272727273,0.2867272727272727,21.644000000000002,13.708,13.708,1.984
626,Hedge,hedge,22,14.184317639055534,0.6447417108661606,0.3552582891338394,21.644000000000002,13.708,13.708,0.4763176390555337
626,ShiftAwareAdaptiveTrust,shift,22,17.16427665044917,0.780194393202235,0.21980560679776495,21.644000000000002,13.708,13.708,3.456276650449171
628,PredictionOnly,prediction,12,9.156,0.763,0.237,9.156,7.484000000000001,7.484000000000001,1.6719999999999997
628,OnlineOnly,online,12,7.484000000000001,0.6236666666666667,0.3763333333333333,9.156,7.484000000000001,7.484000000000001,0.0
628,StaticMixture,static,12,7.901999999999999,0.6585,0.3415,9.156,7.484000000000001,7.484000000000001,0.4179999999999984
628,Hedge,hedge,12,7.890321436020178,0.6575267863350148,0.3424732136649852,9.156,7.484000000000001,7.484000000000001,0.40632143602017745
628,ShiftAwareAdaptiveTrust,shift,12,8.473252782400031,0.706104398533336,0.29389560146666405,9.156,7.484000000000001,7.484000000000001,0.9892527824000306
629,PredictionOnly,prediction,44,43.21638727213789,0.9821906198213156,0.017809380178684386,43.21638727213789,39.017616051522836,39.017616051522836,4.1987712206150505
629,OnlineOnly,online,44,39.017616051522836,0.8867640011709735,0.11323599882902646,43.21638727213789,39.017616051522836,39.017616051522836,0.0
629,StaticMixture,static,44,40.06730885667658,0.9106206558335587,0.08937934416644133,43.21638727213789,39.017616051522836,39.017616051522836,1.0496928051537466
629,Hedge,hedge,44,39.39010556359165,0.8952296718998103,0.10477032810018971,43.21638727213789,39.017616051522836,39.017616051522836,0.3724895120688174
629,ShiftAwareAdaptiveTrust,shift,44,41.617519579596504,0.9458527177181023,0.05414728228189769,43.21638727213789,39.017616051522836,39.017616051522836,2.5999035280736678
630,PredictionOnly,prediction,6,5.819229826428389,0.9698716377380648,0.03012836226193516,5.819229826428389,4.700342886499579,4.700342886499579,1.1188869399288102
630,OnlineOnly,online,6,4.700342886499579,0.7833904810832631,0.21660951891673685,5.819229826428389,4.700342886499579,4.700342886499579,0.0
630,StaticMixture,static,6,4.980064621481781,0.8300107702469636,0.16998922975303643,5.819229826428389,4.700342886499579,4.700342886499579,0.27972173498220254
630,Hedge,hedge,6,5.067998831150159,0.8446664718583597,0.15533352814164025,5.819229826428389,4.700342886499579,4.700342886499579,0.36765594465058005
630,ShiftAwareAdaptiveTrust,shift,6,5.134108543202574,0.855684757200429,0.14431524279957098,5.819229826428389,4.700342886499579,4.700342886499579,0.4337656567029953
631,PredictionOnly,prediction,14,8.284587920874477,0.5917562800624626,0.4082437199375374,8.284587920874477,4.896994788817534,4.896994788817534,3.387593132056943
631,OnlineOnly,online,14,4.896994788817534,0.3497853420583953,0.6502146579416047,8.284587920874477,4.896994788817534,4.896994788817534,0.0
631,StaticMixture,static,14,5.74389307183177,0.4102780765594121,0.5897219234405879,8.284587920874477,4.896994788817534,4.896994788817534,0.8468982830142355
631,Hedge,hedge,14,5.322410081143577,0.3801721486531126,0.6198278513468873,8.284587920874477,4.896994788817534,4.896994788817534,0.4254152923260426
631,ShiftAwareAdaptiveTrust,shift,14,6.431135214103202,0.4593668010073716,0.5406331989926284,8.284587920874477,4.896994788817534,4.896994788817534,1.5341404252856679
632,PredictionOnly,prediction,55,49.228,0.8950545454545454,0.10494545454545456,49.228,27.623999999999995,27.623999999999995,21.604000000000006
632,OnlineOnly,online,55,27.623999999999995,0.5022545454545454,0.4977454545454546,49.228,27.623999999999995,27.623999999999995,0.0
632,StaticMixture,static,55,33.02499999999999,0.6004545454545454,0.39954545454545465,49.228,27.623999999999995,27.623999999999995,5.400999999999996
632,Hedge,hedge,55,28.072374671806955,0.5104068122146719,0.4895931877853281,49.228,27.623999999999995,27.623999999999995,0.44837467180695967
632,ShiftAwareAdaptiveTrust,shift,55,38.597097891027026,0.7017654162004914,0.2982345837995086,49.228,27.623999999999995,27.623999999999995,10.973097891027031
633,PredictionOnly,prediction,7,6.992,0.9988571428571429,0.0011428571428571122,6.992,5.878730923694779,5.878730923694779,1.1132690763052207
633,OnlineOnly,online,7,5.878730923694779,0.8398187033849684,0.16018129661503155,6.992,5.878730923694779,5.878730923694779,0.0
633,StaticMixture,static,7,6.157048192771084,0.8795783132530121,0.12042168674698794,6.992,5.878730923694779,5.878730923694779,0.2783172690763047
633,Hedge,hedge,7,6.222844983747116,0.8889778548210165,0.11102214517898346,6.992,5.878730923694779,5.878730923694779,0.3441140600523367
633,ShiftAwareAdaptiveTrust,shift,7,6.385444626970112,0.9122063752814445,0.08779362471855545,6.992,5.878730923694779,5.878730923694779,0.5067137032753326
634,PredictionOnly,prediction,14,12.056000000000001,0.8611428571428572,0.1388571428571428,12.056000000000001,9.68,9.68,2.3760000000000012
634,OnlineOnly,online,14,9.68,0.6914285714285714,0.3085714285714286,12.056000000000001,9.68,9.68,0.0
634,StaticMixture,static,14,10.273999999999997,0.7338571428571427,0.26614285714285735,12.056000000000001,9.68,9.68,0.5939999999999976
634,Hedge,hedge,14,10.142007481275117,0.7244291058053655,0.27557089419463454,12.056000000000001,9.68,9.68,0.46200748127511737
634,ShiftAwareAdaptiveTrust,shift,14,10.744272308221792,0.7674480220158423,0.23255197798415772,12.056000000000001,9.68,9.68,1.064272308221792
636,PredictionOnly,prediction,9,6.516,0.724,0.276,6.516,4.008,4.008,2.508
636,OnlineOnly,online,9,4.008,0.44533333333333336,0.5546666666666666,6.516,4.008,4.008,0.0
636,StaticMixture,static,9,4.635000000000001,0.5150000000000001,0.4849999999999999,6.516,4.008,4.008,0.6270000000000007
636,Hedge,hedge,9,4.447982179292503,0.4942202421436115,0.5057797578563885,6.516,4.008,4.008,0.43998217929250316
636,ShiftAwareAdaptiveTrust,shift,9,5.209277099667438,0.5788085666297154,0.42119143337028464,6.516,4.008,4.008,1.201277099667438
637,PredictionOnly,prediction,4,3.958666666666667,0.9896666666666667,0.010333333333333306,3.958666666666667,3.4066666666666667,3.4066666666666667,0.552
637,OnlineOnly,online,4,3.4066666666666667,0.8516666666666667,0.14833333333333332,3.958666666666667,3.4066666666666667,3.4066666666666667,0.0
637,StaticMixture,static,4,3.544666666666666,0.8861666666666665,0.11383333333333345,3.958666666666667,3.4066666666666667,3.4066666666666667,0.13799999999999946
637,Hedge,hedge,4,3.636065319530947,0.9090163298827367,0.09098367011726327,3.958666666666667,3.4066666666666667,3.4066666666666667,0.22939865286428018
637,ShiftAwareAdaptiveTrust,shift,4,3.625686869053888,0.906421717263472,0.09357828273652802,3.958666666666667,3.4066666666666667,3.4066666666666667,0.2190202023872212
639,PredictionOnly,prediction,20,19.987983935742974,0.9993991967871487,0.0006008032128512752,19.987983935742974,10.409999252477949,10.409999252477949,9.577984683265026
639,OnlineOnly,online,20,10.409999252477949,0.5204999626238974,0.4795000373761026,19.987983935742974,10.409999252477949,10.409999252477949,0.0
639,StaticMixture,static,20,12.804495423294204,0.6402247711647102,0.3597752288352898,19.987983935742974,10.409999252477949,10.409999252477949,2.3944961708162555
639,Hedge,hedge,20,10.870393537319037,0.5435196768659518,0.4564803231340482,19.987983935742974,10.409999252477949,10.409999252477949,0.46039428484108846
639,ShiftAwareAdaptiveTrust,shift,20,12.848202289048542,0.6424101144524271,0.35758988554757287,19.987983935742974,10.409999252477949,10.409999252477949,2.4382030365705933
640,PredictionOnly,prediction,8,7.183172225580539,0.8978965281975674,0.10210347180243262,7.183172225580539,3.837623592695077,3.837623592695077,3.3455486328854622
640,OnlineOnly,online,8,3.837623592695077,0.4797029490868846,0.5202970509131154,7.183172225580539,3.837623592695077,3.837623592695077,0.0
640,StaticMixture,static,8,4.674010750916443,0.5842513438645554,0.41574865613544465,7.183172225580539,3.837623592695077,3.837623592695077,0.836387158221366
640,Hedge,hedge,8,4.343589674167784,0.542948709270973,0.45705129072902695,7.183172225580539,3.837623592695077,3.837623592695077,0.5059660814727076
640,ShiftAwareAdaptiveTrust,shift,8,5.149255367451502,0.6436569209314378,0.3563430790685622,7.183172225580539,3.837623592695077,3.837623592695077,1.3116317747564255
642,PredictionOnly,prediction,12,10.796000000000001,0.8996666666666667,0.10033333333333327,10.796000000000001,7.0040000000000004,7.0040000000000004,3.7920000000000007
642,OnlineOnly,online,12,7.0040000000000004,0.5836666666666667,0.41633333333333333,10.796000000000001,7.0040000000000004,7.0040000000000004,0.0
642,StaticMixture,static,12,7.952,0.6626666666666666,0.3373333333333334,10.796000000000001,7.0040000000000004,7.0040000000000004,0.9479999999999995
642,Hedge,hedge,12,7.473728173687719,0.6228106811406432,0.3771893188593568,10.796000000000001,7.0040000000000004,7.0040000000000004,0.46972817368771835
642,ShiftAwareAdaptiveTrust,shift,12,8.855213980504917,0.7379344983754098,0.2620655016245902,10.796000000000001,7.0040000000000004,7.0040000000000004,1.8512139805049168
643,PredictionOnly,prediction,8,7.976000000000001,0.9970000000000001,0.0029999999999998916,7.976000000000001,3.568,3.568,4.408000000000001
643,OnlineOnly,online,8,3.568,0.446,0.554,7.976000000000001,3.568,3.568,0.0
643,StaticMixture,static,8,4.67,0.58375,0.41625,7.976000000000001,3.568,3.568,1.1019999999999999
643,Hedge,hedge,8,4.207791138273928,0.525973892284241,0.47402610771575904,7.976000000000001,3.568,3.568,0.6397911382739276
643,ShiftAwareAdaptiveTrust,shift,8,4.5223816943311945,0.5652977117913993,0.4347022882086007,7.976000000000001,3.568,3.568,0.9543816943311945
644,PredictionOnly,prediction,15,14.096,0.9397333333333333,0.06026666666666669,14.096,8.264000000000001,8.264000000000001,5.831999999999999
644,OnlineOnly,online,15,8.264000000000001,0.5509333333333334,0.4490666666666666,14.096,8.264000000000001,8.264000000000001,0.0
644,StaticMixture,static,15,9.722,0.6481333333333333,0.35186666666666666,14.096,8.264000000000001,8.264000000000001,1.4579999999999984
644,Hedge,hedge,15,8.755147034943066,0.5836764689962044,0.4163235310037956,14.096,8.264000000000001,8.264000000000001,0.4911470349430651
644,ShiftAwareAdaptiveTrust,shift,15,10.04394724476818,0.6695964829845453,0.3304035170154547,14.096,8.264000000000001,8.264000000000001,1.779947244768179
645,PredictionOnly,prediction,4,3.651483870967742,0.9128709677419355,0.08712903225806445,3.651483870967742,2.715032258064516,2.715032258064516,0.9364516129032263
645,OnlineOnly,online,4,2.715032258064516,0.678758064516129,0.32124193548387103,3.651483870967742,2.715032258064516,2.715032258064516,0.0
645,StaticMixture,static,4,2.9491451612903226,0.7372862903225806,0.26271370967741936,3.651483870967742,2.715032258064516,2.715032258064516,0.2341129032258067
645,Hedge,hedge,4,3.0661730288395828,0.7665432572098957,0.2334567427901043,3.651483870967742,2.715032258064516,2.715032258064516,0.3511407707750669
645,ShiftAwareAdaptiveTrust,shift,4,3.2867411937970905,0.8216852984492726,0.17831470155072737,3.651483870967742,2.715032258064516,2.715032258064516,0.5717089357325746
646,PredictionOnly,prediction,4,3.8279678714859435,0.9569919678714859,0.04300803212851412,3.8279678714859435,3.511726907630522,3.511726907630522,0.31624096385542133
646,OnlineOnly,online,4,3.511726907630522,0.8779317269076305,0.12206827309236945,3.8279678714859435,3.511726907630522,3.511726907630522,0.0
646,StaticMixture,static,4,3.5907871485943774,0.8976967871485944,0.10230321285140564,3.8279678714859435,3.511726907630522,3.511726907630522,0.07906024096385522
646,Hedge,hedge,4,3.6545027419543743,0.9136256854885936,0.08637431451140642,3.8279678714859435,3.511726907630522,3.511726907630522,0.1427758343238521
646,ShiftAwareAdaptiveTrust,shift,4,3.6885909054306216,0.9221477263576554,0.0778522736423446,3.8279678714859435,3.511726907630522,3.511726907630522,0.17686399780009943
647,PredictionOnly,prediction,15,13.466598259276225,0.8977732172850816,0.10222678271491836,13.466598259276225,10.965519163231027,10.965519163231027,2.5010790960451974
647,OnlineOnly,online,15,10.965519163231027,0.7310346108820684,0.26896538911793155,13.466598259276225,10.965519163231027,10.965519163231027,0.0
647,StaticMixture,static,15,11.590788937242325,0.7727192624828216,0.22728073751717837,13.466598259276225,10.965519163231027,10.965519163231027,0.6252697740112971
647,Hedge,hedge,15,11.437371442721187,0.7624914295147458,0.2375085704852542,13.466598259276225,10.965519163231027,10.965519163231027,0.4718522794901592
647,ShiftAwareAdaptiveTrust,shift,15,11.92825642900503,0.795217095267002,0.20478290473299798,13.466598259276225,10.965519163231027,10.965519163231027,0.9627372657740025
648,PredictionOnly,prediction,19,17.850201834862382,0.9394843070980201,0.06051569290197989,17.850201834862382,11.982211019829727,11.982211019829727,5.867990815032655
648,OnlineOnly,online,19,11.982211019829727,0.6306426852541961,0.3693573147458039,17.850201834862382,11.982211019829727,11.982211019829727,0.0
648,StaticMixture,static,19,13.44920872358789,0.7078530907151521,0.2921469092848479,17.850201834862382,11.982211019829727,11.982211019829727,1.4669977037581639
648,Hedge,hedge,19,12.429109598422317,0.6541636630748587,0.34583633692514126,17.850201834862382,11.982211019829727,11.982211019829727,0.44689857859258986
648,ShiftAwareAdaptiveTrust,shift,19,14.346662186785931,0.755087483515049,0.24491251648495105,17.850201834862382,11.982211019829727,11.982211019829727,2.3644511669562043
649,PredictionOnly,prediction,17,15.90144129554656,0.9353788997380329,0.0646211002619671,15.90144129554656,4.25697165991903,4.25697165991903,11.64446963562753
649,OnlineOnly,online,17,4.25697165991903,0.2504100976422959,0.7495899023577042,15.90144129554656,4.25697165991903,4.25697165991903,0.0
649,StaticMixture,static,17,7.16808906882591,0.42165229816622996,0.57834770183377,15.90144129554656,4.25697165991903,4.25697165991903,2.91111740890688
649,Hedge,hedge,17,4.8197288232771704,0.28351346019277474,0.7164865398072253,15.90144129554656,4.25697165991903,4.25697165991903,0.5627571633581407
649,ShiftAwareAdaptiveTrust,shift,17,6.429677119336085,0.3782163011374168,0.6217836988625832,15.90144129554656,4.25697165991903,4.25697165991903,2.172705459417055
650,PredictionOnly,prediction,3,2.8873759169797815,0.9624586389932605,0.03754136100673955,2.8873759169797815,2.082061907317946,2.082061907317946,0.8053140096618354
650,OnlineOnly,online,3,2.082061907317946,0.6940206357726487,0.3059793642273513,2.8873759169797815,2.082061907317946,2.082061907317946,0.0
650,StaticMixture,static,3,2.2833904097334052,0.7611301365778017,0.2388698634221983,2.8873759169797815,2.082061907317946,2.082061907317946,0.2013285024154592
650,Hedge,hedge,3,2.4094195709425894,0.8031398569808631,0.1968601430191369,2.8873759169797815,2.082061907317946,2.082061907317946,0.32735766362464336
650,ShiftAwareAdaptiveTrust,shift,3,2.474773672316058,0.824924557438686,0.17507544256131402,2.8873759169797815,2.082061907317946,2.082061907317946,0.3927117649981118
652,PredictionOnly,prediction,60,59.20260665513466,0.986710110918911,0.013289889081088968,59.20260665513466,42.895664275805395,42.895664275805395,16.306942379329264
652,OnlineOnly,online,60,42.895664275805395,0.7149277379300899,0.2850722620699101,59.20260665513466,42.895664275805395,42.895664275805395,0.0
652,StaticMixture,static,60,46.972399870637716,0.7828733311772953,0.2171266688227047,59.20260665513466,42.895664275805395,42.895664275805395,4.076735594832321
652,Hedge,hedge,60,43.32742090792296,0.7221236817987161,0.2778763182012839,59.20260665513466,42.895664275805395,42.895664275805395,0.431756632117569
652,ShiftAwareAdaptiveTrust,shift,60,48.082036424306416,0.8013672737384403,0.1986327262615597,59.20260665513466,42.895664275805395,42.895664275805395,5.186372148501022
653,PredictionOnly,prediction,8,7.808,0.976,0.02400000000000002,7.808,4.84,4.84,2.968
653,OnlineOnly,online,8,4.84,0.605,0.395,7.808,4.84,4.84,0.0
653,StaticMixture,static,8,5.582000000000001,0.6977500000000001,0.3022499999999999,7.808,4.84,4.84,0.7420000000000009
653,Hedge,hedge,8,5.324915927157908,0.6656144908947385,0.33438550910526155,7.808,4.84,4.84,0.48491592715790777
653,ShiftAwareAdaptiveTrust,shift,8,6.583378422286807,0.8229223027858509,0.17707769721414912,7.808,4.84,4.84,1.7433784222868072
654,PredictionOnly,prediction,14,12.820720698403719,0.9157657641716942,0.0842342358283058,12.820720698403719,10.082201950836193,10.082201950836193,2.7385187475675252
654,OnlineOnly,online,14,10.082201950836193,0.7201572822025852,0.27984271779741476,12.820720698403719,10.082201950836193,10.082201950836193,0.0
654,StaticMixture,static,14,10.766831637728076,0.7690594026948626,0.23094059730513739,12.820720698403719,10.082201950836193,10.082201950836193,0.6846296868918831
654,Hedge,hedge,14,10.509195905534375,0.7506568503953125,0.2493431496046875,12.820720698403719,10.082201950836193,10.082201950836193,0.42699395469818135
654,ShiftAwareAdaptiveTrust,shift,14,11.416912571973059,0.8154937551409328,0.1845062448590672,12.820720698403719,10.082201950836193,10.082201950836193,1.3347106211368658
656,PredictionOnly,prediction,47,46.1940475214467,0.9828520749243979,0.017147925075602144,46.1940475214467,32.70685933581971,32.70685933581971,13.48718818562699
656,OnlineOnly,online,47,32.70685933581971,0.6958906241663768,0.3041093758336232,46.1940475214467,32.70685933581971,32.70685933581971,0.0
656,StaticMixture,static,47,36.078656382226455,0.767630986855882,0.23236901314411795,46.1940475214467,32.70685933581971,32.70685933581971,3.3717970464067477
656,Hedge,hedge,47,33.155636116325525,0.7054390663047984,0.29456093369520164,46.1940475214467,32.70685933581971,32.70685933581971,0.44877678050581693
656,ShiftAwareAdaptiveTrust,shift,47,38.149389588664036,0.8116891401843412,0.18831085981565876,46.1940475214467,32.70685933581971,32.70685933581971,5.442530252844328
657,PredictionOnly,prediction,37,36.251967741935495,0.9797829119442025,0.020217088055797472,36.251967741935495,35.24483581126912,35.24483581126912,1.0071319306663753
657,OnlineOnly,online,37,35.24483581126912,0.9525631300343005,0.04743686996569951,36.251967741935495,35.24483581126912,35.24483581126912,0.0
657,StaticMixture,static,37,35.4966187939357,0.9593680755117757,0.04063192448822428,36.251967741935495,35.24483581126912,35.24483581126912,0.25178298266658317
657,Hedge,hedge,37,35.60173427899206,0.9622090345673531,0.03779096543264693,36.251967741935495,35.24483581126912,35.24483581126912,0.3568984677229423
657,ShiftAwareAdaptiveTrust,shift,37,35.68744087082226,0.9645254289411421,0.03547457105885787,36.251967741935495,35.24483581126912,35.24483581126912,0.4426050595531379
658,PredictionOnly,prediction,3,2.884,0.9613333333333333,0.03866666666666674,2.884,1.96,1.96,0.9239999999999999
658,OnlineOnly,online,3,1.96,0.6533333333333333,0.3466666666666667,2.884,1.96,1.96,0.0
658,StaticMixture,static,3,2.191,0.7303333333333333,0.2696666666666667,2.884,1.96,1.96,0.23099999999999987
658,Hedge,hedge,3,2.3398532527169347,0.7799510842389782,0.2200489157610218,2.884,1.96,1.96,0.3798532527169347
658,ShiftAwareAdaptiveTrust,shift,3,2.438700098767885,0.8129000329226282,0.18709996707737175,2.884,1.96,1.96,0.4787000987678849
659,PredictionOnly,prediction,7,6.328,0.904,0.09599999999999997,6.328,2.6000000000000005,2.6000000000000005,3.7279999999999998
659,OnlineOnly,online,7,2.6000000000000005,0.3714285714285715,0.6285714285714286,6.328,2.6000000000000005,2.6000000000000005,0.0
659,StaticMixture,static,7,3.5320000000000005,0.5045714285714287,0.49542857142857133,6.328,2.6000000000000005,2.6000000000000005,0.9319999999999999
659,Hedge,hedge,7,3.113652435412921,0.4448074907732744,0.5551925092267256,6.328,2.6000000000000005,2.6000000000000005,0.5136524354129204
659,ShiftAwareAdaptiveTrust,shift,7,4.405657734456874,0.6293796763509819,0.3706203236490181,6.328,2.6000000000000005,2.6000000000000005,1.8056577344568732
660,PredictionOnly,prediction,52,49.88722423611121,0.9593696968482924,0.04063030315170757,49.88722423611121,45.32129225010267,45.32129225010267,4.565931986008536
660,OnlineOnly,online,52,45.32129225010267,0.8715633125019745,0.1284366874980255,49.88722423611121,45.32129225010267,45.32129225010267,0.0
660,StaticMixture,static,52,46.462775246604814,0.8935149085885541,0.10648509141144591,49.88722423611121,45.32129225010267,45.32129225010267,1.1414829965021411
660,Hedge,hedge,52,45.73533352180315,0.8795256446500606,0.12047435534993944,49.88722423611121,45.32129225010267,45.32129225010267,0.41404127170047644
660,ShiftAwareAdaptiveTrust,shift,52,47.6638366032647,0.916612242370475,0.083387757629525,49.88722423611121,45.32129225010267,45.32129225010267,2.342544353162026
661,PredictionOnly,prediction,62,61.02548405343175,0.9842820008618024,0.015717999138197603,61.02548405343175,50.77066623265373,50.77066623265373,10.254817820778015
661,OnlineOnly,online,62,50.77066623265373,0.8188817134298989,0.1811182865701011,61.02548405343175,50.77066623265373,50.77066623265373,0.0
661,StaticMixture,static,62,53.33437068784825,0.860231785287875,0.13976821471212497,61.02548405343175,50.77066623265373,50.77066623265373,2.563704455194518
661,Hedge,hedge,62,51.218963395826975,0.8261123128359189,0.1738876871640811,61.02548405343175,50.77066623265373,50.77066623265373,0.448297163173244
661,ShiftAwareAdaptiveTrust,shift,62,55.216630795185665,0.8905908192771882,0.1094091807228118,61.02548405343175,50.77066623265373,50.77066623265373,4.445964562531934
662,PredictionOnly,prediction,11,10.799274174018338,0.9817521976380307,0.018247802361969323,10.799274174018338,8.766484503050318,8.766484503050318,2.03278967096802
662,OnlineOnly,online,11,8.766484503050318,0.796953136640938,0.20304686335906197,10.799274174018338,8.766484503050318,8.766484503050318,0.0
662,StaticMixture,static,11,9.274681920792322,0.8431529018902111,0.15684709810978892,10.799274174018338,8.766484503050318,8.766484503050318,0.5081974177420037
662,Hedge,hedge,11,9.171476826101872,0.8337706205547156,0.16622937944528438,10.799274174018338,8.766484503050318,8.766484503050318,0.4049923230515535
662,ShiftAwareAdaptiveTrust,shift,11,9.572457264352094,0.8702233876683722,0.12977661233162785,10.799274174018338,8.766484503050318,8.766484503050318,0.805972761301776
663,PredictionOnly,prediction,4,3.996,0.999,0.0010000000000000009,3.996,3.108,3.108,0.8879999999999999
663,OnlineOnly,online,4,3.108,0.777,0.22299999999999998,3.996,3.108,3.108,0.0
663,StaticMixture,static,4,3.33,0.8325,0.16749999999999998,3.996,3.108,3.108,0.22199999999999998
663,Hedge,hedge,4,3.455013733201155,0.8637534333002888,0.13624656669971125,3.996,3.108,3.108,0.3470137332011549
663,ShiftAwareAdaptiveTrust,shift,4,3.492610155875715,0.8731525389689287,0.12684746103107125,3.996,3.108,3.108,0.3846101558757149
664,PredictionOnly,prediction,23,22.140226259722336,0.9626185330314059,0.037381466968594124,22.140226259722336,16.35857976075533,16.35857976075533,5.781646498967007
664,OnlineOnly,online,23,16.35857976075533,0.71124259829371,0.28875740170629005,22.140226259722336,16.35857976075533,16.35857976075533,0.0
664,StaticMixture,static,23,17.803991385497085,0.7740865819781341,0.22591341802186593,22.140226259722336,16.35857976075533,16.35857976075533,1.4454116247417552
664,Hedge,hedge,23,16.83356425582426,0.7318940980793157,0.2681059019206843,22.140226259722336,16.35857976075533,16.35857976075533,0.4749844950689308
664,ShiftAwareAdaptiveTrust,shift,23,18.275872716398602,0.794603161582548,0.20539683841745204,22.140226259722336,16.35857976075533,16.35857976075533,1.9172929556432727
665,PredictionOnly,prediction,14,13.675692827992131,0.976835201999438,0.023164798000562037,13.675692827992131,11.942901386924214,11.942901386924214,1.732791441067917
665,OnlineOnly,online,14,11.942901386924214,0.853064384780301,0.146935615219699,13.675692827992131,11.942901386924214,11.942901386924214,0.0
665,StaticMixture,static,14,12.376099247191195,0.8840070890850854,0.1159929109149146,13.675692827992131,11.942901386924214,11.942901386924214,0.43319786026698104
665,Hedge,hedge,14,12.328937120214162,0.880638365729583,0.11936163427041702,13.675692827992131,11.942901386924214,11.942901386924214,0.38603573328994756
665,ShiftAwareAdaptiveTrust,shift,14,12.866385129934534,0.9190275092810382,0.08097249071896184,13.675692827992131,11.942901386924214,11.942901386924214,0.9234837430103191
666,PredictionOnly,prediction,100,96.42811478268422,0.9642811478268422,0.035718852173157845,96.42811478268422,94.05679566683477,94.05679566683477,2.3713191158494453
666,OnlineOnly,online,100,94.05679566683477,0.9405679566683477,0.05943204333165231,96.42811478268422,94.05679566683477,94.05679566683477,0.0
666,StaticMixture,static,100,94.6496254457971,0.946496254457971,0.05350374554202897,96.42811478268422,94.05679566683477,94.05679566683477,0.5928297789623258
666,Hedge,hedge,100,94.426182135544,0.94426182135544,0.05573817864455999,96.42811478268422,94.05679566683477,94.05679566683477,0.369386468709223
666,ShiftAwareAdaptiveTrust,shift,100,95.58241725104712,0.9558241725104711,0.04417582748952886,96.42811478268422,94.05679566683477,94.05679566683477,1.5256215842123453
667,PredictionOnly,prediction,59,55.52616126672028,0.9411213774020386,0.058878622597961394,55.52616126672028,48.99221060341669,48.99221060341669,6.533950663303592
667,OnlineOnly,online,59,48.99221060341669,0.8303764509053676,0.1696235490946324,55.52616126672028,48.99221060341669,48.99221060341669,0.0
667,StaticMixture,static,59,50.62569826924259,0.8580626825295354,0.14193731747046456,55.52616126672028,48.99221060341669,48.99221060341669,1.6334876658259034
667,Hedge,hedge,59,49.398089503240065,0.8372557542922044,0.16274424570779555,55.52616126672028,48.99221060341669,48.99221060341669,0.405878899823378
667,ShiftAwareAdaptiveTrust,shift,59,52.77929951456585,0.8945643985519636,0.10543560144803643,55.52616126672028,48.99221060341669,48.99221060341669,3.787088911149162
669,PredictionOnly,prediction,5,4.6240000000000006,0.9248000000000001,0.07519999999999993,4.6240000000000006,4.5200000000000005,4.5200000000000005,0.10400000000000009
669,OnlineOnly,online,5,4.5200000000000005,0.9040000000000001,0.09599999999999986,4.6240000000000006,4.5200000000000005,4.5200000000000005,0.0
669,StaticMixture,static,5,4.545999999999999,0.9091999999999999,0.0908000000000001,4.6240000000000006,4.5200000000000005,4.5200000000000005,0.025999999999998913
669,Hedge,hedge,5,4.570593218160542,0.9141186436321084,0.08588135636789163,4.6240000000000006,4.5200000000000005,4.5200000000000005,0.0505932181605413
669,ShiftAwareAdaptiveTrust,shift,5,4.583828513041852,0.9167657026083704,0.08323429739162957,4.6240000000000006,4.5200000000000005,4.5200000000000005,0.06382851304185166
670,PredictionOnly,prediction,13,12.659719407767792,0.9738245698282917,0.026175430171708314,12.659719407767792,7.962945326815514,7.962945326815514,4.696774080952278
670,OnlineOnly,online,13,7.962945326815514,0.6125342559088857,0.38746574409111434,12.659719407767792,7.962945326815514,7.962945326815514,0.0
670,StaticMixture,static,13,9.137138847053585,0.7028568343887373,0.29714316561126275,12.659719407767792,7.962945326815514,7.962945326815514,1.174193520238071
670,Hedge,hedge,13,8.441858991945217,0.6493737686111706,0.3506262313888294,12.659719407767792,7.962945326815514,7.962945326815514,0.4789136651297037
670,ShiftAwareAdaptiveTrust,shift,13,9.547506842861033,0.7344236032970025,0.2655763967029975,12.659719407767792,7.962945326815514,7.962945326815514,1.584561516045519
672,PredictionOnly,prediction,9,8.304,0.9226666666666667,0.07733333333333325,8.304,5.5520000000000005,5.5520000000000005,2.752
672,OnlineOnly,online,9,5.5520000000000005,0.6168888888888889,0.38311111111111107,8.304,5.5520000000000005,5.5520000000000005,0.0
672,StaticMixture,static,9,6.24,0.6933333333333334,0.30666666666666664,8.304,5.5520000000000005,5.5520000000000005,0.6879999999999997
672,Hedge,hedge,9,6.015835111154138,0.6684261234615709,0.33157387653842907,8.304,5.5520000000000005,5.5520000000000005,0.4638351111541379
672,ShiftAwareAdaptiveTrust,shift,9,6.568927085695098,0.7298807872994553,0.27011921270054473,8.304,5.5520000000000005,5.5520000000000005,1.0169270856950972
674,PredictionOnly,prediction,12,11.751871485943775,0.979322623828648,0.020677376171352013,11.751871485943775,7.739485943775102,7.739485943775102,4.012385542168674
674,OnlineOnly,online,12,7.739485943775102,0.6449571619812585,0.3550428380187415,11.751871485943775,7.739485943775102,7.739485943775102,0.0
674,StaticMixture,static,12,8.742582329317269,0.7285485274431057,0.2714514725568943,11.751871485943775,7.739485943775102,7.739485943775102,1.0030963855421673
674,Hedge,hedge,12,8.16630543073212,0.6805254525610099,0.31947454743899006,11.751871485943775,7.739485943775102,7.739485943775102,0.4268194869570179
674,ShiftAwareAdaptiveTrust,shift,12,9.330801775888489,0.7775668146573741,0.2224331853426259,11.751871485943775,7.739485943775102,7.739485943775102,1.591315832113387
675,PredictionOnly,prediction,16,15.769025392054868,0.9855640870034292,0.014435912996570766,15.769025392054868,9.241708126471192,9.241708126471192,6.527317265583676
675,OnlineOnly,online,16,9.241708126471192,0.5776067579044495,0.4223932420955505,15.769025392054868,9.241708126471192,9.241708126471192,0.0
675,StaticMixture,static,16,10.87353744286711,0.6795960901791944,0.3204039098208056,15.769025392054868,9.241708126471192,9.241708126471192,1.631829316395919
675,Hedge,hedge,16,9.706621810387183,0.606663863149199,0.39333613685080104,15.769025392054868,9.241708126471192,9.241708126471192,0.4649136839159915
675,ShiftAwareAdaptiveTrust,shift,16,11.154868862637235,0.6971793039148272,0.3028206960851728,15.769025392054868,9.241708126471192,9.241708126471192,1.9131607361660432
676,PredictionOnly,prediction,24,21.365798307923285,0.8902415961634702,0.1097584038365298,21.365798307923285,7.590497721431279,7.590497721431279,13.775300586492005
676,OnlineOnly,online,24,7.590497721431279,0.31627073839297,0.6837292616070301,21.365798307923285,7.590497721431279,7.590497721431279,0.0
676,StaticMixture,static,24,11.034322868054279,0.45976345283559494,0.5402365471644051,21.365798307923285,7.590497721431279,7.590497721431279,3.4438251466229994
676,Hedge,hedge,24,8.103702134735759,0.33765425561398993,0.6623457443860101,21.365798307923285,7.590497721431279,7.590497721431279,0.5132044133044795
676,ShiftAwareAdaptiveTrust,shift,24,13.334943049254594,0.5556226270522747,0.4443773729477253,21.365798307923285,7.590497721431279,7.590497721431279,5.744445327823315
677,PredictionOnly,prediction,68,67.8012153067043,0.9970766956868279,0.002923304313172115,67.8012153067043,60.24279508851347,60.24279508851347,7.558420218190825
677,OnlineOnly,online,68,60.24279508851347,0.8859234571840215,0.11407654281597845,67.8012153067043,60.24279508851347,60.24279508851347,0.0
677,StaticMixture,static,68,62.13240014306118,0.9137117668097233,0.08628823319027668,67.8012153067043,60.24279508851347,60.24279508851347,1.8896050545477152
677,Hedge,hedge,68,60.626132991402685,0.8915607792853336,0.10843922071466638,67.8012153067043,60.24279508851347,60.24279508851347,0.38333790288921676
677,ShiftAwareAdaptiveTrust,shift,68,63.76995549539469,0.937793463167569,0.06220653683243105,67.8012153067043,60.24279508851347,60.24279508851347,3.5271604068812223
678,PredictionOnly,prediction,28,25.624000000000006,0.9151428571428574,0.08485714285714263,25.624000000000006,22.968,22.968,2.656000000000006
678,OnlineOnly,online,28,22.968,0.8202857142857143,0.17971428571428572,25.624000000000006,22.968,22.968,0.0
678,StaticMixture,static,28,23.631999999999998,0.844,0.15600000000000003,25.624000000000006,22.968,22.968,0.6639999999999979
678,Hedge,hedge,28,23.370942253983557,0.8346765090708413,0.16532349092915866,25.624000000000006,22.968,22.968,0.4029422539835572
678,ShiftAwareAdaptiveTrust,shift,28,24.244851262766865,0.8658875450988166,0.1341124549011834,25.624000000000006,22.968,22.968,1.276851262766865
679,PredictionOnly,prediction,13,11.816000000000003,0.9089230769230772,0.09107692307692283,11.816000000000003,4.372,4.372,7.444000000000003
679,OnlineOnly,online,13,4.372,0.3363076923076923,0.6636923076923077,11.816000000000003,4.372,4.372,0.0
679,StaticMixture,static,13,6.2330000000000005,0.4794615384615385,0.5205384615384615,11.816000000000003,4.372,4.372,1.8610000000000007
679,Hedge,hedge,13,4.909381002244906,0.3776446924803774,0.6223553075196226,11.816000000000003,4.372,4.372,0.5373810022449064
679,ShiftAwareAdaptiveTrust,shift,13,7.087659925895364,0.5452046096842588,0.45479539031574123,11.816000000000003,4.372,4.372,2.7156599258953644
680,PredictionOnly,prediction,15,13.793221920547495,0.9195481280364997,0.08045187196350034,13.793221920547495,10.032727685173466,10.032727685173466,3.760494235374029
680,OnlineOnly,online,15,10.032727685173466,0.6688485123448977,0.3311514876551023,13.793221920547495,10.032727685173466,10.032727685173466,0.0
680,StaticMixture,static,15,10.972851244016974,0.7315234162677983,0.26847658373220173,13.793221920547495,10.032727685173466,10.032727685173466,0.9401235588435082
680,Hedge,hedge,15,10.452165638543796,0.6968110425695865,0.3031889574304135,13.793221920547495,10.032727685173466,10.032727685173466,0.4194379533703305
680,ShiftAwareAdaptiveTrust,shift,15,11.85336365904293,0.7902242439361954,0.2097757560638046,13.793221920547495,10.032727685173466,10.032727685173466,1.8206359738694644
681,PredictionOnly,prediction,12,10.555897435897435,0.8796581196581196,0.12034188034188043,10.555897435897435,8.953606837606838,8.953606837606838,1.6022905982905975
681,OnlineOnly,online,12,8.953606837606838,0.7461339031339032,0.25386609686609685,10.555897435897435,8.953606837606838,8.953606837606838,0.0
681,StaticMixture,static,12,9.354179487179488,0.7795149572649573,0.22048504273504266,10.555897435897435,8.953606837606838,8.953606837606838,0.40057264957265026
681,Hedge,hedge,12,9.331980663017001,0.7776650552514167,0.22233494474858329,10.555897435897435,8.953606837606838,8.953606837606838,0.3783738254101632
681,ShiftAwareAdaptiveTrust,shift,12,9.85498695028816,0.8212489125240133,0.17875108747598667,10.555897435897435,8.953606837606838,8.953606837606838,0.9013801126813217
682,PredictionOnly,prediction,14,10.611999999999998,0.7579999999999999,0.2420000000000001,10.611999999999998,5.676000000000001,5.676000000000001,4.935999999999997
682,OnlineOnly,online,14,5.676000000000001,0.4054285714285715,0.5945714285714285,10.611999999999998,5.676000000000001,5.676000000000001,0.0
682,StaticMixture,static,14,6.909999999999999,0.4935714285714285,0.5064285714285715,10.611999999999998,5.676000000000001,5.676000000000001,1.2339999999999982
682,Hedge,hedge,14,6.130743830636025,0.4379102736168589,0.562089726383141,10.611999999999998,5.676000000000001,5.676000000000001,0.45474383063602364
682,ShiftAwareAdaptiveTrust,shift,14,7.594636051443699,0.5424740036745499,0.4575259963254501,10.611999999999998,5.676000000000001,5.676000000000001,1.9186360514436975
683,PredictionOnly,prediction,8,7.272,0.909,0.09099999999999997,7.272,5.292000000000001,5.292000000000001,1.9799999999999995
683,OnlineOnly,online,8,5.292000000000001,0.6615000000000001,0.3384999999999999,7.272,5.292000000000001,5.292000000000001,0.0
683,StaticMixture,static,8,5.787,0.723375,0.276625,7.272,5.292000000000001,5.292000000000001,0.4949999999999992
683,Hedge,hedge,8,5.715313260903839,0.7144141576129799,0.2855858423870201,7.272,5.292000000000001,5.292000000000001,0.42331326090383836
683,ShiftAwareAdaptiveTrust,shift,8,6.279189400203628,0.7848986750254535,0.21510132497454648,7.272,5.292000000000001,5.292000000000001,0.9871894002036274
684,PredictionOnly,prediction,71,70.1341563714813,0.987805019316638,0.012194980683362,70.1341563714813,61.61756377633742,61.61756377633742,8.516592595143877
684,OnlineOnly,online,71,61.61756377633742,0.8678530109343299,0.13214698906567013,70.1341563714813,61.61756377633742,61.61756377633742,0.0
684,StaticMixture,static,71,63.7467119251234,0.897841013029907,0.10215898697009296,70.1341563714813,61.61756377633742,61.61756377633742,2.12914814878598
684,Hedge,hedge,71,62.0026191753334,0.8732763264131465,0.12672367358685355,70.1341563714813,61.61756377633742,61.61756377633742,0.3850553989959806
684,ShiftAwareAdaptiveTrust,shift,71,66.36556492879666,0.9347262666027698,0.0652737333972302,70.1341563714813,61.61756377633742,61.61756377633742,4.7480011524592385
685,PredictionOnly,prediction,40,37.69200000000001,0.9423000000000001,0.05769999999999986,37.69200000000001,32.523999999999994,32.523999999999994,5.1680000000000135
685,OnlineOnly,online,40,32.523999999999994,0.8130999999999998,0.18690000000000018,37.69200000000001,32.523999999999994,32.523999999999994,0.0
685,StaticMixture,static,40,33.815999999999995,0.8453999999999999,0.15460000000000007,37.69200000000001,32.523999999999994,32.523999999999994,1.2920000000000016
685,Hedge,hedge,40,32.90449794292125,0.8226124485730313,0.17738755142696871,37.69200000000001,32.523999999999994,32.523999999999994,0.3804979429212594
685,ShiftAwareAdaptiveTrust,shift,40,35.79429264168318,0.8948573160420794,0.10514268395792059,37.69200000000001,32.523999999999994,32.523999999999994,3.2702926416831843
686,PredictionOnly,prediction,4,3.913298245614035,0.9783245614035088,0.021675438596491237,3.913298245614035,1.8128421052631578,1.8128421052631578,2.100456140350877
686,OnlineOnly,online,4,1.8128421052631578,0.45321052631578945,0.5467894736842105,3.913298245614035,1.8128421052631578,1.8128421052631578,0.0
686,StaticMixture,static,4,2.3379561403508773,0.5844890350877193,0.4155109649122807,3.913298245614035,1.8128421052631578,1.8128421052631578,0.5251140350877195
686,Hedge,hedge,4,2.3474137085804547,0.5868534271451137,0.4131465728548863,3.913298245614035,1.8128421052631578,1.8128421052631578,0.5345716033172969
686,ShiftAwareAdaptiveTrust,shift,4,2.671138976825925,0.6677847442064813,0.33221525579351874,3.913298245614035,1.8128421052631578,1.8128421052631578,0.8582968715627672
687,PredictionOnly,prediction,10,8.556,0.8555999999999999,0.14440000000000008,8.556,2.264,2.264,6.292
687,OnlineOnly,online,10,2.264,0.2264,0.7736000000000001,8.556,2.264,2.264,0.0
687,StaticMixture,static,10,3.8369999999999997,0.3837,0.6163000000000001,8.556,2.264,2.264,1.573
687,Hedge,hedge,10,2.7375868828863243,0.2737586882886324,0.7262413117113675,8.556,2.264,2.264,0.47358688288632456
687,ShiftAwareAdaptiveTrust,shift,10,4.831222374437973,0.48312223744379734,0.5168777625562027,8.556,2.264,2.264,2.5672223744379736
688,PredictionOnly,prediction,7,6.300668260051879,0.900095465721697,0.09990453427830304,6.300668260051879,4.298832261211318,4.298832261211318,2.0018359988405603
688,OnlineOnly,online,7,4.298832261211318,0.6141188944587598,0.3858811055412402,6.300668260051879,4.298832261211318,4.298832261211318,0.0
688,StaticMixture,static,7,4.799291260921458,0.685613037274494,0.31438696272550604,6.300668260051879,4.298832261211318,4.298832261211318,0.5004589997101396
688,Hedge,hedge,7,4.725891140389008,0.6751273057698582,0.32487269423014176,6.300668260051879,4.298832261211318,4.298832261211318,0.4270588791776895
688,ShiftAwareAdaptiveTrust,shift,7,5.376051926343731,0.7680074180491044,0.23199258195089556,6.300668260051879,4.298832261211318,4.298832261211318,1.0772196651324126
689,PredictionOnly,prediction,21,16.55844176706827,0.788497227003251,0.21150277299674902,16.55844176706827,11.38671485943775,11.38671485943775,5.17172690763052
689,OnlineOnly,online,21,11.38671485943775,0.5422245171160833,0.4577754828839167,16.55844176706827,11.38671485943775,11.38671485943775,0.0
689,StaticMixture,static,21,12.679646586345383,0.6037926945878753,0.3962073054121247,16.55844176706827,11.38671485943775,11.38671485943775,1.2929317269076321
689,Hedge,hedge,21,11.818358855254381,0.5627789931073515,0.43722100689264853,16.55844176706827,11.38671485943775,11.38671485943775,0.43164399581663027
689,ShiftAwareAdaptiveTrust,shift,21,13.530986814675114,0.6443327054607197,0.35566729453928025,16.55844176706827,11.38671485943775,11.38671485943775,2.144271955237363
690,PredictionOnly,prediction,6,5.666545454545454,0.9444242424242423,0.05557575757575772,5.666545454545454,3.747272727272728,3.747272727272728,1.919272727272726
690,OnlineOnly,online,6,3.747272727272728,0.6245454545454546,0.3754545454545454,5.666545454545454,3.747272727272728,3.747272727272728,0.0
690,StaticMixture,static,6,4.22709090909091,0.7045151515151516,0.29548484848484835,5.666545454545454,3.747272727272728,3.747272727272728,0.4798181818181817
690,Hedge,hedge,6,4.173611258029628,0.6956018763382713,0.3043981236617287,5.666545454545454,3.747272727272728,3.747272727272728,0.4263385307569001
690,ShiftAwareAdaptiveTrust,shift,6,4.750995568421933,0.7918325947369889,0.20816740526301114,5.666545454545454,3.747272727272728,3.747272727272728,1.0037228411492052
692,PredictionOnly,prediction,3,2.84,0.9466666666666667,0.053333333333333344,2.84,2.856,2.84,0.0
692,OnlineOnly,online,3,2.856,0.952,0.04800000000000004,2.84,2.856,2.84,0.016000000000000014
692,StaticMixture,static,3,2.8520000000000003,0.9506666666666668,0.04933333333333323,2.84,2.856,2.84,0.012000000000000455
692,Hedge,hedge,3,2.848415909226527,0.9494719697421757,0.050528030257824263,2.84,2.856,2.84,0.00841590922652724
692,ShiftAwareAdaptiveTrust,shift,3,2.8484122028442647,0.9494707342814216,0.05052926571857841,2.84,2.856,2.84,0.008412202844264804
693,PredictionOnly,prediction,24,23.364,0.9735,0.026499999999999968,23.364,13.944,13.944,9.42
693,OnlineOnly,online,24,13.944,0.5810000000000001,0.41899999999999993,23.364,13.944,13.944,0.0
693,StaticMixture,static,24,16.299000000000003,0.6791250000000001,0.3208749999999999,23.364,13.944,13.944,2.355000000000002
693,Hedge,hedge,24,14.361431887704764,0.5983929953210319,0.40160700467896815,23.364,13.944,13.944,0.4174318877047636
693,ShiftAwareAdaptiveTrust,shift,24,17.826244454246233,0.742760185593593,0.257239814406407,23.364,13.944,13.944,3.8822444542462318
694,PredictionOnly,prediction,3,2.775213114754098,0.925071038251366,0.07492896174863395,2.775213114754098,2.3138032786885248,2.3138032786885248,0.4614098360655734
694,OnlineOnly,online,3,2.3138032786885248,0.7712677595628415,0.22873224043715845,2.775213114754098,2.3138032786885248,2.3138032786885248,0.0
694,StaticMixture,static,3,2.4291557377049178,0.8097185792349726,0.1902814207650274,2.775213114754098,2.3138032786885248,2.3138032786885248,0.11535245901639302
694,Hedge,hedge,3,2.520952543512922,0.8403175145043074,0.15968248549569264,2.775213114754098,2.3138032786885248,2.3138032786885248,0.20714926482439733
694,ShiftAwareAdaptiveTrust,shift,3,2.4970972106630818,0.8323657368876939,0.16763426311230611,2.775213114754098,2.3138032786885248,2.3138032786885248,0.183293931974557
696,PredictionOnly,prediction,31,24.967999999999993,0.8054193548387094,0.1945806451612906,24.967999999999993,15.684000000000003,15.684000000000003,9.28399999999999
696,OnlineOnly,online,31,15.684000000000003,0.5059354838709679,0.4940645161290321,24.967999999999993,15.684000000000003,15.684000000000003,0.0
696,StaticMixture,static,31,18.005000000000003,0.5808064516129033,0.41919354838709666,24.967999999999993,15.684000000000003,15.684000000000003,2.3209999999999997
696,Hedge,hedge,31,16.148074789260274,0.5209056383632347,0.47909436163676533,24.967999999999993,15.684000000000003,15.684000000000003,0.46407478926027146
696,ShiftAwareAdaptiveTrust,shift,31,19.439327207220554,0.6270750712006631,0.3729249287993369,24.967999999999993,15.684000000000003,15.684000000000003,3.7553272072205512
697,PredictionOnly,prediction,35,34.46303805499978,0.9846582301428508,0.01534176985714919,34.46303805499978,23.99120867185102,23.99120867185102,10.471829383148759
697,OnlineOnly,online,35,23.99120867185102,0.6854631049100292,0.31453689508997085,34.46303805499978,23.99120867185102,23.99120867185102,0.0
697,StaticMixture,static,35,26.609166017638206,0.7602618862182344,0.23973811378176557,34.46303805499978,23.99120867185102,23.99120867185102,2.617957345787186
697,Hedge,hedge,35,24.438779668677522,0.6982508476765007,0.3017491523234993,34.46303805499978,23.99120867185102,23.99120867185102,0.4475709968265029
697,ShiftAwareAdaptiveTrust,shift,35,26.572228161529786,0.759206518900851,0.240793481099149,34.46303805499978,23.99120867185102,23.99120867185102,2.5810194896787664
699,PredictionOnly,prediction,4,4.0,1.0,0.0,4.0,2.949802521008403,2.949802521008403,1.0501974789915969
699,OnlineOnly,online,4,2.949802521008403,0.7374506302521008,0.2625493697478992,4.0,2.949802521008403,2.949802521008403,0.0
699,StaticMixture,static,4,3.212351890756303,0.8030879726890757,0.19691202731092428,4.0,2.949802521008403,2.949802521008403,0.2625493697478998
699,Hedge,hedge,4,3.328201649579756,0.832050412394939,0.16794958760506096,4.0,2.949802521008403,2.949802521008403,0.37839912857135305
699,ShiftAwareAdaptiveTrust,shift,4,3.4636348012655302,0.8659087003163826,0.13409129968361744,4.0,2.949802521008403,2.949802521008403,0.5138322802571271
701,PredictionOnly,prediction,6,5.4239999999999995,0.9039999999999999,0.09600000000000009,5.4239999999999995,4.236000000000001,4.236000000000001,1.1879999999999988
701,OnlineOnly,online,6,4.236000000000001,0.7060000000000001,0.29399999999999993,5.4239999999999995,4.236000000000001,4.236000000000001,0.0
701,StaticMixture,static,6,4.5329999999999995,0.7555,0.24450000000000005,5.4239999999999995,4.236000000000001,4.236000000000001,0.2969999999999988
701,Hedge,hedge,6,4.593171852520484,0.7655286420867474,0.23447135791325258,5.4239999999999995,4.236000000000001,4.236000000000001,0.35717185252048367
701,ShiftAwareAdaptiveTrust,shift,6,4.861464760484059,0.8102441267473431,0.18975587325265686,5.4239999999999995,4.236000000000001,4.236000000000001,0.625464760484058
702,PredictionOnly,prediction,29,27.67717116389217,0.9543852125480058,0.04561478745199421,27.67717116389217,19.60948276789604,19.60948276789604,8.067688395996129
702,OnlineOnly,online,29,19.60948276789604,0.6761890609619324,0.32381093903806757,27.67717116389217,19.60948276789604,19.60948276789604,0.0
702,StaticMixture,static,29,21.626404866895072,0.7457380988584508,0.25426190114154923,27.67717116389217,19.60948276789604,19.60948276789604,2.016922098999032
702,Hedge,hedge,29,20.045260540991926,0.6912158807238595,0.30878411927614047,27.67717116389217,19.60948276789604,19.60948276789604,0.43577777309588583
702,ShiftAwareAdaptiveTrust,shift,29,24.119311278880705,0.8317003889269209,0.16829961107307911,27.67717116389217,19.60948276789604,19.60948276789604,4.509828510984665
703,PredictionOnly,prediction,23,22.415113999200255,0.9745701738782719,0.02542982612172806,22.415113999200255,12.852207438380754,12.852207438380754,9.562906560819501
703,OnlineOnly,online,23,12.852207438380754,0.5587916277556849,0.4412083722443151,22.415113999200255,12.852207438380754,12.852207438380754,0.0
703,StaticMixture,static,23,15.242934078585629,0.6627362642863317,0.3372637357136683,22.415113999200255,12.852207438380754,12.852207438380754,2.390726640204875
703,Hedge,hedge,23,13.302673927294034,0.5783771272736536,0.42162287272634635,22.415113999200255,12.852207438380754,12.852207438380754,0.4504664889132801
703,ShiftAwareAdaptiveTrust,shift,23,17.394385717525616,0.756277639892418,0.24372236010758197,22.415113999200255,12.852207438380754,12.852207438380754,4.542178279144862
704,PredictionOnly,prediction,27,24.804,0.9186666666666666,0.08133333333333337,24.804,14.804000000000002,14.804000000000002,9.999999999999996
704,OnlineOnly,online,27,14.804000000000002,0.5482962962962964,0.4517037037037036,24.804,14.804000000000002,14.804000000000002,0.0
704,StaticMixture,static,27,17.303999999999995,0.6408888888888887,0.35911111111111127,24.804,14.804000000000002,14.804000000000002,2.499999999999993
704,Hedge,hedge,27,15.256144459430974,0.5650423873863324,0.4349576126136676,24.804,14.804000000000002,14.804000000000002,0.45214445943097203
704,ShiftAwareAdaptiveTrust,shift,27,19.09024351632926,0.707046056160343,0.292953943839657,24.804,14.804000000000002,14.804000000000002,4.286243516329257
705,PredictionOnly,prediction,19,18.12648198925073,0.9540253678553017,0.045974632144698324,18.12648198925073,15.168532665529606,15.168532665529606,2.9579493237211256
705,OnlineOnly,online,19,15.168532665529606,0.7983438245015582,0.20165617549844184,18.12648198925073,15.168532665529606,15.168532665529606,0.0
705,StaticMixture,static,19,15.908019996459892,0.8372642103399943,0.16273578966000568,18.12648198925073,15.168532665529606,15.168532665529606,0.7394873309302863
705,Hedge,hedge,19,15.604957579000013,0.8213135567894744,0.17868644321052563,18.12648198925073,15.168532665529606,15.168532665529606,0.43642491347040746
705,ShiftAwareAdaptiveTrust,shift,19,16.57406885778978,0.8723194135678831,0.12768058643211688,18.12648198925073,15.168532665529606,15.168532665529606,1.4055361922601737
707,PredictionOnly,prediction,27,23.347951807228913,0.8647389558232931,0.13526104417670692,23.347951807228913,15.187919678714858,15.187919678714858,8.160032128514056
707,OnlineOnly,online,27,15.187919678714858,0.5625155436561058,0.4374844563438942,23.347951807228913,15.187919678714858,15.187919678714858,0.0
707,StaticMixture,static,27,17.227927710843375,0.6380713966979028,0.3619286033020972,23.347951807228913,15.187919678714858,15.187919678714858,2.040008032128517
707,Hedge,hedge,27,15.670182556196696,0.5803771317109887,0.4196228682890113,23.347951807228913,15.187919678714858,15.187919678714858,0.4822628774818387
707,ShiftAwareAdaptiveTrust,shift,27,18.09664698449103,0.6702461846107789,0.3297538153892211,23.347951807228913,15.187919678714858,15.187919678714858,2.908727305776173
708,PredictionOnly,prediction,7,6.983901639344262,0.9977002341920375,0.0022997658079625394,6.983901639344262,6.41896364932288,6.41896364932288,0.5649379900213827
708,OnlineOnly,online,7,6.41896364932288,0.9169948070461257,0.08300519295387432,6.983901639344262,6.41896364932288,6.41896364932288,0.0
708,StaticMixture,static,7,6.560198146828226,0.9371711638326037,0.06282883616739632,6.983901639344262,6.41896364932288,6.41896364932288,0.1412344975053461
708,Hedge,hedge,7,6.645038037125042,0.9492911481607204,0.050708851839279645,6.983901639344262,6.41896364932288,6.41896364932288,0.2260743878021625
708,ShiftAwareAdaptiveTrust,shift,7,6.652377771494136,0.9503396816420194,0.04966031835798057,6.983901639344262,6.41896364932288,6.41896364932288,0.233414122171256
710,PredictionOnly,prediction,5,4.501235772357723,0.9002471544715446,0.09975284552845542,4.501235772357723,2.710695121951219,2.710695121951219,1.7905406504065038
710,OnlineOnly,online,5,2.710695121951219,0.5421390243902439,0.45786097560975614,4.501235772357723,2.710695121951219,2.710695121951219,0.0
710,StaticMixture,static,5,3.158330284552846,0.6316660569105692,0.3683339430894308,4.501235772357723,2.710695121951219,2.710695121951219,0.44763516260162683
710,Hedge,hedge,5,3.252780626100245,0.650556125220049,0.349443874779951,4.501235772357723,2.710695121951219,2.710695121951219,0.5420855041490258
710,ShiftAwareAdaptiveTrust,shift,5,3.399029013158641,0.6798058026317282,0.3201941973682718,4.501235772357723,2.710695121951219,2.710695121951219,0.6883338912074217
712,PredictionOnly,prediction,12,11.4,0.9500000000000001,0.04999999999999993,11.4,7.336,7.336,4.064
712,OnlineOnly,online,12,7.336,0.6113333333333334,0.3886666666666666,11.4,7.336,7.336,0.0
712,StaticMixture,static,12,8.352,0.6960000000000001,0.30399999999999994,11.4,7.336,7.336,1.016
712,Hedge,hedge,12,7.779123772783482,0.6482603143986235,0.3517396856013765,11.4,7.336,7.336,0.4431237727834816
712,ShiftAwareAdaptiveTrust,shift,12,9.336235148065198,0.7780195956720998,0.22198040432790023,11.4,7.336,7.336,2.0002351480651974
713,PredictionOnly,prediction,5,4.976,0.9952,0.0048000000000000265,4.976,3.436,3.436,1.54
713,OnlineOnly,online,5,3.436,0.6872,0.31279999999999997,4.976,3.436,3.436,0.0
713,StaticMixture,static,5,3.8210000000000006,0.7642000000000001,0.2357999999999999,4.976,3.436,3.436,0.3850000000000007
713,Hedge,hedge,5,3.854403570204653,0.7708807140409306,0.22911928595906939,4.976,3.436,3.436,0.4184035702046529
713,ShiftAwareAdaptiveTrust,shift,5,4.176205258940648,0.8352410517881296,0.16475894821187043,4.976,3.436,3.436,0.740205258940648
715,PredictionOnly,prediction,11,10.64,0.9672727272727273,0.032727272727272716,10.64,5.779999999999999,5.779999999999999,4.860000000000001
715,OnlineOnly,online,11,5.779999999999999,0.5254545454545454,0.4745454545454546,10.64,5.779999999999999,5.779999999999999,0.0
715,StaticMixture,static,11,6.994999999999999,0.6359090909090909,0.36409090909090913,10.64,5.779999999999999,5.779999999999999,1.2149999999999999
715,Hedge,hedge,11,6.310869679253604,0.5737154253866913,0.4262845746133087,10.64,5.779999999999999,5.779999999999999,0.5308696792536045
715,ShiftAwareAdaptiveTrust,shift,11,7.454399175763107,0.6776726523421006,0.3223273476578994,10.64,5.779999999999999,5.779999999999999,1.6743991757631074
717,PredictionOnly,prediction,5,4.856,0.9712,0.028800000000000048,4.856,2.4239999999999995,2.4239999999999995,2.4320000000000004
717,OnlineOnly,online,5,2.4239999999999995,0.4847999999999999,0.5152000000000001,4.856,2.4239999999999995,2.4239999999999995,0.0
717,StaticMixture,static,5,3.032,0.6064,0.39359999999999995,4.856,2.4239999999999995,2.4239999999999995,0.6080000000000005
717,Hedge,hedge,5,2.9300614162353646,0.5860122832470729,0.4139877167529271,4.856,2.4239999999999995,2.4239999999999995,0.5060614162353652
717,ShiftAwareAdaptiveTrust,shift,5,3.84035034997288,0.7680700699945759,0.23192993000542406,4.856,2.4239999999999995,2.4239999999999995,1.4163503499728805
718,PredictionOnly,prediction,15,13.252,0.8834666666666667,0.11653333333333327,13.252,12.724,12.724,0.5280000000000005
718,OnlineOnly,online,15,12.724,0.8482666666666667,0.15173333333333328,13.252,12.724,12.724,0.0
718,StaticMixture,static,15,12.856000000000002,0.8570666666666668,0.14293333333333325,13.252,12.724,12.724,0.13200000000000145
718,Hedge,hedge,15,12.932536688583337,0.8621691125722225,0.1378308874277775,13.252,12.724,12.724,0.20853668858333663
718,ShiftAwareAdaptiveTrust,shift,15,13.038779505839127,0.8692519670559418,0.13074803294405823,13.252,12.724,12.724,0.3147795058391267
719,PredictionOnly,prediction,7,6.860087110373828,0.9800124443391184,0.019987555660881617,6.860087110373828,5.517686959120095,5.517686959120095,1.3424001512537336
719,OnlineOnly,online,7,5.517686959120095,0.7882409941600136,0.21175900583998641,6.860087110373828,5.517686959120095,5.517686959120095,0.0
719,StaticMixture,static,7,5.853286996933529,0.8361838567047899,0.1638161432952101,6.860087110373828,5.517686959120095,5.517686959120095,0.3356000378134345
719,Hedge,hedge,7,5.898216427434639,0.842602346776377,0.15739765322362298,6.860087110373828,5.517686959120095,5.517686959120095,0.3805294683145446
719,ShiftAwareAdaptiveTrust,shift,7,6.007198477497768,0.8581712110711097,0.14182878892889028,6.860087110373828,5.517686959120095,5.517686959120095,0.4895115183776735
720,PredictionOnly,prediction,9,8.76760975609756,0.9741788617886178,0.02582113821138221,8.76760975609756,7.743089430894309,7.743089430894309,1.0245203252032509
720,OnlineOnly,online,9,7.743089430894309,0.8603432700993676,0.13965672990063238,8.76760975609756,7.743089430894309,7.743089430894309,0.0
720,StaticMixture,static,9,7.999219512195122,0.8888021680216802,0.11119783197831978,8.76760975609756,7.743089430894309,7.743089430894309,0.25613008130081294
720,Hedge,hedge,9,8.13725417786906,0.9041393530965622,0.09586064690343776,8.76760975609756,7.743089430894309,7.743089430894309,0.39416474697475135
720,ShiftAwareAdaptiveTrust,shift,9,8.119045337174356,0.9021161485749284,0.09788385142507161,8.76760975609756,7.743089430894309,7.743089430894309,0.3759559062800468
722,PredictionOnly,prediction,39,32.46169014572067,0.832351029377453,0.16764897062254702,32.46169014572067,18.428961473897473,18.428961473897473,14.032728671823193
722,OnlineOnly,online,39,18.428961473897473,0.4725374736896788,0.5274625263103212,32.46169014572067,18.428961473897473,18.428961473897473,0.0
722,StaticMixture,static,39,21.937143641853275,0.5624908626116224,0.4375091373883776,32.46169014572067,18.428961473897473,18.428961473897473,3.508182167955802
722,Hedge,hedge,39,18.902585961337884,0.484681691316356,0.5153183086836439,32.46169014572067,18.428961473897473,18.428961473897473,0.47362448744041075
722,ShiftAwareAdaptiveTrust,shift,39,22.97875591667645,0.5891988696583705,0.41080113034162946,32.46169014572067,18.428961473897473,18.428961473897473,4.549794442778978
725,PredictionOnly,prediction,16,15.596000000000002,0.9747500000000001,0.025249999999999884,15.596000000000002,14.388,14.388,1.208000000000002
725,OnlineOnly,online,16,14.388,0.89925,0.10075,15.596000000000002,14.388,14.388,0.0
725,StaticMixture,static,16,14.69,0.918125,0.08187500000000003,15.596000000000002,14.388,14.388,0.3019999999999996
725,Hedge,hedge,16,14.728488856310715,0.9205305535194197,0.0794694464805803,15.596000000000002,14.388,14.388,0.34048885631071535
725,ShiftAwareAdaptiveTrust,shift,16,14.970682658916694,0.9356676661822934,0.06433233381770664,15.596000000000002,14.388,14.388,0.5826826589166938
726,PredictionOnly,prediction,34,32.47424727124085,0.9551249197423779,0.0448750802576221,32.47424727124085,27.423476467274654,27.423476467274654,5.050770803966195
726,OnlineOnly,online,34,27.423476467274654,0.806572837272784,0.19342716272721605,32.47424727124085,27.423476467274654,27.423476467274654,0.0
726,StaticMixture,static,34,28.686169168266193,0.8437108578901822,0.1562891421098178,32.47424727124085,27.423476467274654,27.423476467274654,1.2626927009915399
726,Hedge,hedge,34,27.82510634094323,0.8183854806159774,0.18161451938402262,32.47424727124085,27.423476467274654,27.423476467274654,0.4016298736685755
726,ShiftAwareAdaptiveTrust,shift,34,29.978794339935313,0.8817292452922151,0.11827075470778492,32.47424727124085,27.423476467274654,27.423476467274654,2.555317872660659
728,PredictionOnly,prediction,8,7.851999999999999,0.9814999999999999,0.018500000000000072,7.851999999999999,7.576,7.576,0.2759999999999998
728,OnlineOnly,online,8,7.576,0.947,0.05300000000000005,7.851999999999999,7.576,7.576,0.0
728,StaticMixture,static,8,7.6450000000000005,0.9556250000000001,0.04437499999999994,7.851999999999999,7.576,7.576,0.06900000000000084
728,Hedge,hedge,8,7.698982983704473,0.9623728729630592,0.03762712703694082,7.851999999999999,7.576,7.576,0.1229829837044738
728,ShiftAwareAdaptiveTrust,shift,8,7.711442865106971,0.9639303581383714,0.03606964186162864,7.851999999999999,7.576,7.576,0.13544286510697123
729,PredictionOnly,prediction,9,7.608000000000001,0.8453333333333335,0.1546666666666665,7.608000000000001,4.292000000000001,4.292000000000001,3.3160000000000007
729,OnlineOnly,online,9,4.292000000000001,0.476888888888889,0.5231111111111111,7.608000000000001,4.292000000000001,4.292000000000001,0.0
729,StaticMixture,static,9,5.1209999999999996,0.569,0.43100000000000005,7.608000000000001,4.292000000000001,4.292000000000001,0.8289999999999988
729,Hedge,hedge,9,4.764278747215755,0.529364305246195,0.47063569475380496,7.608000000000001,4.292000000000001,4.292000000000001,0.47227874721575436
729,ShiftAwareAdaptiveTrust,shift,9,5.992883242717653,0.665875915857517,0.33412408414248296,7.608000000000001,4.292000000000001,4.292000000000001,1.7008832427176523
730,PredictionOnly,prediction,15,14.520790074889998,0.9680526716593332,0.031947328340666825,14.520790074889998,9.228216407860268,9.228216407860268,5.29257366702973
730,OnlineOnly,online,15,9.228216407860268,0.6152144271906845,0.38478557280931547,14.520790074889998,9.228216407860268,9.228216407860268,0.0
730,StaticMixture,static,15,10.5513598246177,0.7034239883078467,0.2965760116921533,14.520790074889998,9.228216407860268,9.228216407860268,1.323143416757432
730,Hedge,hedge,15,9.672657213055247,0.6448438142036832,0.3551561857963168,14.520790074889998,9.228216407860268,9.228216407860268,0.4444408051949793
730,ShiftAwareAdaptiveTrust,shift,15,11.084605250830018,0.7389736833886679,0.26102631661133213,14.520790074889998,9.228216407860268,9.228216407860268,1.85638884296975
731,PredictionOnly,prediction,6,6.0,1.0,0.0,6.0,4.992,4.992,1.008
731,OnlineOnly,online,6,4.992,0.832,0.16800000000000004,6.0,4.992,4.992,0.0
731,StaticMixture,static,6,5.244,0.874,0.126,6.0,4.992,4.992,0.2519999999999998
731,Hedge,hedge,6,5.316618230062867,0.8861030383438111,0.1138969616561889,6.0,4.992,4.992,0.3246182300628666
731,ShiftAwareAdaptiveTrust,shift,6,5.508189997292026,0.9180316662153376,0.0819683337846624,6.0,4.992,4.992,0.5161899972920256
733,PredictionOnly,prediction,5,5.0,1.0,0.0,5.0,2.092,2.092,2.908
733,OnlineOnly,online,5,2.092,0.4184,0.5816,5.0,2.092,2.092,0.0
733,StaticMixture,static,5,2.819,0.5638,0.43620000000000003,5.0,2.092,2.092,0.7269999999999999
733,Hedge,hedge,5,2.636476920864761,0.5272953841729522,0.4727046158270478,5.0,2.092,2.092,0.5444769208647608
733,ShiftAwareAdaptiveTrust,shift,5,3.323838690857755,0.664767738171551,0.335232261828449,5.0,2.092,2.092,1.2318386908577548
735,PredictionOnly,prediction,11,10.97983870967742,0.9981671554252199,0.001832844574780057,10.97983870967742,5.433164072559412,5.433164072559412,5.546674637118008
735,OnlineOnly,online,11,5.433164072559412,0.4939240065963102,0.5060759934036898,10.97983870967742,5.433164072559412,5.433164072559412,0.0
735,StaticMixture,static,11,6.819832731838913,0.6199847938035375,0.38001520619646245,10.97983870967742,5.433164072559412,5.433164072559412,1.3866686592795006
735,Hedge,hedge,11,5.950388042058206,0.5409443674598369,0.4590556325401631,10.97983870967742,5.433164072559412,5.433164072559412,0.5172239694987937
735,ShiftAwareAdaptiveTrust,shift,11,7.390672693786943,0.671879335798813,0.328120664201187,10.97983870967742,5.433164072559412,5.433164072559412,1.9575086212275306
736,PredictionOnly,prediction,31,27.451521231816052,0.8855329429618082,0.11446705703819182,27.451521231816052,22.179749620053006,22.179749620053006,5.271771611763047
736,OnlineOnly,online,31,22.179749620053006,0.7154757941952582,0.2845242058047418,27.451521231816052,22.179749620053006,22.179749620053006,0.0
736,StaticMixture,static,31,23.49769252299377,0.7579900813868958,0.24200991861310417,27.451521231816052,22.179749620053006,22.179749620053006,1.3179429029407643
736,Hedge,hedge,31,22.669171508183805,0.7312635970381872,0.2687364029618128,27.451521231816052,22.179749620053006,22.179749620053006,0.48942188813079923
736,ShiftAwareAdaptiveTrust,shift,31,24.974847151824243,0.8056402307040078,0.1943597692959922,27.451521231816052,22.179749620053006,22.179749620053006,2.795097531771237
737,PredictionOnly,prediction,9,8.910507926534473,0.9900564362816081,0.00994356371839189,8.910507926534473,7.258341442717121,7.258341442717121,1.6521664838173518
737,OnlineOnly,online,9,7.258341442717121,0.8064823825241246,0.19351761747587537,8.910507926534473,7.258341442717121,7.258341442717121,0.0
737,StaticMixture,static,9,7.671383063671459,0.8523758959634954,0.1476241040365046,8.910507926534473,7.258341442717121,7.258341442717121,0.4130416209543375
737,Hedge,hedge,9,7.656867011339022,0.8507630012598913,0.14923699874010865,8.910507926534473,7.258341442717121,7.258341442717121,0.3985255686219009
737,ShiftAwareAdaptiveTrust,shift,9,8.03626136730483,0.8929179297005366,0.10708207029946337,8.910507926534473,7.258341442717121,7.258341442717121,0.7779199245877084
738,PredictionOnly,prediction,3,2.956,0.9853333333333333,0.014666666666666717,2.956,2.592,2.592,0.3639999999999999
738,OnlineOnly,online,3,2.592,0.864,0.136,2.956,2.592,2.592,0.0
738,StaticMixture,static,3,2.683,0.8943333333333333,0.10566666666666669,2.956,2.592,2.592,0.09099999999999975
738,Hedge,hedge,3,2.7594782991302234,0.9198260997100745,0.08017390028992555,2.956,2.592,2.592,0.16747829913022327
738,ShiftAwareAdaptiveTrust,shift,3,2.735459732135794,0.9118199107119312,0.08818008928806875,2.956,2.592,2.592,0.14345973213579377
741,PredictionOnly,prediction,11,8.373754385964912,0.7612503987240828,0.23874960127591716,8.373754385964912,5.9229824561403515,5.9229824561403515,2.45077192982456
741,OnlineOnly,online,11,5.9229824561403515,0.5384529505582137,0.46154704944178626,8.373754385964912,5.9229824561403515,5.9229824561403515,0.0
741,StaticMixture,static,11,6.535675438596491,0.594152312599681,0.40584768740031896,8.373754385964912,5.9229824561403515,5.9229824561403515,0.6126929824561396
741,Hedge,hedge,11,6.342094666786161,0.5765540606169237,0.4234459393830763,8.373754385964912,5.9229824561403515,5.9229824561403515,0.4191122106458094
741,ShiftAwareAdaptiveTrust,shift,11,7.138308779110673,0.648937161737334,0.35106283826266604,8.373754385964912,5.9229824561403515,5.9229824561403515,1.2153263229703217
742,PredictionOnly,prediction,47,45.44107248710231,0.9668313295128151,0.03316867048718486,45.44107248710231,32.431230017390824,32.431230017390824,13.009842469711487
742,OnlineOnly,online,47,32.431230017390824,0.6900261705827835,0.3099738294172165,45.44107248710231,32.431230017390824,32.431230017390824,0.0
742,StaticMixture,static,47,35.683690634818696,0.7592274603152914,0.24077253968470858,45.44107248710231,32.431230017390824,32.431230017390824,3.2524606174278716
742,Hedge,hedge,47,32.844443090704246,0.6988179381000903,0.3011820618999097,45.44107248710231,32.431230017390824,32.431230017390824,0.41321307331342183
742,ShiftAwareAdaptiveTrust,shift,47,38.53110997612105,0.8198108505557671,0.18018914944423292,45.44107248710231,32.431230017390824,32.431230017390824,6.099879958730227
743,PredictionOnly,prediction,14,13.395999999999997,0.9568571428571426,0.04314285714285737,13.395999999999997,8.015999999999998,8.015999999999998,5.379999999999999
743,OnlineOnly,online,14,8.015999999999998,0.5725714285714284,0.4274285714285716,13.395999999999997,8.015999999999998,8.015999999999998,0.0
743,StaticMixture,static,14,9.360999999999999,0.6686428571428571,0.3313571428571429,13.395999999999997,8.015999999999998,8.015999999999998,1.3450000000000006
743,Hedge,hedge,14,8.466444790619407,0.6047460564728148,0.39525394352718524,13.395999999999997,8.015999999999998,8.015999999999998,0.4504447906194091
743,ShiftAwareAdaptiveTrust,shift,14,10.688656685673026,0.7634754775480733,0.23652452245192668,13.395999999999997,8.015999999999998,8.015999999999998,2.6726566856730276
744,PredictionOnly,prediction,4,3.208,0.802,0.19799999999999995,3.208,1.94,1.94,1.2680000000000002
744,OnlineOnly,online,4,1.94,0.485,0.515,3.208,1.94,1.94,0.0
744,StaticMixture,static,4,2.257,0.56425,0.43574999999999997,3.208,1.94,1.94,0.31700000000000017
744,Hedge,hedge,4,2.3668079845712366,0.5917019961428092,0.40829800385719084,3.208,1.94,1.94,0.4268079845712367
744,ShiftAwareAdaptiveTrust,shift,4,2.7527647224764946,0.6881911806191237,0.31180881938087635,3.208,1.94,1.94,0.8127647224764947
745,PredictionOnly,prediction,17,16.496,0.9703529411764705,0.02964705882352947,16.496,10.997333333333335,10.997333333333335,5.498666666666663
745,OnlineOnly,online,17,10.997333333333335,0.6469019607843138,0.35309803921568617,16.496,10.997333333333335,10.997333333333335,0.0
745,StaticMixture,static,17,12.372,0.727764705882353,0.272235294117647,16.496,10.997333333333335,10.997333333333335,1.3746666666666645
745,Hedge,hedge,17,11.464648156653912,0.6743910680384654,0.3256089319615346,16.496,10.997333333333335,10.997333333333335,0.46731482332057617
745,ShiftAwareAdaptiveTrust,shift,17,13.326368427427994,0.7839040251428232,0.2160959748571768,16.496,10.997333333333335,10.997333333333335,2.3290350940946585
746,PredictionOnly,prediction,27,26.43701663668794,0.9791487643217756,0.020851235678224445,26.43701663668794,11.68992646775135,11.68992646775135,14.74709016893659
746,OnlineOnly,online,27,11.68992646775135,0.4329602395463463,0.5670397604536537,26.43701663668794,11.68992646775135,11.68992646775135,0.0
746,StaticMixture,static,27,15.376699009985497,0.5695073707402036,0.43049262925979637,26.43701663668794,11.68992646775135,11.68992646775135,3.686772542234147
746,Hedge,hedge,27,12.204272757947635,0.4520101021462087,0.5479898978537914,26.43701663668794,11.68992646775135,11.68992646775135,0.5143462901962845
746,ShiftAwareAdaptiveTrust,shift,27,17.876207531069745,0.6620817604099906,0.33791823959000944,26.43701663668794,11.68992646775135,11.68992646775135,6.186281063318395
747,PredictionOnly,prediction,17,16.594230635143912,0.9761312138319949,0.02386878616800514,16.594230635143912,12.921859972698677,12.921859972698677,3.6723706624452355
747,OnlineOnly,online,17,12.921859972698677,0.7601094101587457,0.23989058984125433,16.594230635143912,12.921859972698677,12.921859972698677,0.0
747,StaticMixture,static,17,13.839952638309985,0.8141148610770579,0.18588513892294212,16.594230635143912,12.921859972698677,12.921859972698677,0.918092665611308
747,Hedge,hedge,17,13.364029068591762,0.786119356975986,0.213880643024014,16.594230635143912,12.921859972698677,12.921859972698677,0.4421690958930853
747,ShiftAwareAdaptiveTrust,shift,17,14.597859092376009,0.858697593669177,0.14130240633082303,16.594230635143912,12.921859972698677,12.921859972698677,1.675999119677332
748,PredictionOnly,prediction,3,3.0,1.0,0.0,3.0,2.448,2.448,0.552
748,OnlineOnly,online,3,2.448,0.816,0.18400000000000005,3.0,2.448,2.448,0.0
748,StaticMixture,static,3,2.5860000000000003,0.8620000000000001,0.1379999999999999,3.0,2.448,2.448,0.13800000000000034
748,Hedge,hedge,3,2.704216126275509,0.9014053754251696,0.09859462457483037,3.0,2.448,2.448,0.25621612627550894
748,ShiftAwareAdaptiveTrust,shift,3,2.6415576333056556,0.8805192111018852,0.11948078889811475,3.0,2.448,2.448,0.19355763330565567
749,PredictionOnly,prediction,57,55.34345211846599,0.9709377564643156,0.02906224353568443,55.34345211846599,42.41809503948131,42.41809503948131,12.925357078984682
749,OnlineOnly,online,57,42.41809503948131,0.7441771059558124,0.25582289404418757,55.34345211846599,42.41809503948131,42.41809503948131,0.0
749,StaticMixture,static,57,45.64943430922748,0.8008672685829382,0.19913273141706178,55.34345211846599,42.41809503948131,42.41809503948131,3.2313392697461722
749,Hedge,hedge,57,42.89485742125832,0.7525413582676899,0.24745864173231014,55.34345211846599,42.41809503948131,42.41809503948131,0.47676238177701435
749,ShiftAwareAdaptiveTrust,shift,57,45.70001508428684,0.8017546506015235,0.1982453493984765,55.34345211846599,42.41809503948131,42.41809503948131,3.2819200448055312
751,PredictionOnly,prediction,4,3.888,0.972,0.028000000000000025,3.888,3.388,3.388,0.5
751,OnlineOnly,online,4,3.388,0.847,0.15300000000000002,3.888,3.388,3.388,0.0
751,StaticMixture,static,4,3.513,0.87825,0.12175000000000002,3.888,3.388,3.388,0.125
751,Hedge,hedge,4,3.607812806164186,0.9019532015410465,0.09804679845895348,3.888,3.388,3.388,0.2198128061641862
751,ShiftAwareAdaptiveTrust,shift,4,3.6605517008346813,0.9151379252086703,0.08486207479132968,3.888,3.388,3.388,0.2725517008346814
754,PredictionOnly,prediction,28,25.908388352207062,0.9252995840073951,0.07470041599260491,25.908388352207062,20.440364741063703,20.440364741063703,5.468023611143359
754,OnlineOnly,online,28,20.440364741063703,0.7300130264665609,0.26998697353343915,25.908388352207062,20.440364741063703,20.440364741063703,0.0
754,StaticMixture,static,28,21.80737064384954,0.7788346658517693,0.2211653341482307,25.908388352207062,20.440364741063703,20.440364741063703,1.367005902785838
754,Hedge,hedge,28,20.85983946515255,0.744994266612591,0.25500573338740895,25.908388352207062,20.440364741063703,20.440364741063703,0.4194747240888468
754,ShiftAwareAdaptiveTrust,shift,28,23.068903456960726,0.8238894091771688,0.1761105908228312,25.908388352207062,20.440364741063703,20.440364741063703,2.6285387158970224
755,PredictionOnly,prediction,16,15.05309374919947,0.9408183593249668,0.059181640675033176,15.05309374919947,12.64440193985332,12.64440193985332,2.4086918093461485
755,OnlineOnly,online,16,12.64440193985332,0.7902751212408325,0.20972487875916745,15.05309374919947,12.64440193985332,12.64440193985332,0.0
755,StaticMixture,static,16,13.246574892189859,0.8279109307618662,0.17208906923813383,15.05309374919947,12.64440193985332,12.64440193985332,0.602172952336538
755,Hedge,hedge,16,13.08029456249296,0.81751841015581,0.18248158984419005,15.05309374919947,12.64440193985332,12.64440193985332,0.43589262263963846
755,ShiftAwareAdaptiveTrust,shift,16,13.572995123086859,0.8483121951929287,0.15168780480707134,15.05309374919947,12.64440193985332,12.64440193985332,0.9285931832335379
756,PredictionOnly,prediction,37,37.0,1.0,0.0,37.0,20.194036655791777,20.194036655791777,16.805963344208223
756,OnlineOnly,online,37,20.194036655791777,0.5457847744808588,0.4542152255191412,37.0,20.194036655791777,20.194036655791777,0.0
756,StaticMixture,static,37,24.39552749184383,0.659338580860644,0.340661419139356,37.0,20.194036655791777,20.194036655791777,4.201490836052052
756,Hedge,hedge,37,20.671741064951778,0.5586957044581562,0.4413042955418438,37.0,20.194036655791777,20.194036655791777,0.4777044091600011
756,ShiftAwareAdaptiveTrust,shift,37,27.330258229676012,0.7386556278290815,0.26134437217091855,37.0,20.194036655791777,20.194036655791777,7.136221573884235
757,PredictionOnly,prediction,32,31.142903840034077,0.9732157450010649,0.02678425499893511,31.142903840034077,13.778758985618843,13.778758985618843,17.364144854415233
757,OnlineOnly,online,32,13.778758985618843,0.43058621830058885,0.5694137816994111,31.142903840034077,13.778758985618843,13.778758985618843,0.0
757,StaticMixture,static,32,18.119795199222647,0.5662435999757077,0.4337564000242923,31.142903840034077,13.778758985618843,13.778758985618843,4.341036213603804
757,Hedge,hedge,32,14.267057718426193,0.4458455537008185,0.5541544462991814,31.142903840034077,13.778758985618843,13.778758985618843,0.48829873280734937
757,ShiftAwareAdaptiveTrust,shift,32,18.973418737459912,0.5929193355456223,0.40708066445437774,31.142903840034077,13.778758985618843,13.778758985618843,5.194659751841069
758,PredictionOnly,prediction,55,53.865820624158694,0.9793785568028853,0.020621443197114675,53.865820624158694,50.995694619271575,50.995694619271575,2.870126004887119
758,OnlineOnly,online,55,50.995694619271575,0.9271944476231195,0.07280555237688047,53.865820624158694,50.995694619271575,50.995694619271575,0.0
758,StaticMixture,static,55,51.71322612049335,0.940240474918061,0.05975952508193905,53.865820624158694,50.995694619271575,50.995694619271575,0.717531501221778
758,Hedge,hedge,55,51.360484409681945,0.9338269892669444,0.06617301073305559,53.865820624158694,50.995694619271575,50.995694619271575,0.3647897904103701
758,ShiftAwareAdaptiveTrust,shift,55,52.60621039706455,0.956476552673901,0.04352344732609903,53.865820624158694,50.995694619271575,50.995694619271575,1.6105157777929762
761,PredictionOnly,prediction,43,42.665937124962056,0.9922310959293501,0.007768904070649896,42.665937124962056,16.54014739633918,16.54014739633918,26.125789728622877
761,OnlineOnly,online,43,16.54014739633918,0.38465459061253904,0.615345409387461,42.665937124962056,16.54014739633918,16.54014739633918,0.0
761,StaticMixture,static,43,23.071594828494906,0.536548716941742,0.463451283058258,42.665937124962056,16.54014739633918,16.54014739633918,6.531447432155726
761,Hedge,hedge,43,17.01473455081507,0.39569150118174584,0.6043084988182541,42.665937124962056,16.54014739633918,16.54014739633918,0.4745871544758913
761,ShiftAwareAdaptiveTrust,shift,43,22.614630616137593,0.525921642235758,0.474078357764242,42.665937124962056,16.54014739633918,16.54014739633918,6.074483219798413
762,PredictionOnly,prediction,12,11.793913043478259,0.9828260869565216,0.017173913043478373,11.793913043478259,8.876869565217392,8.876869565217392,2.917043478260867
762,OnlineOnly,online,12,8.876869565217392,0.7397391304347827,0.2602608695652173,11.793913043478259,8.876869565217392,8.876869565217392,0.0
762,StaticMixture,static,12,9.606130434782608,0.8005108695652173,0.19948913043478267,11.793913043478259,8.876869565217392,8.876869565217392,0.7292608695652163
762,Hedge,hedge,12,9.317429905628556,0.776452492135713,0.223547507864287,11.793913043478259,8.876869565217392,8.876869565217392,0.44056034041116376
762,ShiftAwareAdaptiveTrust,shift,12,9.846414013530271,0.8205345011275226,0.17946549887247742,11.793913043478259,8.876869565217392,8.876869565217392,0.9695444483128792
763,PredictionOnly,prediction,38,35.26800000000001,0.928105263157895,0.07189473684210501,35.26800000000001,21.560000000000002,21.560000000000002,13.708000000000006
763,OnlineOnly,online,38,21.560000000000002,0.5673684210526316,0.43263157894736837,35.26800000000001,21.560000000000002,21.560000000000002,0.0
763,StaticMixture,static,38,24.986999999999995,0.6575526315789473,0.3424473684210527,35.26800000000001,21.560000000000002,21.560000000000002,3.4269999999999925
763,Hedge,hedge,38,22.08737786195151,0.5812467858408292,0.4187532141591708,35.26800000000001,21.560000000000002,21.560000000000002,0.527377861951507
763,ShiftAwareAdaptiveTrust,shift,38,26.649651128425948,0.701306608642788,0.29869339135721196,35.26800000000001,21.560000000000002,21.560000000000002,5.089651128425945
764,PredictionOnly,prediction,36,35.242684024301425,0.9789634451194841,0.021036554880515923,35.242684024301425,24.746201709986142,24.746201709986142,10.496482314315283
764,OnlineOnly,online,36,24.746201709986142,0.6873944919440595,0.31260550805594045,35.242684024301425,24.746201709986142,24.746201709986142,0.0
764,StaticMixture,static,36,27.37032228856497,0.7602867302379158,0.23971326976208418,35.242684024301425,24.746201709986142,24.746201709986142,2.624120578578829
764,Hedge,hedge,36,25.17914584948053,0.6994207180411258,0.3005792819588742,35.242684024301425,24.746201709986142,24.746201709986142,0.4329441394943885
764,ShiftAwareAdaptiveTrust,shift,36,28.88225582543863,0.8022848840399619,0.1977151159600381,35.242684024301425,24.746201709986142,24.746201709986142,4.136054115452488
765,PredictionOnly,prediction,125,109.27990952913805,0.8742392762331044,0.12576072376689562,109.27990952913805,82.09873291674901,82.09873291674901,27.181176612389038
765,OnlineOnly,online,125,82.09873291674901,0.6567898633339921,0.34321013666600786,109.27990952913805,82.09873291674901,82.09873291674901,0.0
765,StaticMixture,static,125,88.89402706984623,0.7111522165587698,0.2888477834412302,109.27990952913805,82.09873291674901,82.09873291674901,6.795294153097217
765,Hedge,hedge,125,82.51265543766395,0.6601012435013116,0.3398987564986884,109.27990952913805,82.09873291674901,82.09873291674901,0.4139225209149373
765,ShiftAwareAdaptiveTrust,shift,125,97.6182924987237,0.7809463399897897,0.21905366001021032,109.27990952913805,82.09873291674901,82.09873291674901,15.51955958197469
766,PredictionOnly,prediction,35,34.86188083207689,0.9960537380593397,0.003946261940660278,34.86188083207689,30.02875502508421,30.02875502508421,4.833125806992683
766,OnlineOnly,online,35,30.02875502508421,0.8579644292881202,0.14203557071187978,34.86188083207689,30.02875502508421,30.02875502508421,0.0
766,StaticMixture,static,35,31.23703647683238,0.8924867564809251,0.10751324351907487,34.86188083207689,30.02875502508421,30.02875502508421,1.2082814517481708
766,Hedge,hedge,35,30.42603427248751,0.8693152649282145,0.13068473507178546,34.86188083207689,30.02875502508421,30.02875502508421,0.3972792474033007
766,ShiftAwareAdaptiveTrust,shift,35,31.78255729550407,0.9080730655858306,0.09192693441416944,34.86188083207689,30.02875502508421,30.02875502508421,1.753802270419861
767,PredictionOnly,prediction,66,65.4394038495586,0.9915061189327061,0.008493881067293874,65.4394038495586,27.10530662901413,27.10530662901413,38.33409722054447
767,OnlineOnly,online,66,27.10530662901413,0.41068646407597165,0.5893135359240284,65.4394038495586,27.10530662901413,27.10530662901413,0.0
767,StaticMixture,static,66,36.68883093415024,0.5558913777901552,0.4441086222098448,65.4394038495586,27.10530662901413,27.10530662901413,9.583524305136109
767,Hedge,hedge,66,27.651420682325956,0.4189609194291811,0.5810390805708189,65.4394038495586,27.10530662901413,27.10530662901413,0.5461140533118254
767,ShiftAwareAdaptiveTrust,shift,66,35.22321512249611,0.5336850776135774,0.4663149223864226,65.4394038495586,27.10530662901413,27.10530662901413,8.117908493481977
768,PredictionOnly,prediction,20,17.855999999999998,0.8927999999999999,0.10720000000000007,17.855999999999998,10.495999999999999,10.495999999999999,7.359999999999999
768,OnlineOnly,online,20,10.495999999999999,0.5247999999999999,0.47520000000000007,17.855999999999998,10.495999999999999,10.495999999999999,0.0
768,StaticMixture,static,20,12.335999999999999,0.6167999999999999,0.3832000000000001,17.855999999999998,10.495999999999999,10.495999999999999,1.8399999999999999
768,Hedge,hedge,20,11.03879917247995,0.5519399586239975,0.4480600413760025,17.855999999999998,10.495999999999999,10.495999999999999,0.5427991724799508
768,ShiftAwareAdaptiveTrust,shift,20,12.832704994952772,0.6416352497476386,0.35836475025236136,17.855999999999998,10.495999999999999,10.495999999999999,2.3367049949527736
769,PredictionOnly,prediction,9,8.056,0.895111111111111,0.10488888888888903,8.056,4.256,4.256,3.799999999999999
769,OnlineOnly,online,9,4.256,0.4728888888888889,0.5271111111111111,8.056,4.256,4.256,0.0
769,StaticMixture,static,9,5.206,0.5784444444444445,0.42155555555555546,8.056,4.256,4.256,0.9500000000000002
769,Hedge,hedge,9,4.734690562015599,0.5260767291128443,0.4739232708871557,8.056,4.256,4.256,0.4786905620155988
769,ShiftAwareAdaptiveTrust,shift,9,6.180050732534084,0.6866723036148982,0.31332769638510183,8.056,4.256,4.256,1.9240507325340834
772,PredictionOnly,prediction,39,36.935742971887564,0.9470703326125016,0.05292966738749838,36.935742971887564,24.156626506024093,24.156626506024093,12.77911646586347
772,OnlineOnly,online,39,24.156626506024093,0.6194006796416434,0.38059932035835664,36.935742971887564,24.156626506024093,24.156626506024093,0.0
772,StaticMixture,static,39,27.351405622489956,0.7013180928843579,0.29868190711564213,36.935742971887564,24.156626506024093,24.156626506024093,3.194779116465863
772,Hedge,hedge,39,24.604870405441684,0.6308941129600432,0.36910588703995684,36.935742971887564,24.156626506024093,24.156626506024093,0.4482438994175908
772,ShiftAwareAdaptiveTrust,shift,39,30.430853363362438,0.7802782913682677,0.21972170863173235,36.935742971887564,24.156626506024093,24.156626506024093,6.274226857338345
774,PredictionOnly,prediction,109,107.57014222170207,0.9868820387312116,0.013117961268788392,107.57014222170207,80.14535318704263,80.14535318704263,27.42478903465944
774,OnlineOnly,online,109,80.14535318704263,0.7352784696058957,0.2647215303941043,107.57014222170207,80.14535318704263,80.14535318704263,0.0
774,StaticMixture,static,109,87.00155044570745,0.7981793618872243,0.20182063811277573,107.57014222170207,80.14535318704263,80.14535318704263,6.856197258664821
774,Hedge,hedge,109,80.58792776259973,0.7393387868128416,0.2606612131871584,107.57014222170207,80.14535318704263,80.14535318704263,0.4425745755571029
774,ShiftAwareAdaptiveTrust,shift,109,88.61549017322007,0.8129861483781657,0.18701385162183426,107.57014222170207,80.14535318704263,80.14535318704263,8.470136986177437
775,PredictionOnly,prediction,4,3.923100726037565,0.9807751815093912,0.019224818490608753,3.923100726037565,2.426307886663876,2.426307886663876,1.496792839373689
775,OnlineOnly,online,4,2.426307886663876,0.606576971665969,0.393423028334031,3.923100726037565,2.426307886663876,2.426307886663876,0.0
775,StaticMixture,static,4,2.800506096507298,0.7001265241268245,0.2998734758731755,3.923100726037565,2.426307886663876,2.426307886663876,0.374198209843422
775,Hedge,hedge,4,2.8684729692826068,0.7171182423206517,0.2828817576793483,3.923100726037565,2.426307886663876,2.426307886663876,0.44216508261873066
775,ShiftAwareAdaptiveTrust,shift,4,3.0051151577037976,0.7512787894259494,0.2487212105740506,3.923100726037565,2.426307886663876,2.426307886663876,0.5788072710399215
776,PredictionOnly,prediction,47,46.32062283178222,0.9855451666336642,0.014454833366335795,46.32062283178222,18.91825593845618,18.91825593845618,27.402366893326036
776,OnlineOnly,online,47,18.91825593845618,0.40251608379694004,0.59748391620306,46.32062283178222,18.91825593845618,18.91825593845618,0.0
776,StaticMixture,static,47,25.768847661787696,0.5482733545061211,0.45172664549387886,46.32062283178222,18.91825593845618,18.91825593845618,6.850591723331515
776,Hedge,hedge,47,19.420985806050705,0.4132124639585256,0.5867875360414744,46.32062283178222,18.91825593845618,18.91825593845618,0.5027298675945246
776,ShiftAwareAdaptiveTrust,shift,47,26.195858926194767,0.5573587005573355,0.4426412994426645,46.32062283178222,18.91825593845618,18.91825593845618,7.277602987738586
777,PredictionOnly,prediction,17,14.448,0.8498823529411765,0.15011764705882347,14.448,9.892000000000001,9.892000000000001,4.555999999999999
777,OnlineOnly,online,17,9.892000000000001,0.5818823529411765,0.4181176470588235,14.448,9.892000000000001,9.892000000000001,0.0
777,StaticMixture,static,17,11.030999999999999,0.6488823529411764,0.35111764705882365,14.448,9.892000000000001,9.892000000000001,1.1389999999999976
777,Hedge,hedge,17,10.340736948180169,0.6082786440105982,0.39172135598940183,14.448,9.892000000000001,9.892000000000001,0.4487369481801675
777,ShiftAwareAdaptiveTrust,shift,17,12.021840389588377,0.7071670817404927,0.2928329182595073,14.448,9.892000000000001,9.892000000000001,2.1298403895883755
778,PredictionOnly,prediction,22,22.0,1.0,0.0,22.0,11.832297164778215,11.832297164778215,10.167702835221785
778,OnlineOnly,online,22,11.832297164778215,0.5378316893081007,0.46216831069189934,22.0,11.832297164778215,11.832297164778215,0.0
778,StaticMixture,static,22,14.374222873583658,0.6533737669810754,0.3466262330189246,22.0,11.832297164778215,11.832297164778215,2.5419257088054437
778,Hedge,hedge,22,12.295251352525698,0.5588750614784408,0.4411249385215592,22.0,11.832297164778215,11.832297164778215,0.4629541877474832
778,ShiftAwareAdaptiveTrust,shift,22,14.360827983647392,0.6527649083476087,0.3472350916523913,22.0,11.832297164778215,11.832297164778215,2.528530818869177
780,PredictionOnly,prediction,10,9.868,0.9868,0.01319999999999999,9.868,5.012,5.012,4.856000000000001
780,OnlineOnly,online,10,5.012,0.5012,0.4988,9.868,5.012,5.012,0.0
780,StaticMixture,static,10,6.226000000000001,0.6226,0.37739999999999996,9.868,5.012,5.012,1.2140000000000013
780,Hedge,hedge,10,5.520735170604819,0.5520735170604819,0.4479264829395181,9.868,5.012,5.012,0.5087351706048198
780,ShiftAwareAdaptiveTrust,shift,10,7.271034327391866,0.7271034327391865,0.27289656726081346,9.868,5.012,5.012,2.2590343273918663
781,PredictionOnly,prediction,21,20.276,0.9655238095238096,0.03447619047619044,20.276,15.296,15.296,4.98
781,OnlineOnly,online,21,15.296,0.7283809523809524,0.27161904761904765,20.276,15.296,15.296,0.0
781,StaticMixture,static,21,16.541,0.7876666666666667,0.21233333333333326,20.276,15.296,15.296,1.245000000000001
781,Hedge,hedge,21,15.728366890380189,0.7489698519228661,0.25103014807713386,20.276,15.296,15.296,0.43236689038018916
781,ShiftAwareAdaptiveTrust,shift,21,17.308066317913543,0.8241936341863592,0.17580636581364084,20.276,15.296,15.296,2.0120663179135434
782,PredictionOnly,prediction,22,22.0,1.0,0.0,22.0,1.9480000000000004,1.9480000000000004,20.052
782,OnlineOnly,online,22,1.9480000000000004,0.08854545454545457,0.9114545454545454,22.0,1.9480000000000004,1.9480000000000004,0.0
782,StaticMixture,static,22,6.961,0.3164090909090909,0.6835909090909091,22.0,1.9480000000000004,1.9480000000000004,5.013
782,Hedge,hedge,22,2.576326064133259,0.11710573018787541,0.8828942698121246,22.0,1.9480000000000004,1.9480000000000004,0.6283260641332586
782,ShiftAwareAdaptiveTrust,shift,22,6.178649041920086,0.2808476837236403,0.7191523162763598,22.0,1.9480000000000004,1.9480000000000004,4.230649041920086
783,PredictionOnly,prediction,26,24.907742971887544,0.9579901143033671,0.04200988569663289,24.907742971887544,16.473783132530123,16.473783132530123,8.43395983935742
783,OnlineOnly,online,26,16.473783132530123,0.6336070435588509,0.3663929564411491,24.907742971887544,16.473783132530123,16.473783132530123,0.0
783,StaticMixture,static,26,18.58227309236948,0.71470281124498,0.28529718875501997,24.907742971887544,16.473783132530123,16.473783132530123,2.108489959839357
783,Hedge,hedge,26,16.927258635052816,0.6510484090404929,0.3489515909595071,24.907742971887544,16.473783132530123,16.473783132530123,0.45347550252269286
783,ShiftAwareAdaptiveTrust,shift,26,19.587411796691764,0.7533619921804525,0.24663800781954748,24.907742971887544,16.473783132530123,16.473783132530123,3.1136286641616415
784,PredictionOnly,prediction,19,18.436,0.9703157894736842,0.029684210526315757,18.436,9.963999999999997,9.963999999999997,8.472000000000003
784,OnlineOnly,online,19,9.963999999999997,0.5244210526315788,0.4755789473684212,18.436,9.963999999999997,9.963999999999997,0.0
784,StaticMixture,static,19,12.082,0.6358947368421053,0.3641052631578947,18.436,9.963999999999997,9.963999999999997,2.118000000000004
784,Hedge,hedge,19,10.522724898551585,0.5538276262395572,0.44617237376044283,18.436,9.963999999999997,9.963999999999997,0.5587248985515885
784,ShiftAwareAdaptiveTrust,shift,19,13.244279115537907,0.6970673218704162,0.3029326781295838,18.436,9.963999999999997,9.963999999999997,3.28027911553791
785,PredictionOnly,prediction,11,10.945219409309662,0.9950199463008783,0.004980053699121689,10.945219409309662,8.126169842834967,8.126169842834967,2.8190495664746944
785,OnlineOnly,online,11,8.126169842834967,0.738742712984997,0.26125728701500295,10.945219409309662,8.126169842834967,8.126169842834967,0.0
785,StaticMixture,static,11,8.83093223445364,0.8028120213139672,0.19718797868603277,10.945219409309662,8.126169842834967,8.126169842834967,0.7047623916186723
785,Hedge,hedge,11,8.55681518532759,0.7778922895752355,0.22210771042476452,10.945219409309662,8.126169842834967,8.126169842834967,0.4306453424926229
785,ShiftAwareAdaptiveTrust,shift,11,9.677464449431124,0.8797694954028294,0.12023050459717055,10.945219409309662,8.126169842834967,8.126169842834967,1.5512946065961568
788,PredictionOnly,prediction,20,19.854902450550952,0.9927451225275477,0.007254877472452348,19.854902450550952,14.440765620966085,14.440765620966085,5.4141368295848675
788,OnlineOnly,online,20,14.440765620966085,0.7220382810483043,0.27796171895169575,19.854902450550952,14.440765620966085,14.440765620966085,0.0
788,StaticMixture,static,20,15.794299828362304,0.7897149914181152,0.2102850085818848,19.854902450550952,14.440765620966085,14.440765620966085,1.353534207396219
788,Hedge,hedge,20,14.85956461204271,0.7429782306021355,0.2570217693978645,19.854902450550952,14.440765620966085,14.440765620966085,0.4187989910766259
788,ShiftAwareAdaptiveTrust,shift,20,17.06581564826026,0.8532907824130129,0.14670921758698707,19.854902450550952,14.440765620966085,14.440765620966085,2.625050027294174
789,PredictionOnly,prediction,16,15.954832881662151,0.9971770551038844,0.0028229448961155645,15.954832881662151,6.9505584839179075,6.9505584839179075,9.004274397744243
789,OnlineOnly,online,16,6.9505584839179075,0.4344099052448692,0.5655900947551308,15.954832881662151,6.9505584839179075,6.9505584839179075,0.0
789,StaticMixture,static,16,9.20162708335397,0.5751016927096231,0.4248983072903769,15.954832881662151,6.9505584839179075,6.9505584839179075,2.2510685994360617
789,Hedge,hedge,16,7.45255660400003,0.46578478775000187,0.5342152122499981,15.954832881662151,6.9505584839179075,6.9505584839179075,0.5019981200821224
789,ShiftAwareAdaptiveTrust,shift,16,10.37753749050805,0.6485960931567532,0.35140390684324685,15.954832881662151,6.9505584839179075,6.9505584839179075,3.426979006590143
791,PredictionOnly,prediction,5,4.844,0.9688000000000001,0.031199999999999894,4.844,3.5759999999999996,3.5759999999999996,1.2680000000000007
791,OnlineOnly,online,5,3.5759999999999996,0.7152,0.28480000000000005,4.844,3.5759999999999996,3.5759999999999996,0.0
791,StaticMixture,static,5,3.8930000000000002,0.7786000000000001,0.22139999999999993,4.844,3.5759999999999996,3.5759999999999996,0.3170000000000006
791,Hedge,hedge,5,3.9807731206275725,0.7961546241255145,0.20384537587448548,4.844,3.5759999999999996,3.5759999999999996,0.40477312062757287
791,ShiftAwareAdaptiveTrust,shift,5,3.964999060269964,0.7929998120539927,0.20700018794600727,4.844,3.5759999999999996,3.5759999999999996,0.3889990602699642
792,PredictionOnly,prediction,25,23.980853452696785,0.9592341381078714,0.04076586189212861,23.980853452696785,18.787553582869243,18.787553582869243,5.193299869827541
792,OnlineOnly,online,25,18.787553582869243,0.7515021433147697,0.24849785668523028,23.980853452696785,18.787553582869243,18.787553582869243,0.0
792,StaticMixture,static,25,20.08587855032613,0.8034351420130451,0.1965648579869549,23.980853452696785,18.787553582869243,18.787553582869243,1.2983249674568853
792,Hedge,hedge,25,19.19995563603749,0.7679982254414996,0.23200177455850035,23.980853452696785,18.787553582869243,18.787553582869243,0.41240205316824685
792,ShiftAwareAdaptiveTrust,shift,25,21.272329004074557,0.8508931601629822,0.14910683983701778,23.980853452696785,18.787553582869243,18.787553582869243,2.4847754212053133
793,PredictionOnly,prediction,8,7.656,0.957,0.04300000000000004,7.656,5.832000000000001,5.832000000000001,1.823999999999999
793,OnlineOnly,online,8,5.832000000000001,0.7290000000000001,0.2709999999999999,7.656,5.832000000000001,5.832000000000001,0.0
793,StaticMixture,static,8,6.288,0.786,0.21399999999999997,7.656,5.832000000000001,5.832000000000001,0.4559999999999995
793,Hedge,hedge,8,6.350301632834282,0.7937877041042852,0.20621229589571477,7.656,5.832000000000001,5.832000000000001,0.5183016328342811
793,ShiftAwareAdaptiveTrust,shift,8,6.656463428694927,0.8320579285868659,0.1679420714131341,7.656,5.832000000000001,5.832000000000001,0.8244634286949264
794,PredictionOnly,prediction,4,3.98,0.995,0.0050000000000000044,3.98,2.9,2.9,1.08
794,OnlineOnly,online,4,2.9,0.725,0.275,3.98,2.9,2.9,0.0
794,StaticMixture,static,4,3.17,0.7925,0.20750000000000002,3.98,2.9,2.9,0.27
794,Hedge,hedge,4,3.2762183110595644,0.8190545777648911,0.1809454222351089,3.98,2.9,2.9,0.3762183110595645
794,ShiftAwareAdaptiveTrust,shift,4,3.3507811257869164,0.8376952814467291,0.1623047185532709,3.98,2.9,2.9,0.45078112578691654
795,PredictionOnly,prediction,4,3.7399999999999998,0.9349999999999999,0.06500000000000006,3.7399999999999998,2.848,2.848,0.8919999999999999
795,OnlineOnly,online,4,2.848,0.712,0.28800000000000003,3.7399999999999998,2.848,2.848,0.0
795,StaticMixture,static,4,3.0709999999999997,0.7677499999999999,0.23225000000000007,3.7399999999999998,2.848,2.848,0.22299999999999986
795,Hedge,hedge,4,3.168709902827403,0.7921774757068507,0.2078225242931493,3.7399999999999998,2.848,2.848,0.32070990282740297
795,ShiftAwareAdaptiveTrust,shift,4,3.2077715298628044,0.8019428824657011,0.1980571175342989,3.7399999999999998,2.848,2.848,0.3597715298628046
796,PredictionOnly,prediction,5,4.883011181371448,0.9766022362742897,0.02339776372571034,4.883011181371448,4.605855197186261,4.605855197186261,0.27715598418518717
796,OnlineOnly,online,5,4.605855197186261,0.9211710394372522,0.0788289605627478,4.883011181371448,4.605855197186261,4.605855197186261,0.0
796,StaticMixture,static,5,4.675144193232558,0.9350288386465117,0.06497116135348835,4.883011181371448,4.605855197186261,4.605855197186261,0.06928899604629724
796,Hedge,hedge,5,4.730724888925758,0.9461449777851516,0.05385502221484839,4.883011181371448,4.605855197186261,4.605855197186261,0.12486969173949714
796,ShiftAwareAdaptiveTrust,shift,5,4.704283356689391,0.9408566713378782,0.0591433286621218,4.883011181371448,4.605855197186261,4.605855197186261,0.09842815950313
797,PredictionOnly,prediction,17,16.48335483870968,0.9696091081593929,0.03039089184060706,16.48335483870968,10.57541935483871,10.57541935483871,5.90793548387097
797,OnlineOnly,online,17,10.57541935483871,0.6220834914611005,0.37791650853889946,16.48335483870968,10.57541935483871,10.57541935483871,0.0
797,StaticMixture,static,17,12.05240322580645,0.7089648956356736,0.29103510436432645,16.48335483870968,10.57541935483871,10.57541935483871,1.4769838709677412
797,Hedge,hedge,17,11.057224169384861,0.650424951140286,0.349575048859714,16.48335483870968,10.57541935483871,10.57541935483871,0.48180481454615176
797,ShiftAwareAdaptiveTrust,shift,17,13.038252987839783,0.7669560581082225,0.23304394189177746,16.48335483870968,10.57541935483871,10.57541935483871,2.4628336330010736
798,PredictionOnly,prediction,15,14.152000000000001,0.9434666666666668,0.05653333333333321,14.152000000000001,10.147999999999998,10.147999999999998,4.004000000000003
798,OnlineOnly,online,15,10.147999999999998,0.6765333333333332,0.3234666666666668,14.152000000000001,10.147999999999998,10.147999999999998,0.0
798,StaticMixture,static,15,11.149,0.7432666666666666,0.25673333333333337,14.152000000000001,10.147999999999998,10.147999999999998,1.0010000000000012
798,Hedge,hedge,15,10.566501016487665,0.7044334010991776,0.2955665989008224,14.152000000000001,10.147999999999998,10.147999999999998,0.41850101648766724
798,ShiftAwareAdaptiveTrust,shift,15,12.32493350829426,0.821662233886284,0.178337766113716,14.152000000000001,10.147999999999998,10.147999999999998,2.176933508294262
799,PredictionOnly,prediction,5,4.568,0.9136,0.08640000000000003,4.568,4.1240000000000006,4.1240000000000006,0.44399999999999906
799,OnlineOnly,online,5,4.1240000000000006,0.8248000000000001,0.1751999999999999,4.568,4.1240000000000006,4.1240000000000006,0.0
799,StaticMixture,static,5,4.235,0.8470000000000001,0.1529999999999999,4.568,4.1240000000000006,4.1240000000000006,0.11099999999999977
799,Hedge,hedge,5,4.31068439420009,0.8621368788400179,0.13786312115998212,4.568,4.1240000000000006,4.1240000000000006,0.1866843942000891
799,ShiftAwareAdaptiveTrust,shift,5,4.357144082257055,0.871428816451411,0.12857118354858899,4.568,4.1240000000000006,4.1240000000000006,0.23314408225705474
801,PredictionOnly,prediction,6,5.732,0.9553333333333334,0.04466666666666663,5.732,4.928,4.928,0.8040000000000003
801,OnlineOnly,online,6,4.928,0.8213333333333334,0.17866666666666664,5.732,4.928,4.928,0.0
801,StaticMixture,static,6,5.129,0.8548333333333332,0.14516666666666678,5.732,4.928,4.928,0.20099999999999962
801,Hedge,hedge,6,5.2480261691655565,0.8746710281942595,0.12532897180574054,5.732,4.928,4.928,0.3200261691655566
801,ShiftAwareAdaptiveTrust,shift,6,5.318507220645481,0.8864178701075801,0.11358212989241989,5.732,4.928,4.928,0.39050722064548093
802,PredictionOnly,prediction,36,27.288,0.758,0.242,27.288,11.988000000000001,11.988000000000001,15.299999999999999
802,OnlineOnly,online,36,11.988000000000001,0.333,0.667,27.288,11.988000000000001,11.988000000000001,0.0
802,StaticMixture,static,36,15.812999999999997,0.4392499999999999,0.5607500000000001,27.288,11.988000000000001,11.988000000000001,3.8249999999999957
802,Hedge,hedge,36,12.468837365213355,0.34635659347814873,0.6536434065218513,27.288,11.988000000000001,11.988000000000001,0.48083736521335396
802,ShiftAwareAdaptiveTrust,shift,36,18.739684509148596,0.5205467919207943,0.47945320807920566,27.288,11.988000000000001,11.988000000000001,6.751684509148594
803,PredictionOnly,prediction,28,27.434095141700404,0.9797891122035859,0.020210887796414112,27.434095141700404,18.06739939251988,18.06739939251988,9.366695749180522
803,OnlineOnly,online,28,18.06739939251988,0.6452642640185672,0.3547357359814328,27.434095141700404,18.06739939251988,18.06739939251988,0.0
803,StaticMixture,static,28,20.409073329815016,0.728895476064822,0.27110452393517803,27.434095141700404,18.06739939251988,18.06739939251988,2.341673937295134
803,Hedge,hedge,28,18.464934446691814,0.6594619445247076,0.34053805547529237,27.434095141700404,18.06739939251988,18.06739939251988,0.39753505417193225
803,ShiftAwareAdaptiveTrust,shift,28,21.56810277594349,0.7702893848551247,0.22971061514487534,27.434095141700404,18.06739939251988,18.06739939251988,3.500703383423609
804,PredictionOnly,prediction,9,7.448,0.8275555555555556,0.1724444444444444,7.448,4.576,4.576,2.8720000000000008
804,OnlineOnly,online,9,4.576,0.5084444444444444,0.49155555555555563,7.448,4.576,4.576,0.0
804,StaticMixture,static,9,5.294,0.5882222222222222,0.4117777777777778,7.448,4.576,4.576,0.718
804,Hedge,hedge,9,5.009482762400902,0.5566091958223224,0.4433908041776776,7.448,4.576,4.576,0.4334827624009021
804,ShiftAwareAdaptiveTrust,shift,9,6.163435765473757,0.6848261961637507,0.31517380383624927,7.448,4.576,4.576,1.5874357654737574
805,PredictionOnly,prediction,9,8.272,0.9191111111111111,0.0808888888888889,8.272,7.1000000000000005,7.1000000000000005,1.1719999999999997
805,OnlineOnly,online,9,7.1000000000000005,0.788888888888889,0.21111111111111103,8.272,7.1000000000000005,7.1000000000000005,0.0
805,StaticMixture,static,9,7.393000000000001,0.8214444444444445,0.17855555555555547,8.272,7.1000000000000005,7.1000000000000005,0.29300000000000015
805,Hedge,hedge,9,7.4397681014520085,0.8266409001613343,0.1733590998386657,8.272,7.1000000000000005,7.1000000000000005,0.339768101452008
805,ShiftAwareAdaptiveTrust,shift,9,7.739717062626516,0.8599685625140574,0.1400314374859426,8.272,7.1000000000000005,7.1000000000000005,0.6397170626265156
806,PredictionOnly,prediction,73,66.58000000000001,0.9120547945205482,0.08794520547945184,66.58000000000001,38.972,38.972,27.60800000000001
806,OnlineOnly,online,73,38.972,0.5338630136986302,0.4661369863013698,66.58000000000001,38.972,38.972,0.0
806,StaticMixture,static,73,45.87400000000001,0.6284109589041097,0.3715890410958903,66.58000000000001,38.972,38.972,6.902000000000008
806,Hedge,hedge,73,39.414768860456626,0.5399283405542004,0.46007165944579964,66.58000000000001,38.972,38.972,0.4427688604566242
806,ShiftAwareAdaptiveTrust,shift,73,53.663188876586716,0.7351121763915989,0.26488782360840113,66.58000000000001,38.972,38.972,14.691188876586715
807,PredictionOnly,prediction,5,4.5600000000000005,0.9120000000000001,0.08799999999999986,4.5600000000000005,3.048,3.048,1.5120000000000005
807,OnlineOnly,online,5,3.048,0.6096,0.39039999999999997,4.5600000000000005,3.048,3.048,0.0
807,StaticMixture,static,5,3.426,0.6852,0.31479999999999997,4.5600000000000005,3.048,3.048,0.3780000000000001
807,Hedge,hedge,5,3.47006567931997,0.694013135863994,0.30598686413600595,4.5600000000000005,3.048,3.048,0.42206567931996997
807,ShiftAwareAdaptiveTrust,shift,5,3.7865466168607194,0.7573093233721438,0.24269067662785615,4.5600000000000005,3.048,3.048,0.7385466168607193
808,PredictionOnly,prediction,30,28.172426300945794,0.9390808766981932,0.06091912330180682,28.172426300945794,19.456355248219328,19.456355248219328,8.716071052726466
808,OnlineOnly,online,30,19.456355248219328,0.6485451749406442,0.35145482505935577,28.172426300945794,19.456355248219328,19.456355248219328,0.0
808,StaticMixture,static,30,21.635373011400947,0.7211791003800315,0.2788208996199685,28.172426300945794,19.456355248219328,19.456355248219328,2.179017763181619
808,Hedge,hedge,30,19.887945959859497,0.6629315319953165,0.3370684680046835,28.172426300945794,19.456355248219328,19.456355248219328,0.43159071164016893
808,ShiftAwareAdaptiveTrust,shift,30,23.984284770938462,0.7994761590312821,0.2005238409687179,28.172426300945794,19.456355248219328,19.456355248219328,4.527929522719134
809,PredictionOnly,prediction,12,11.80134737205031,0.9834456143375259,0.016554385662474136,11.80134737205031,7.624758362597165,7.624758362597165,4.176589009453146
809,OnlineOnly,online,12,7.624758362597165,0.6353965302164304,0.3646034697835696,11.80134737205031,7.624758362597165,7.624758362597165,0.0
809,StaticMixture,static,12,8.668905614960451,0.7224088012467043,0.27759119875329574,11.80134737205031,7.624758362597165,7.624758362597165,1.0441472523632864
809,Hedge,hedge,12,8.071121985898074,0.6725934988248395,0.32740650117516046,11.80134737205031,7.624758362597165,7.624758362597165,0.4463636233009094
809,ShiftAwareAdaptiveTrust,shift,12,9.236466569209444,0.7697055474341203,0.23029445256587966,11.80134737205031,7.624758362597165,7.624758362597165,1.6117082066122794
810,PredictionOnly,prediction,48,42.48628571428571,0.8851309523809522,0.11486904761904781,42.48628571428571,31.291020408163266,31.291020408163266,11.19526530612244
810,OnlineOnly,online,48,31.291020408163266,0.6518962585034014,0.3481037414965986,42.48628571428571,31.291020408163266,31.291020408163266,0.0
810,StaticMixture,static,48,34.08983673469389,0.7102049319727893,0.28979506802721067,42.48628571428571,31.291020408163266,31.291020408163266,2.7988163265306234
810,Hedge,hedge,48,31.689412305979342,0.660196089707903,0.339803910292097,42.48628571428571,31.291020408163266,31.291020408163266,0.39839189781607587
810,ShiftAwareAdaptiveTrust,shift,48,35.380242989048654,0.7370883956051802,0.26291160439481975,42.48628571428571,31.291020408163266,31.291020408163266,4.089222580885387
811,PredictionOnly,prediction,8,7.784,0.973,0.027000000000000024,7.784,5.454101382488479,5.454101382488479,2.329898617511521
811,OnlineOnly,online,8,5.454101382488479,0.6817626728110598,0.31823732718894016,7.784,5.454101382488479,5.454101382488479,0.0
811,StaticMixture,static,8,6.03657603686636,0.754572004608295,0.245427995391705,7.784,5.454101382488479,5.454101382488479,0.5824746543778812
811,Hedge,hedge,8,5.880188928520892,0.7350236160651115,0.26497638393488854,7.784,5.454101382488479,5.454101382488479,0.42608754603241294
811,ShiftAwareAdaptiveTrust,shift,8,6.440760725330265,0.8050950906662832,0.19490490933371685,7.784,5.454101382488479,5.454101382488479,0.9866593428417865
812,PredictionOnly,prediction,7,6.5120000000000005,0.9302857142857144,0.06971428571428562,6.5120000000000005,4.624,4.624,1.8880000000000008
812,OnlineOnly,online,7,4.624,0.6605714285714285,0.3394285714285715,6.5120000000000005,4.624,4.624,0.0
812,StaticMixture,static,7,5.096,0.728,0.272,6.5120000000000005,4.624,4.624,0.4720000000000004
812,Hedge,hedge,7,5.044901461934555,0.7207002088477935,0.2792997911522065,6.5120000000000005,4.624,4.624,0.42090146193455524
812,ShiftAwareAdaptiveTrust,shift,7,5.581028374336543,0.7972897677623633,0.20271023223763673,6.5120000000000005,4.624,4.624,0.9570283743365433
813,PredictionOnly,prediction,7,6.910366357804704,0.9871951939721005,0.012804806027899462,6.910366357804704,4.311877405559515,4.311877405559515,2.598488952245189
813,OnlineOnly,online,7,4.311877405559515,0.6159824865085021,0.38401751349149793,6.910366357804704,4.311877405559515,4.311877405559515,0.0
813,StaticMixture,static,7,4.9614996436208125,0.7087856633744017,0.29121433662559826,6.910366357804704,4.311877405559515,4.311877405559515,0.6496222380612977
813,Hedge,hedge,7,4.765040824433398,0.6807201177761997,0.3192798822238003,6.910366357804704,4.311877405559515,4.311877405559515,0.4531634188738831
813,ShiftAwareAdaptiveTrust,shift,7,5.2744501684535265,0.7534928812076467,0.24650711879235332,6.910366357804704,4.311877405559515,4.311877405559515,0.9625727628940117
814,PredictionOnly,prediction,26,25.22707949790795,0.970272288381075,0.029727711618924957,25.22707949790795,18.96273203270424,18.96273203270424,6.264347465203713
814,OnlineOnly,online,26,18.96273203270424,0.7293358474117014,0.27066415258829857,25.22707949790795,18.96273203270424,18.96273203270424,0.0
814,StaticMixture,static,26,20.528818899005163,0.7895699576540447,0.2104300423459553,25.22707949790795,18.96273203270424,18.96273203270424,1.5660868663009246
814,Hedge,hedge,26,19.471284706172693,0.7488955656220266,0.25110443437797336,25.22707949790795,18.96273203270424,18.96273203270424,0.5085526734684542
814,ShiftAwareAdaptiveTrust,shift,26,21.01418716066511,0.8082379677178888,0.1917620322821112,25.22707949790795,18.96273203270424,18.96273203270424,2.051455127960871
815,PredictionOnly,prediction,31,29.551510204081634,0.9532745227123107,0.04672547728768928,29.551510204081634,16.05505905083927,16.05505905083927,13.496451153242365
815,OnlineOnly,online,31,16.05505905083927,0.5179051306722344,0.4820948693277656,29.551510204081634,16.05505905083927,16.05505905083927,0.0
815,StaticMixture,static,31,19.429171839149863,0.6267474786822537,0.37325252131774633,29.551510204081634,16.05505905083927,16.05505905083927,3.374112788310594
815,Hedge,hedge,31,16.55512294501988,0.5340362240328993,0.4659637759671007,29.551510204081634,16.05505905083927,16.05505905083927,0.5000638941806095
815,ShiftAwareAdaptiveTrust,shift,31,19.190054722891414,0.6190340233190779,0.38096597668092214,29.551510204081634,16.05505905083927,16.05505905083927,3.1349956720521455
816,PredictionOnly,prediction,38,35.96730259635702,0.9465079630620269,0.05349203693797311,35.96730259635702,32.16029898732019,32.16029898732019,3.8070036090368333
816,OnlineOnly,online,38,32.16029898732019,0.8463236575610577,0.15367634243894235,35.96730259635702,32.16029898732019,32.16029898732019,0.0
816,StaticMixture,static,38,33.1120498895794,0.8713697339363001,0.12863026606369987,35.96730259635702,32.16029898732019,32.16029898732019,0.9517509022592137
816,Hedge,hedge,38,32.617942830026045,0.8583669165796328,0.14163308342036718,35.96730259635702,32.16029898732019,32.16029898732019,0.45764384270585623
816,ShiftAwareAdaptiveTrust,shift,38,33.821217539674265,0.8900320405177439,0.10996795948225613,35.96730259635702,32.16029898732019,32.16029898732019,1.660918552354076
817,PredictionOnly,prediction,21,20.683714143063696,0.9849387687173189,0.015061231282681109,20.683714143063696,6.219894270050439,6.219894270050439,14.463819873013257
817,OnlineOnly,online,21,6.219894270050439,0.2961854414309733,0.7038145585690267,20.683714143063696,6.219894270050439,6.219894270050439,0.0
817,StaticMixture,static,21,9.835849238303751,0.4683737732525596,0.5316262267474404,20.683714143063696,6.219894270050439,6.219894270050439,3.6159549682533125
817,Hedge,hedge,21,6.806221368918988,0.32410577947233277,0.6758942205276672,20.683714143063696,6.219894270050439,6.219894270050439,0.5863270988685487
817,ShiftAwareAdaptiveTrust,shift,21,9.555499777241973,0.4550237989162844,0.5449762010837156,20.683714143063696,6.219894270050439,6.219894270050439,3.3356055071915343
819,PredictionOnly,prediction,8,7.332,0.9165,0.08350000000000002,7.332,4.964,4.964,2.3679999999999994
819,OnlineOnly,online,8,4.964,0.6205,0.37949999999999995,7.332,4.964,4.964,0.0
819,StaticMixture,static,8,5.555999999999999,0.6944999999999999,0.3055000000000001,7.332,4.964,4.964,0.5919999999999987
819,Hedge,hedge,8,5.411918487066115,0.6764898108832643,0.3235101891167357,7.332,4.964,4.964,0.44791848706611415
819,ShiftAwareAdaptiveTrust,shift,8,5.976009480509655,0.7470011850637068,0.25299881493629317,7.332,4.964,4.964,1.0120094805096542
820,PredictionOnly,prediction,14,13.453457671569609,0.960961262254972,0.039038737745027974,13.453457671569609,12.021167046722411,12.021167046722411,1.432290624847198
820,OnlineOnly,online,14,12.021167046722411,0.8586547890516008,0.14134521094839925,13.453457671569609,12.021167046722411,12.021167046722411,0.0
820,StaticMixture,static,14,12.379239702934209,0.8842314073524434,0.11576859264755657,13.453457671569609,12.021167046722411,12.021167046722411,0.35807265621179774
820,Hedge,hedge,14,12.42549147431567,0.8875351053082622,0.11246489469173782,13.453457671569609,12.021167046722411,12.021167046722411,0.4043244275932594
820,ShiftAwareAdaptiveTrust,shift,14,12.726857448781221,0.9090612463415157,0.09093875365848425,13.453457671569609,12.021167046722411,12.021167046722411,0.70569040205881
821,PredictionOnly,prediction,22,21.968,0.9985454545454545,0.0014545454545454861,21.968,8.187999999999999,8.187999999999999,13.780000000000001
821,OnlineOnly,online,22,8.187999999999999,0.3721818181818181,0.6278181818181818,21.968,8.187999999999999,8.187999999999999,0.0
821,StaticMixture,static,22,11.633000000000001,0.5287727272727273,0.4712272727272727,21.968,8.187999999999999,8.187999999999999,3.445000000000002
821,Hedge,hedge,22,8.709749543214143,0.39589770650973377,0.6041022934902662,21.968,8.187999999999999,8.187999999999999,0.5217495432141437
821,ShiftAwareAdaptiveTrust,shift,22,10.983923987539956,0.4992692721609071,0.5007307278390929,21.968,8.187999999999999,8.187999999999999,2.7959239875399575
822,PredictionOnly,prediction,5,4.984,0.9968,0.0031999999999999806,4.984,2.2640000000000002,2.2640000000000002,2.7199999999999998
822,OnlineOnly,online,5,2.2640000000000002,0.45280000000000004,0.5471999999999999,4.984,2.2640000000000002,2.2640000000000002,0.0
822,StaticMixture,static,5,2.9440000000000004,0.5888000000000001,0.4111999999999999,4.984,2.2640000000000002,2.2640000000000002,0.6800000000000002
822,Hedge,hedge,5,2.7979375949467946,0.5595875189893589,0.4404124810106411,4.984,2.2640000000000002,2.2640000000000002,0.5339375949467944
822,ShiftAwareAdaptiveTrust,shift,5,3.511717155195,0.702343431039,0.297656568961,4.984,2.2640000000000002,2.2640000000000002,1.2477171551949997
823,PredictionOnly,prediction,11,9.956000000000001,0.9050909090909092,0.09490909090909083,9.956000000000001,8.836000000000002,8.836000000000002,1.1199999999999992
823,OnlineOnly,online,11,8.836000000000002,0.8032727272727275,0.19672727272727253,9.956000000000001,8.836000000000002,8.836000000000002,0.0
823,StaticMixture,static,11,9.116000000000001,0.8287272727272729,0.17127272727272713,9.956000000000001,8.836000000000002,8.836000000000002,0.27999999999999936
823,Hedge,hedge,11,9.172974950224036,0.8339068136567306,0.16609318634326942,9.956000000000001,8.836000000000002,8.836000000000002,0.33697495022403423
823,ShiftAwareAdaptiveTrust,shift,11,9.508905572449391,0.8644459611317629,0.13555403886823714,9.956000000000001,8.836000000000002,8.836000000000002,0.6729055724493893
827,PredictionOnly,prediction,13,10.664000000000001,0.8203076923076924,0.1796923076923076,10.664000000000001,8.82,8.82,1.8440000000000012
827,OnlineOnly,online,13,8.82,0.6784615384615384,0.32153846153846155,10.664000000000001,8.82,8.82,0.0
827,StaticMixture,static,13,9.281,0.713923076923077,0.286076923076923,10.664000000000001,8.82,8.82,0.4610000000000003
827,Hedge,hedge,13,9.209401583511344,0.7084155064239496,0.29158449357605043,10.664000000000001,8.82,8.82,0.3894015835113436
827,ShiftAwareAdaptiveTrust,shift,13,9.854252892315184,0.7580194532550142,0.2419805467449858,10.664000000000001,8.82,8.82,1.034252892315184
831,PredictionOnly,prediction,120,116.5067557448754,0.9708896312072951,0.0291103687927049,116.5067557448754,84.15857554032334,84.15857554032334,32.348180204552065
831,OnlineOnly,online,120,84.15857554032334,0.7013214628360278,0.2986785371639722,116.5067557448754,84.15857554032334,84.15857554032334,0.0
831,StaticMixture,static,120,92.24562059146128,0.7687135049288439,0.23128649507115606,116.5067557448754,84.15857554032334,84.15857554032334,8.087045051137935
831,Hedge,hedge,120,84.64251802308135,0.7053543168590113,0.2946456831409887,116.5067557448754,84.15857554032334,84.15857554032334,0.48394248275801033
831,ShiftAwareAdaptiveTrust,shift,120,94.38324893585823,0.7865270744654853,0.2134729255345147,116.5067557448754,84.15857554032334,84.15857554032334,10.224673395534893
832,PredictionOnly,prediction,19,16.849001552836608,0.8867895554124531,0.11321044458754692,16.849001552836608,12.833551960576369,12.833551960576369,4.015449592260239
832,OnlineOnly,online,19,12.833551960576369,0.67545010318823,0.32454989681177004,16.849001552836608,12.833551960576369,12.833551960576369,0.0
832,StaticMixture,static,19,13.837414358641427,0.7282849662442856,0.2717150337557144,16.849001552836608,12.833551960576369,12.833551960576369,1.003862398065058
832,Hedge,hedge,19,13.285849592613566,0.6992552417165034,0.30074475828349656,16.849001552836608,12.833551960576369,12.833551960576369,0.4522976320371974
832,ShiftAwareAdaptiveTrust,shift,19,14.671611003568481,0.7721900528193938,0.2278099471806062,16.849001552836608,12.833551960576369,12.833551960576369,1.8380590429921124
835,PredictionOnly,prediction,6,5.785759336099585,0.9642932226832642,0.03570677731673577,5.785759336099585,2.8539147170477617,2.8539147170477617,2.9318446190518235
835,OnlineOnly,online,6,2.8539147170477617,0.4756524528412936,0.5243475471587065,5.785759336099585,2.8539147170477617,2.8539147170477617,0.0
835,StaticMixture,static,6,3.586875871810718,0.5978126453017863,0.40218735469821365,5.785759336099585,2.8539147170477617,2.8539147170477617,0.7329611547629562
835,Hedge,hedge,6,3.3610676028108983,0.5601779338018164,0.43982206619818365,5.785759336099585,2.8539147170477617,2.8539147170477617,0.5071528857631367
835,ShiftAwareAdaptiveTrust,shift,6,4.367140764598889,0.7278567940998149,0.27214320590018515,5.785759336099585,2.8539147170477617,2.8539147170477617,1.5132260475511274
836,PredictionOnly,prediction,4,3.84,0.96,0.040000000000000036,3.84,3.268,3.268,0.5720000000000001
836,OnlineOnly,online,4,3.268,0.817,0.18300000000000005,3.84,3.268,3.268,0.0
836,StaticMixture,static,4,3.411,0.85275,0.14725,3.84,3.268,3.268,0.14300000000000024
836,Hedge,hedge,4,3.5157188302201607,0.8789297075550402,0.12107029244495982,3.84,3.268,3.268,0.24771883022016095
836,ShiftAwareAdaptiveTrust,shift,4,3.5896296633373774,0.8974074158343444,0.10259258416565564,3.84,3.268,3.268,0.32162966333737764
837,PredictionOnly,prediction,12,12.0,1.0,0.0,12.0,6.268,6.268,5.732
837,OnlineOnly,online,12,6.268,0.5223333333333333,0.4776666666666667,12.0,6.268,6.268,0.0
837,StaticMixture,static,12,7.7010000000000005,0.64175,0.35824999999999996,12.0,6.268,6.268,1.4330000000000007
837,Hedge,hedge,12,6.7768239866634,0.56473533222195,0.43526466777804995,12.0,6.268,6.268,0.5088239866634003
837,ShiftAwareAdaptiveTrust,shift,12,8.48836641253342,0.7073638677111184,0.29263613228888163,12.0,6.268,6.268,2.22036641253342
838,PredictionOnly,prediction,6,5.926502306747651,0.9877503844579419,0.012249615542058057,5.926502306747651,5.56870344186664,5.56870344186664,0.3577988648810111
838,OnlineOnly,online,6,5.56870344186664,0.9281172403111068,0.07188275968889324,5.926502306747651,5.56870344186664,5.56870344186664,0.0
838,StaticMixture,static,6,5.6581531580868925,0.9430255263478154,0.056974473652184554,5.926502306747651,5.56870344186664,5.56870344186664,0.0894497162202521
838,Hedge,hedge,6,5.724483034313501,0.9540805057189168,0.04591949428108322,5.926502306747651,5.56870344186664,5.56870344186664,0.15577959244686035
838,ShiftAwareAdaptiveTrust,shift,6,5.711454464504651,0.9519090774174419,0.04809092258255809,5.926502306747651,5.56870344186664,5.56870344186664,0.1427510226380111
839,PredictionOnly,prediction,27,25.244,0.934962962962963,0.065037037037037,25.244,19.38,19.38,5.864000000000001
839,OnlineOnly,online,27,19.38,0.7177777777777777,0.28222222222222226,25.244,19.38,19.38,0.0
839,StaticMixture,static,27,20.846,0.772074074074074,0.22792592592592598,25.244,19.38,19.38,1.466000000000001
839,Hedge,hedge,27,19.78428282530472,0.7327512157520267,0.26724878424797327,25.244,19.38,19.38,0.4042828253047226
839,ShiftAwareAdaptiveTrust,shift,27,22.325645954168074,0.826875776080299,0.17312422391970095,25.244,19.38,19.38,2.945645954168075
840,PredictionOnly,prediction,42,38.65200000000001,0.9202857142857145,0.07971428571428552,38.65200000000001,17.816000000000003,17.816000000000003,20.836000000000006
840,OnlineOnly,online,42,17.816000000000003,0.42419047619047623,0.5758095238095238,38.65200000000001,17.816000000000003,17.816000000000003,0.0
840,StaticMixture,static,42,23.025,0.5482142857142857,0.45178571428571435,38.65200000000001,17.816000000000003,17.816000000000003,5.208999999999996
840,Hedge,hedge,42,18.28008415355963,0.43524009889427695,0.564759901105723,38.65200000000001,17.816000000000003,17.816000000000003,0.46408415355962873
840,ShiftAwareAdaptiveTrust,shift,42,24.51679553839696,0.5837332271046896,0.41626677289531044,38.65200000000001,17.816000000000003,17.816000000000003,6.700795538396957
841,PredictionOnly,prediction,6,5.696,0.9493333333333333,0.05066666666666675,5.696,3.7,3.7,1.9959999999999996
841,OnlineOnly,online,6,3.7,0.6166666666666667,0.3833333333333333,5.696,3.7,3.7,0.0
841,StaticMixture,static,6,4.199,0.6998333333333333,0.3001666666666667,5.696,3.7,3.7,0.49899999999999967
841,Hedge,hedge,6,4.150149948764632,0.6916916581274387,0.3083083418725613,5.696,3.7,3.7,0.4501499487646319
841,ShiftAwareAdaptiveTrust,shift,6,4.665126532247164,0.7775210887078606,0.22247891129213937,5.696,3.7,3.7,0.9651265322471634
843,PredictionOnly,prediction,18,15.160429752066117,0.8422460973370065,0.1577539026629935,15.160429752066117,9.45014876033058,9.45014876033058,5.710280991735537
843,OnlineOnly,online,18,9.45014876033058,0.52500826446281,0.47499173553719,15.160429752066117,9.45014876033058,9.45014876033058,0.0
843,StaticMixture,static,18,10.877719008264462,0.604317722681359,0.39568227731864103,15.160429752066117,9.45014876033058,9.45014876033058,1.4275702479338825
843,Hedge,hedge,18,9.912241242748077,0.5506800690415599,0.44931993095844014,15.160429752066117,9.45014876033058,9.45014876033058,0.4620924824174981
843,ShiftAwareAdaptiveTrust,shift,18,11.645062275957116,0.6469479042198398,0.35305209578016017,15.160429752066117,9.45014876033058,9.45014876033058,2.1949135156265367
844,PredictionOnly,prediction,18,17.149376501686078,0.9527431389825599,0.04725686101744009,17.149376501686078,10.304006244003427,10.304006244003427,6.845370257682651
844,OnlineOnly,online,18,10.304006244003427,0.5724447913335237,0.42755520866647634,17.149376501686078,10.304006244003427,10.304006244003427,0.0
844,StaticMixture,static,18,12.01534880842409,0.6675193782457828,0.3324806217542172,17.149376501686078,10.304006244003427,10.304006244003427,1.7113425644206632
844,Hedge,hedge,18,10.768046987663002,0.5982248326479446,0.40177516735205543,17.149376501686078,10.304006244003427,10.304006244003427,0.4640407436595755
844,ShiftAwareAdaptiveTrust,shift,18,12.553141657198431,0.6973967587332461,0.30260324126675386,17.149376501686078,10.304006244003427,10.304006244003427,2.2491354131950043
846,PredictionOnly,prediction,5,4.9716097560975605,0.9943219512195121,0.005678048780487943,4.9716097560975605,4.311951702520764,4.311951702520764,0.6596580535767966
846,OnlineOnly,online,5,4.311951702520764,0.8623903405041528,0.13760965949584725,4.9716097560975605,4.311951702520764,4.311951702520764,0.0
846,StaticMixture,static,5,4.4768662159149635,0.8953732431829927,0.10462675681700728,4.9716097560975605,4.311951702520764,4.311951702520764,0.1649145133941996
846,Hedge,hedge,5,4.570628616974147,0.9141257233948293,0.08587427660517066,4.9716097560975605,4.311951702520764,4.311951702520764,0.2586769144533827
846,ShiftAwareAdaptiveTrust,shift,5,4.535444431316621,0.9070888862633242,0.09291111373667582,4.9716097560975605,4.311951702520764,4.311951702520764,0.2234927287958568
847,PredictionOnly,prediction,21,20.784,0.9897142857142857,0.010285714285714342,20.784,12.268000000000002,12.268000000000002,8.515999999999996
847,OnlineOnly,online,21,12.268000000000002,0.5841904761904763,0.41580952380952374,20.784,12.268000000000002,12.268000000000002,0.0
847,StaticMixture,static,21,14.397,0.6855714285714286,0.3144285714285714,20.784,12.268000000000002,12.268000000000002,2.128999999999998
847,Hedge,hedge,21,12.774317998729874,0.6083008570823749,0.3916991429176251,20.784,12.268000000000002,12.268000000000002,0.5063179987298714
847,ShiftAwareAdaptiveTrust,shift,21,15.682861972304924,0.7468029510621392,0.25319704893786077,20.784,12.268000000000002,12.268000000000002,3.414861972304921
850,PredictionOnly,prediction,7,6.772,0.9674285714285714,0.032571428571428584,6.772,5.172000000000001,5.172000000000001,1.5999999999999996
850,OnlineOnly,online,7,5.172000000000001,0.738857142857143,0.261142857142857,6.772,5.172000000000001,5.172000000000001,0.0
850,StaticMixture,static,7,5.572,0.796,0.20399999999999996,6.772,5.172000000000001,5.172000000000001,0.39999999999999947
850,Hedge,hedge,7,5.589422703955729,0.7984889577079614,0.20151104229203864,6.772,5.172000000000001,5.172000000000001,0.41742270395572856
850,ShiftAwareAdaptiveTrust,shift,7,6.054181926277186,0.8648831323253123,0.13511686767468767,6.772,5.172000000000001,5.172000000000001,0.8821819262771857
851,PredictionOnly,prediction,49,47.28,0.9648979591836735,0.03510204081632651,47.28,43.7211983122363,43.7211983122363,3.5588016877637045
851,OnlineOnly,online,49,43.7211983122363,0.8922693533109448,0.10773064668905519,47.28,43.7211983122363,43.7211983122363,0.0
851,StaticMixture,static,49,44.61089873417721,0.9104265047791268,0.08957349522087321,47.28,43.7211983122363,43.7211983122363,0.8897004219409155
851,Hedge,hedge,49,44.10427430240162,0.9000872306612575,0.09991276933874249,47.28,43.7211983122363,43.7211983122363,0.3830759901653238
851,ShiftAwareAdaptiveTrust,shift,49,45.38316310684987,0.9261870021806096,0.07381299781939044,47.28,43.7211983122363,43.7211983122363,1.6619647946135743
853,PredictionOnly,prediction,12,10.732,0.8943333333333333,0.10566666666666669,10.732,4.279999999999999,4.279999999999999,6.452
853,OnlineOnly,online,12,4.279999999999999,0.35666666666666663,0.6433333333333333,10.732,4.279999999999999,4.279999999999999,0.0
853,StaticMixture,static,12,5.893,0.4910833333333333,0.5089166666666667,10.732,4.279999999999999,4.279999999999999,1.6130000000000004
853,Hedge,hedge,12,4.7922133134537,0.399351109454475,0.600648890545525,10.732,4.279999999999999,4.279999999999999,0.5122133134537004
853,ShiftAwareAdaptiveTrust,shift,12,6.639585554029298,0.5532987961691082,0.44670120383089185,10.732,4.279999999999999,4.279999999999999,2.359585554029299
854,PredictionOnly,prediction,40,35.108,0.8776999999999999,0.12230000000000008,35.108,17.971999999999998,17.971999999999998,17.136
854,OnlineOnly,online,40,17.971999999999998,0.4492999999999999,0.5507000000000001,35.108,17.971999999999998,17.971999999999998,0.0
854,StaticMixture,static,40,22.255999999999997,0.5563999999999999,0.4436000000000001,35.108,17.971999999999998,17.971999999999998,4.283999999999999
854,Hedge,hedge,40,18.46024994355867,0.4615062485889667,0.5384937514110333,35.108,17.971999999999998,17.971999999999998,0.4882499435586709
854,ShiftAwareAdaptiveTrust,shift,40,25.641263926963028,0.6410315981740757,0.35896840182592427,35.108,17.971999999999998,17.971999999999998,7.66926392696303
855,PredictionOnly,prediction,6,4.552,0.7586666666666666,0.2413333333333334,4.552,1.6480000000000001,1.6480000000000001,2.9039999999999995
855,OnlineOnly,online,6,1.6480000000000001,0.27466666666666667,0.7253333333333334,4.552,1.6480000000000001,1.6480000000000001,0.0
855,StaticMixture,static,6,2.374,0.39566666666666667,0.6043333333333334,4.552,1.6480000000000001,1.6480000000000001,0.726
855,Hedge,hedge,6,2.2326519041227595,0.37210865068712656,0.6278913493128735,4.552,1.6480000000000001,1.6480000000000001,0.5846519041227594
855,ShiftAwareAdaptiveTrust,shift,6,2.5753017276067243,0.4292169546011207,0.5707830453988794,4.552,1.6480000000000001,1.6480000000000001,0.9273017276067241
856,PredictionOnly,prediction,6,5.517301053627198,0.9195501756045329,0.0804498243954671,5.517301053627198,3.5010871128833005,3.5010871128833005,2.016213940743897
856,OnlineOnly,online,6,3.5010871128833005,0.5835145188138834,0.4164854811861166,5.517301053627198,3.5010871128833005,3.5010871128833005,0.0
856,StaticMixture,static,6,4.005140598069275,0.6675234330115458,0.3324765669884542,5.517301053627198,3.5010871128833005,3.5010871128833005,0.5040534851859744
856,Hedge,hedge,6,3.9493297189323404,0.6582216198220567,0.34177838017794326,5.517301053627198,3.5010871128833005,3.5010871128833005,0.44824260604903987
856,ShiftAwareAdaptiveTrust,shift,6,4.356765054708132,0.7261275091180219,0.27387249088197807,5.517301053627198,3.5010871128833005,3.5010871128833005,0.855677941824831
857,PredictionOnly,prediction,9,9.0,1.0,0.0,9.0,3.672,3.672,5.327999999999999
857,OnlineOnly,online,9,3.672,0.40800000000000003,0.592,9.0,3.672,3.672,0.0
857,StaticMixture,static,9,5.004,0.5559999999999999,0.44400000000000006,9.0,3.672,3.672,1.3319999999999994
857,Hedge,hedge,9,4.305900037653852,0.47843333751709466,0.5215666624829054,9.0,3.672,3.672,0.6339000376538517
857,ShiftAwareAdaptiveTrust,shift,9,5.376553990769572,0.5973948878632858,0.40260511213671424,9.0,3.672,3.672,1.7045539907695715
858,PredictionOnly,prediction,51,50.228,0.9848627450980393,0.015137254901960717,50.228,8.695844065656864,8.695844065656864,41.53215593434314
858,OnlineOnly,online,51,8.695844065656864,0.1705067463854287,0.8294932536145713,50.228,8.695844065656864,8.695844065656864,0.0
858,StaticMixture,static,51,19.078883049242652,0.3740957460635814,0.6259042539364186,50.228,8.695844065656864,8.695844065656864,10.383038983585788
858,Hedge,hedge,51,9.273402892267853,0.181831429260154,0.8181685707398461,50.228,8.695844065656864,8.695844065656864,0.5775588266109892
858,ShiftAwareAdaptiveTrust,shift,51,17.179234771531625,0.33684774061826717,0.6631522593817328,50.228,8.695844065656864,8.695844065656864,8.483390705874761
859,PredictionOnly,prediction,13,12.952,0.9963076923076923,0.0036923076923076614,12.952,10.644,10.644,2.308
859,OnlineOnly,online,13,10.644,0.8187692307692308,0.1812307692307692,12.952,10.644,10.644,0.0
859,StaticMixture,static,13,11.221,0.8631538461538462,0.13684615384615384,12.952,10.644,10.644,0.577
859,Hedge,hedge,13,11.060983209987981,0.8508448623067678,0.1491551376932322,12.952,10.644,10.644,0.4169832099879809
859,ShiftAwareAdaptiveTrust,shift,13,11.814827361004875,0.9088328739234519,0.09116712607654809,12.952,10.644,10.644,1.170827361004875
860,PredictionOnly,prediction,8,6.655116883116883,0.8318896103896104,0.1681103896103896,6.655116883116883,5.4412987012987015,5.4412987012987015,1.2138181818181817
860,OnlineOnly,online,8,5.4412987012987015,0.6801623376623377,0.3198376623376623,6.655116883116883,5.4412987012987015,5.4412987012987015,0.0
860,StaticMixture,static,8,5.7447532467532465,0.7180941558441558,0.2819058441558442,6.655116883116883,5.4412987012987015,5.4412987012987015,0.303454545454545
860,Hedge,hedge,8,5.786772494995254,0.7233465618744067,0.2766534381255933,6.655116883116883,5.4412987012987015,5.4412987012987015,0.3454737936965522
860,ShiftAwareAdaptiveTrust,shift,8,6.182407698968048,0.772800962371006,0.22719903762899396,6.655116883116883,5.4412987012987015,5.4412987012987015,0.7411089976693468
861,PredictionOnly,prediction,6,5.952,0.992,0.008000000000000007,5.952,4.756,4.756,1.1959999999999997
861,OnlineOnly,online,6,4.756,0.7926666666666667,0.20733333333333326,5.952,4.756,4.756,0.0
861,StaticMixture,static,6,5.055,0.8424999999999999,0.15750000000000008,5.952,4.756,4.756,0.2989999999999995
861,Hedge,hedge,6,5.222700727242709,0.8704501212071182,0.12954987879288182,5.952,4.756,4.756,0.46670072724270906
861,ShiftAwareAdaptiveTrust,shift,6,5.13553068616344,0.85592178102724,0.14407821897275996,5.952,4.756,4.756,0.37953068616343977
862,PredictionOnly,prediction,18,17.692000000000004,0.9828888888888891,0.017111111111110855,17.692000000000004,9.123999999999999,9.123999999999999,8.568000000000005
862,OnlineOnly,online,18,9.123999999999999,0.5068888888888888,0.49311111111111117,17.692000000000004,9.123999999999999,9.123999999999999,0.0
862,StaticMixture,static,18,11.266,0.6258888888888889,0.37411111111111106,17.692000000000004,9.123999999999999,9.123999999999999,2.1420000000000012
862,Hedge,hedge,18,9.584644047718824,0.532480224873268,0.46751977512673204,17.692000000000004,9.123999999999999,9.123999999999999,0.4606440477188247
862,ShiftAwareAdaptiveTrust,shift,18,12.031095733758525,0.6683942074310292,0.3316057925689708,17.692000000000004,9.123999999999999,9.123999999999999,2.907095733758526
863,PredictionOnly,prediction,11,10.271999999999998,0.9338181818181817,0.06618181818181834,10.271999999999998,7.319999999999999,7.319999999999999,2.951999999999999
863,OnlineOnly,online,11,7.319999999999999,0.6654545454545454,0.3345454545454546,10.271999999999998,7.319999999999999,7.319999999999999,0.0
863,StaticMixture,static,11,8.058,0.7325454545454545,0.2674545454545455,10.271999999999998,7.319999999999999,7.319999999999999,0.7380000000000004
863,Hedge,hedge,11,7.747884120836825,0.7043531018942568,0.2956468981057432,10.271999999999998,7.319999999999999,7.319999999999999,0.4278841208368256
863,ShiftAwareAdaptiveTrust,shift,11,9.073159210536932,0.8248326555033575,0.1751673444966425,10.271999999999998,7.319999999999999,7.319999999999999,1.753159210536933
864,PredictionOnly,prediction,19,18.32815400843882,0.9646396846546746,0.035360315345325355,18.32815400843882,18.467957805907172,18.32815400843882,0.0
864,OnlineOnly,online,19,18.467957805907172,0.9719977792582722,0.028002220741727757,18.32815400843882,18.467957805907172,18.32815400843882,0.13980379746835325
864,StaticMixture,static,19,18.433006856540082,0.9701582556073728,0.029841744392627212,18.32815400843882,18.467957805907172,18.32815400843882,0.10485284810126316
864,Hedge,hedge,19,18.406122248415155,0.9687432762323765,0.03125672376762345,18.32815400843882,18.467957805907172,18.32815400843882,0.07796823997633595
864,ShiftAwareAdaptiveTrust,shift,19,18.39791622445039,0.9683113802342311,0.031688619765768866,18.32815400843882,18.467957805907172,18.32815400843882,0.06976221601157206
865,PredictionOnly,prediction,6,4.492,0.7486666666666667,0.2513333333333333,4.492,1.876,1.876,2.616
865,OnlineOnly,online,6,1.876,0.31266666666666665,0.6873333333333334,4.492,1.876,1.876,0.0
865,StaticMixture,static,6,2.5300000000000002,0.4216666666666667,0.5783333333333334,4.492,1.876,1.876,0.6540000000000004
865,Hedge,hedge,6,2.371182368883098,0.3951970614805163,0.6048029385194837,4.492,1.876,1.876,0.4951823688830981
865,ShiftAwareAdaptiveTrust,shift,6,2.810615362989694,0.4684358938316157,0.5315641061683842,4.492,1.876,1.876,0.9346153629896943
866,PredictionOnly,prediction,8,7.2,0.9,0.09999999999999998,7.2,5.008,5.008,2.192
866,OnlineOnly,online,8,5.008,0.626,0.374,7.2,5.008,5.008,0.0
866,StaticMixture,static,8,5.555999999999999,0.6944999999999999,0.3055000000000001,7.2,5.008,5.008,0.5479999999999992
866,Hedge,hedge,8,5.425268202592725,0.6781585253240906,0.3218414746759094,7.2,5.008,5.008,0.4172682025927248
866,ShiftAwareAdaptiveTrust,shift,8,6.221827512227543,0.7777284390284429,0.2222715609715571,7.2,5.008,5.008,1.2138275122275433
867,PredictionOnly,prediction,34,28.236,0.8304705882352942,0.16952941176470582,28.236,14.096,14.096,14.14
867,OnlineOnly,online,34,14.096,0.41458823529411765,0.5854117647058823,28.236,14.096,14.096,0.0
867,StaticMixture,static,34,17.630999999999997,0.5185588235294116,0.4814411764705884,28.236,14.096,14.096,3.5349999999999966
867,Hedge,hedge,34,14.576164340077996,0.42871071588464693,0.5712892841153531,28.236,14.096,14.096,0.48016434007799624
867,ShiftAwareAdaptiveTrust,shift,34,19.873056596235525,0.5845016645951625,0.4154983354048375,28.236,14.096,14.096,5.777056596235525
868,PredictionOnly,prediction,3,2.7359999999999998,0.9119999999999999,0.08800000000000008,2.7359999999999998,2.54,2.54,0.19599999999999973
868,OnlineOnly,online,3,2.54,0.8466666666666667,0.15333333333333332,2.7359999999999998,2.54,2.54,0.0
868,StaticMixture,static,3,2.589,0.863,0.137,2.7359999999999998,2.54,2.54,0.04899999999999993
868,Hedge,hedge,3,2.6368960529889476,0.8789653509963159,0.1210346490036841,2.7359999999999998,2.54,2.54,0.09689605298894755
868,ShiftAwareAdaptiveTrust,shift,3,2.6248159638654776,0.8749386546218259,0.12506134537817415,2.7359999999999998,2.54,2.54,0.08481596386547752
869,PredictionOnly,prediction,25,24.096000000000004,0.9638400000000001,0.03615999999999986,24.096000000000004,19.915999999999997,19.915999999999997,4.180000000000007
869,OnlineOnly,online,25,19.915999999999997,0.7966399999999999,0.2033600000000001,24.096000000000004,19.915999999999997,19.915999999999997,0.0
869,StaticMixture,static,25,20.960999999999995,0.8384399999999999,0.16156000000000015,24.096000000000004,19.915999999999997,19.915999999999997,1.0449999999999982
869,Hedge,hedge,25,20.30389298169788,0.8121557192679153,0.1878442807320847,24.096000000000004,19.915999999999997,19.915999999999997,0.38789298169788466
869,ShiftAwareAdaptiveTrust,shift,25,21.966364004755512,0.8786545601902205,0.12134543980977952,24.096000000000004,19.915999999999997,19.915999999999997,2.050364004755515
870,PredictionOnly,prediction,6,5.809344262295082,0.968224043715847,0.03177595628415297,5.809344262295082,3.3523913498430415,3.3523913498430415,2.4569529124520404
870,OnlineOnly,online,6,3.3523913498430415,0.558731891640507,0.44126810835949304,5.809344262295082,3.3523913498430415,3.3523913498430415,0.0
870,StaticMixture,static,6,3.966629577956051,0.6611049296593419,0.33889507034065813,5.809344262295082,3.3523913498430415,3.3523913498430415,0.6142382281130097
870,Hedge,hedge,6,3.8283893399329036,0.6380648899888173,0.3619351100111827,5.809344262295082,3.3523913498430415,3.3523913498430415,0.4759979900898621
870,ShiftAwareAdaptiveTrust,shift,6,4.458653344828567,0.7431088908047611,0.25689110919523894,5.809344262295082,3.3523913498430415,3.3523913498430415,1.106261994985525
872,PredictionOnly,prediction,14,11.52,0.8228571428571428,0.17714285714285716,11.52,3.9280000000000004,3.9280000000000004,7.591999999999999
872,OnlineOnly,online,14,3.9280000000000004,0.2805714285714286,0.7194285714285714,11.52,3.9280000000000004,3.9280000000000004,0.0
872,StaticMixture,static,14,5.826,0.4161428571428571,0.5838571428571429,11.52,3.9280000000000004,3.9280000000000004,1.8979999999999992
872,Hedge,hedge,14,4.486780821758632,0.3204843444113309,0.6795156555886691,11.52,3.9280000000000004,3.9280000000000004,0.5587808217586319
872,ShiftAwareAdaptiveTrust,shift,14,5.933362513340806,0.42381160809577184,0.5761883919042281,11.52,3.9280000000000004,3.9280000000000004,2.0053625133408057
873,PredictionOnly,prediction,24,23.68343806582171,0.986809919409238,0.013190080590761988,23.68343806582171,11.80187930645346,11.80187930645346,11.881558759368252
873,OnlineOnly,online,24,11.80187930645346,0.4917449711022275,0.5082550288977725,23.68343806582171,11.80187930645346,11.80187930645346,0.0
873,StaticMixture,static,24,14.77226899629552,0.61551120817898,0.38448879182102,23.68343806582171,11.80187930645346,11.80187930645346,2.97038968984206
873,Hedge,hedge,24,12.33588816991597,0.5139953404131654,0.4860046595868346,23.68343806582171,11.80187930645346,11.80187930645346,0.5340088634625104
873,ShiftAwareAdaptiveTrust,shift,24,16.379483907736798,0.6824784961556999,0.3175215038443001,23.68343806582171,11.80187930645346,11.80187930645346,4.577604601283339
876,PredictionOnly,prediction,44,42.66383870967743,0.9696326979472143,0.030367302052785705,42.66383870967743,30.135258064516133,30.135258064516133,12.528580645161295
876,OnlineOnly,online,44,30.135258064516133,0.684892228739003,0.315107771260997,42.66383870967743,30.135258064516133,30.135258064516133,0.0
876,StaticMixture,static,44,33.26740322580646,0.7560773460410559,0.24392265395894408,42.66383870967743,30.135258064516133,30.135258064516133,3.132145161290328
876,Hedge,hedge,44,30.593578905161817,0.6953086114809504,0.30469138851904964,42.66383870967743,30.135258064516133,30.135258064516133,0.45832084064568335
876,ShiftAwareAdaptiveTrust,shift,44,34.60091223524756,0.7863843689828992,0.2136156310171008,42.66383870967743,30.135258064516133,30.135258064516133,4.46565417073143
877,PredictionOnly,prediction,31,29.448,0.9499354838709677,0.05006451612903229,29.448,28.007999999999992,28.007999999999992,1.4400000000000084
877,OnlineOnly,online,31,28.007999999999992,0.9034838709677416,0.09651612903225837,29.448,28.007999999999992,28.007999999999992,0.0
877,StaticMixture,static,31,28.36800000000001,0.9150967741935487,0.08490322580645127,29.448,28.007999999999992,28.007999999999992,0.3600000000000172
877,Hedge,hedge,31,28.3407196350766,0.9142167624218258,0.08578323757817419,29.448,28.007999999999992,28.007999999999992,0.3327196350766073
877,ShiftAwareAdaptiveTrust,shift,31,28.928069297482107,0.9331635257252293,0.06683647427477069,29.448,28.007999999999992,28.007999999999992,0.9200692974821152
879,PredictionOnly,prediction,6,5.664,0.944,0.05600000000000005,5.664,3.288,3.288,2.376
879,OnlineOnly,online,6,3.288,0.5479999999999999,0.45200000000000007,5.664,3.288,3.288,0.0
879,StaticMixture,static,6,3.8819999999999997,0.6469999999999999,0.3530000000000001,5.664,3.288,3.288,0.5939999999999999
879,Hedge,hedge,6,3.768958287003202,0.6281597145005337,0.37184028549946635,5.664,3.288,3.288,0.4809582870032023
879,ShiftAwareAdaptiveTrust,shift,6,4.710500842029327,0.7850834736715545,0.2149165263284455,5.664,3.288,3.288,1.422500842029327
880,PredictionOnly,prediction,8,7.3519999999999985,0.9189999999999998,0.08100000000000018,7.3519999999999985,6.3839999999999995,6.3839999999999995,0.9679999999999991
880,OnlineOnly,online,8,6.3839999999999995,0.7979999999999999,0.20200000000000007,7.3519999999999985,6.3839999999999995,6.3839999999999995,0.0
880,StaticMixture,static,8,6.6259999999999994,0.8282499999999999,0.17175000000000007,7.3519999999999985,6.3839999999999995,6.3839999999999995,0.242
880,Hedge,hedge,8,6.693744026812975,0.8367180033516218,0.16328199664837817,7.3519999999999985,6.3839999999999995,6.3839999999999995,0.3097440268129752
880,ShiftAwareAdaptiveTrust,shift,8,6.9653251761960995,0.8706656470245124,0.12933435297548757,7.3519999999999985,6.3839999999999995,6.3839999999999995,0.5813251761961
881,PredictionOnly,prediction,29,28.135999999999996,0.970206896551724,0.029793103448276015,28.135999999999996,20.719999999999995,20.719999999999995,7.416
881,OnlineOnly,online,29,20.719999999999995,0.7144827586206894,0.28551724137931056,28.135999999999996,20.719999999999995,20.719999999999995,0.0
881,StaticMixture,static,29,22.573999999999998,0.7784137931034482,0.22158620689655184,28.135999999999996,20.719999999999995,20.719999999999995,1.8540000000000028
881,Hedge,hedge,29,21.14670968537235,0.7291968857024949,0.27080311429750514,28.135999999999996,20.719999999999995,20.719999999999995,0.4267096853723551
881,ShiftAwareAdaptiveTrust,shift,29,24.10694797241866,0.8312740680144365,0.16872593198556352,28.135999999999996,20.719999999999995,20.719999999999995,3.386947972418664
882,PredictionOnly,prediction,13,11.883610448019374,0.9141238806168749,0.08587611938312512,11.883610448019374,8.91603828634031,8.91603828634031,2.9675721616790636
882,OnlineOnly,online,13,8.91603828634031,0.6858490989492546,0.3141509010507454,11.883610448019374,8.91603828634031,8.91603828634031,0.0
882,StaticMixture,static,13,9.657931326760076,0.7429177943661597,0.2570822056338403,11.883610448019374,8.91603828634031,8.91603828634031,0.7418930404197663
882,Hedge,hedge,13,9.359705508072487,0.7199773467748067,0.28002265322519326,11.883610448019374,8.91603828634031,8.91603828634031,0.4436672217321771
882,ShiftAwareAdaptiveTrust,shift,13,10.148424821431078,0.780648063187006,0.21935193681299403,11.883610448019374,8.91603828634031,8.91603828634031,1.2323865350907681
884,PredictionOnly,prediction,5,4.82,0.9640000000000001,0.03599999999999992,4.82,3.3240000000000003,3.3240000000000003,1.496
884,OnlineOnly,online,5,3.3240000000000003,0.6648000000000001,0.33519999999999994,4.82,3.3240000000000003,3.3240000000000003,0.0
884,StaticMixture,static,5,3.6979999999999995,0.7395999999999999,0.2604000000000001,4.82,3.3240000000000003,3.3240000000000003,0.3739999999999992
884,Hedge,hedge,5,3.7398232457263965,0.7479646491452793,0.25203535085472073,4.82,3.3240000000000003,3.3240000000000003,0.4158232457263962
884,ShiftAwareAdaptiveTrust,shift,5,4.314982805633684,0.8629965611267367,0.13700343887326327,4.82,3.3240000000000003,3.3240000000000003,0.9909828056336836
885,PredictionOnly,prediction,6,4.691999999999999,0.7819999999999999,0.21800000000000008,4.691999999999999,4.056,4.056,0.6359999999999992
885,OnlineOnly,online,6,4.056,0.676,0.32399999999999995,4.691999999999999,4.056,4.056,0.0
885,StaticMixture,static,6,4.215,0.7025,0.2975,4.691999999999999,4.056,4.056,0.1589999999999998
885,Hedge,hedge,6,4.3584790424271525,0.7264131737378587,0.27358682626214126,4.691999999999999,4.056,4.056,0.3024790424271524
885,ShiftAwareAdaptiveTrust,shift,6,4.3910408871312985,0.7318401478552164,0.26815985214478355,4.691999999999999,4.056,4.056,0.3350408871312984
886,PredictionOnly,prediction,3,2.956,0.9853333333333333,0.014666666666666717,2.956,2.6799999999999997,2.6799999999999997,0.27600000000000025
886,OnlineOnly,online,3,2.6799999999999997,0.8933333333333332,0.1066666666666668,2.956,2.6799999999999997,2.6799999999999997,0.0
886,StaticMixture,static,3,2.7489999999999997,0.9163333333333332,0.08366666666666678,2.956,2.6799999999999997,2.6799999999999997,0.06899999999999995
886,Hedge,hedge,3,2.807121427726597,0.9357071425755322,0.06429285742446778,2.956,2.6799999999999997,2.6799999999999997,0.12712142772659707
886,ShiftAwareAdaptiveTrust,shift,3,2.8430885333638534,0.9476961777879511,0.05230382221204888,2.956,2.6799999999999997,2.6799999999999997,0.16308853336385365
887,PredictionOnly,prediction,38,31.095999999999997,0.8183157894736841,0.1816842105263159,31.095999999999997,20.883999999999993,20.883999999999993,10.212000000000003
887,OnlineOnly,online,38,20.883999999999993,0.5495789473684208,0.45042105263157917,31.095999999999997,20.883999999999993,20.883999999999993,0.0
887,StaticMixture,static,38,23.437000000000005,0.616763157894737,0.383236842105263,31.095999999999997,20.883999999999993,20.883999999999993,2.5530000000000115
887,Hedge,hedge,38,21.276595558864614,0.5599104094438057,0.44008959055619434,31.095999999999997,20.883999999999993,20.883999999999993,0.3925955588646204
887,ShiftAwareAdaptiveTrust,shift,38,25.93533021373817,0.682508689835215,0.31749131016478505,31.095999999999997,20.883999999999993,20.883999999999993,5.051330213738176
888,PredictionOnly,prediction,5,4.944,0.9888,0.011199999999999988,4.944,2.92,2.92,2.024
888,OnlineOnly,online,5,2.92,0.584,0.41600000000000004,4.944,2.92,2.92,0.0
888,StaticMixture,static,5,3.426,0.6852,0.31479999999999997,4.944,2.92,2.92,0.5060000000000002
888,Hedge,hedge,5,3.4173671244466313,0.6834734248893263,0.3165265751106737,4.944,2.92,2.92,0.49736712444663134
888,ShiftAwareAdaptiveTrust,shift,5,3.586935442992826,0.7173870885985651,0.28261291140143485,4.944,2.92,2.92,0.666935442992826
890,PredictionOnly,prediction,10,9.463999999999999,0.9463999999999999,0.05360000000000009,9.463999999999999,5.728,5.728,3.735999999999999
890,OnlineOnly,online,10,5.728,0.5728,0.4272,9.463999999999999,5.728,5.728,0.0
890,StaticMixture,static,10,6.661999999999999,0.6661999999999999,0.3338000000000001,9.463999999999999,5.728,5.728,0.9339999999999993
890,Hedge,hedge,10,6.182815683906778,0.6182815683906778,0.3817184316093222,9.463999999999999,5.728,5.728,0.4548156839067783
890,ShiftAwareAdaptiveTrust,shift,10,7.1236438428102105,0.712364384281021,0.287635615718979,9.463999999999999,5.728,5.728,1.3956438428102107
891,PredictionOnly,prediction,5,4.816,0.9632,0.036800000000000055,4.816,4.024,4.024,0.7919999999999998
891,OnlineOnly,online,5,4.024,0.8048,0.19520000000000004,4.816,4.024,4.024,0.0
891,StaticMixture,static,5,4.2219999999999995,0.8443999999999999,0.15560000000000007,4.816,4.024,4.024,0.1979999999999995
891,Hedge,hedge,5,4.318825432584943,0.8637650865169887,0.1362349134830113,4.816,4.024,4.024,0.2948254325849433
891,ShiftAwareAdaptiveTrust,shift,5,4.501846403243509,0.9003692806487018,0.09963071935129819,4.816,4.024,4.024,0.47784640324350924
892,PredictionOnly,prediction,8,7.816000000000001,0.9770000000000001,0.02299999999999991,7.816000000000001,5.516,5.516,2.3000000000000007
892,OnlineOnly,online,8,5.516,0.6895,0.3105,7.816000000000001,5.516,5.516,0.0
892,StaticMixture,static,8,6.091,0.761375,0.23862499999999998,7.816000000000001,5.516,5.516,0.5750000000000002
892,Hedge,hedge,8,5.952070185733335,0.7440087732166669,0.2559912267833331,7.816000000000001,5.516,5.516,0.43607018573333534
892,ShiftAwareAdaptiveTrust,shift,8,6.459608920307117,0.8074511150383896,0.19254888496161038,7.816000000000001,5.516,5.516,0.943608920307117
893,PredictionOnly,prediction,4,3.92,0.98,0.020000000000000018,3.92,3.76,3.76,0.16000000000000014
893,OnlineOnly,online,4,3.76,0.94,0.06000000000000005,3.92,3.76,3.76,0.0
893,StaticMixture,static,4,3.8000000000000003,0.9500000000000001,0.04999999999999993,3.92,3.76,3.76,0.04000000000000048
893,Hedge,hedge,4,3.837848963297745,0.9594622408244362,0.04053775917556379,3.92,3.76,3.76,0.07784896329774504
893,ShiftAwareAdaptiveTrust,shift,4,3.8291276975300006,0.9572819243825001,0.04271807561749985,3.92,3.76,3.76,0.06912769753000081
894,PredictionOnly,prediction,17,16.372,0.9630588235294117,0.036941176470588255,16.372,9.216,9.216,7.156000000000001
894,OnlineOnly,online,17,9.216,0.5421176470588235,0.4578823529411765,16.372,9.216,9.216,0.0
894,StaticMixture,static,17,11.004999999999999,0.6473529411764706,0.3526470588235294,16.372,9.216,9.216,1.7889999999999997
894,Hedge,hedge,17,9.67473900752758,0.5691022945604458,0.4308977054395542,16.372,9.216,9.216,0.4587390075275799
894,ShiftAwareAdaptiveTrust,shift,17,12.900084792861078,0.7588285172271222,0.2411714827728778,16.372,9.216,9.216,3.6840847928610785
896,PredictionOnly,prediction,17,16.879967871485945,0.9929392865579968,0.007060713442003208,16.879967871485945,9.77828112449799,9.77828112449799,7.101686746987955
896,OnlineOnly,online,17,9.77828112449799,0.5751930073234112,0.42480699267658883,16.879967871485945,9.77828112449799,9.77828112449799,0.0
896,StaticMixture,static,17,11.553702811244982,0.6796295771320577,0.32037042286794226,16.879967871485945,9.77828112449799,9.77828112449799,1.7754216867469914
896,Hedge,hedge,17,10.245455472208992,0.6026738513064113,0.39732614869358873,16.879967871485945,9.77828112449799,9.77828112449799,0.4671743477110013
896,ShiftAwareAdaptiveTrust,shift,17,11.890698063865868,0.6994528272862275,0.3005471727137725,16.879967871485945,9.77828112449799,9.77828112449799,2.1124169393678773
897,PredictionOnly,prediction,11,9.736,0.8850909090909092,0.11490909090909085,9.736,8.584,8.584,1.152000000000001
897,OnlineOnly,online,11,8.584,0.7803636363636364,0.21963636363636363,9.736,8.584,8.584,0.0
897,StaticMixture,static,11,8.872,0.8065454545454546,0.19345454545454543,9.736,8.584,8.584,0.28800000000000026
897,Hedge,hedge,11,8.911525112960609,0.8101386466327827,0.18986135336721732,9.736,8.584,8.584,0.3275251129606094
897,ShiftAwareAdaptiveTrust,shift,11,9.308393703234584,0.8462176093849622,0.15378239061503785,9.736,8.584,8.584,0.7243937032345844
898,PredictionOnly,prediction,13,12.572,0.9670769230769231,0.032923076923076944,12.572,10.316,10.316,2.2559999999999985
898,OnlineOnly,online,13,10.316,0.7935384615384616,0.20646153846153836,12.572,10.316,10.316,0.0
898,StaticMixture,static,13,10.88,0.836923076923077,0.163076923076923,12.572,10.316,10.316,0.5640000000000001
898,Hedge,hedge,13,10.780277697850941,0.8292521306039186,0.17074786939608144,12.572,10.316,10.316,0.46427769785094064
898,ShiftAwareAdaptiveTrust,shift,13,11.309546510241342,0.8699651161724109,0.1300348838275891,12.572,10.316,10.316,0.993546510241341
899,PredictionOnly,prediction,10,9.352,0.9352,0.06479999999999997,9.352,4.556,4.556,4.796
899,OnlineOnly,online,10,4.556,0.4556,0.5444,9.352,4.556,4.556,0.0
899,StaticMixture,static,10,5.754999999999999,0.5754999999999999,0.4245000000000001,9.352,4.556,4.556,1.198999999999999
899,Hedge,hedge,10,5.026078724383417,0.5026078724383417,0.4973921275616583,9.352,4.556,4.556,0.47007872438341725
899,ShiftAwareAdaptiveTrust,shift,10,6.85449705195634,0.685449705195634,0.314550294804366,9.352,4.556,4.556,2.29849705195634
900,PredictionOnly,prediction,6,6.0,1.0,0.0,6.0,3.2721211689237357,3.2721211689237357,2.7278788310762643
900,OnlineOnly,online,6,3.2721211689237357,0.545353528153956,0.454646471846044,6.0,3.2721211689237357,3.2721211689237357,0.0
900,StaticMixture,static,6,3.954090876692802,0.659015146115467,0.34098485388453303,6.0,3.2721211689237357,3.2721211689237357,0.6819697077690661
900,Hedge,hedge,6,3.772811609215318,0.6288019348692196,0.37119806513078035,6.0,3.2721211689237357,3.2721211689237357,0.5006904402915824
900,ShiftAwareAdaptiveTrust,shift,6,4.135526723941888,0.6892544539903147,0.3107455460096853,6.0,3.2721211689237357,3.2721211689237357,0.8634055550181525
901,PredictionOnly,prediction,24,22.780885668872568,0.949203569536357,0.050796430463643016,22.780885668872568,14.362136207262497,14.362136207262497,8.418749461610071
901,OnlineOnly,online,24,14.362136207262497,0.5984223419692707,0.4015776580307293,22.780885668872568,14.362136207262497,14.362136207262497,0.0
901,StaticMixture,static,24,16.466823572665017,0.6861176488610424,0.31388235113895757,22.780885668872568,14.362136207262497,14.362136207262497,2.104687365402521
901,Hedge,hedge,24,14.859225470229838,0.6191343945929099,0.38086560540709014,22.780885668872568,14.362136207262497,14.362136207262497,0.49708926296734113
901,ShiftAwareAdaptiveTrust,shift,24,17.11917960446443,0.713299150186018,0.28670084981398203,22.780885668872568,14.362136207262497,14.362136207262497,2.757043397201935
902,PredictionOnly,prediction,6,4.379534136546185,0.7299223560910307,0.27007764390896927,4.379534136546185,3.8908915662650605,3.8908915662650605,0.4886425702811241
902,OnlineOnly,online,6,3.8908915662650605,0.6484819277108435,0.35151807228915655,4.379534136546185,3.8908915662650605,3.8908915662650605,0.0
902,StaticMixture,static,6,4.013052208835342,0.6688420348058903,0.33115796519410967,4.379534136546185,3.8908915662650605,3.8908915662650605,0.12216064257028147
902,Hedge,hedge,6,4.0901842515390845,0.6816973752565141,0.3183026247434859,4.379534136546185,3.8908915662650605,3.8908915662650605,0.199292685274024
902,ShiftAwareAdaptiveTrust,shift,6,4.124702506253407,0.6874504177089013,0.31254958229109875,4.379534136546185,3.8908915662650605,3.8908915662650605,0.2338109399883468
903,PredictionOnly,prediction,11,10.472000000000001,0.9520000000000001,0.04799999999999993,10.472000000000001,6.632000000000001,6.632000000000001,3.8400000000000007
903,OnlineOnly,online,11,6.632000000000001,0.602909090909091,0.39709090909090905,10.472000000000001,6.632000000000001,6.632000000000001,0.0
903,StaticMixture,static,11,7.591999999999999,0.6901818181818181,0.3098181818181819,10.472000000000001,6.632000000000001,6.632000000000001,0.9599999999999982
903,Hedge,hedge,11,7.091254392316971,0.6446594902106337,0.35534050978936627,10.472000000000001,6.632000000000001,6.632000000000001,0.4592543923169705
903,ShiftAwareAdaptiveTrust,shift,11,8.438866292786889,0.7671696629806263,0.23283033701937372,10.472000000000001,6.632000000000001,6.632000000000001,1.8068662927868884
904,PredictionOnly,prediction,4,3.868,0.967,0.03300000000000003,3.868,2.46,2.46,1.408
904,OnlineOnly,online,4,2.46,0.615,0.385,3.868,2.46,2.46,0.0
904,StaticMixture,static,4,2.8120000000000003,0.7030000000000001,0.29699999999999993,3.868,2.46,2.46,0.3520000000000003
904,Hedge,hedge,4,2.890991184804252,0.722747796201063,0.277252203798937,3.868,2.46,2.46,0.430991184804252
904,ShiftAwareAdaptiveTrust,shift,4,3.2410341999088303,0.8102585499772076,0.1897414500227924,3.868,2.46,2.46,0.7810341999088304
906,PredictionOnly,prediction,38,36.528154278212845,0.9612672178477064,0.03873278215229359,36.528154278212845,22.021777397398505,22.021777397398505,14.50637688081434
906,OnlineOnly,online,38,22.021777397398505,0.5795204578262765,0.4204795421737235,36.528154278212845,22.021777397398505,22.021777397398505,0.0
906,StaticMixture,static,38,25.648371617602088,0.6749571478316339,0.32504285216836615,36.528154278212845,22.021777397398505,22.021777397398505,3.6265942202035824
906,Hedge,hedge,38,22.54218361666903,0.5932153583333954,0.40678464166660455,36.528154278212845,22.021777397398505,22.021777397398505,0.520406219270523
906,ShiftAwareAdaptiveTrust,shift,38,28.34220165467631,0.745847411965166,0.254152588034834,36.528154278212845,22.021777397398505,22.021777397398505,6.3204242572778035
907,PredictionOnly,prediction,4,3.848,0.962,0.038000000000000034,3.848,2.78,2.78,1.068
907,OnlineOnly,online,4,2.78,0.695,0.30500000000000005,3.848,2.78,2.78,0.0
907,StaticMixture,static,4,3.047,0.76175,0.23824999999999996,3.848,2.78,2.78,0.26700000000000035
907,Hedge,hedge,4,3.14622953077697,0.7865573826942425,0.21344261730575753,3.848,2.78,2.78,0.36622953077697007
907,ShiftAwareAdaptiveTrust,shift,4,3.436545217521335,0.8591363043803337,0.14086369561966627,3.848,2.78,2.78,0.6565452175213351
908,PredictionOnly,prediction,13,11.48,0.8830769230769231,0.11692307692307691,11.48,8.048,8.048,3.4320000000000004
908,OnlineOnly,online,13,8.048,0.6190769230769231,0.3809230769230769,11.48,8.048,8.048,0.0
908,StaticMixture,static,13,8.905999999999999,0.685076923076923,0.31492307692307697,11.48,8.048,8.048,0.8579999999999988
908,Hedge,hedge,13,8.502217336620717,0.6540167182015936,0.34598328179840643,11.48,8.048,8.048,0.45421733662071695
908,ShiftAwareAdaptiveTrust,shift,13,9.47626025378406,0.7289430964449277,0.2710569035550723,11.48,8.048,8.048,1.4282602537840603
909,PredictionOnly,prediction,30,28.38528438425589,0.946176146141863,0.05382385385813704,28.38528438425589,19.18089854170485,19.18089854170485,9.20438584255104
909,OnlineOnly,online,30,19.18089854170485,0.639363284723495,0.360636715276505,28.38528438425589,19.18089854170485,19.18089854170485,0.0
909,StaticMixture,static,30,21.481995002342607,0.7160665000780869,0.2839334999219131,28.38528438425589,19.18089854170485,19.18089854170485,2.3010964606377584
909,Hedge,hedge,30,19.616196231162412,0.6538732077054138,0.3461267922945862,28.38528438425589,19.18089854170485,19.18089854170485,0.4352976894575633
909,ShiftAwareAdaptiveTrust,shift,30,21.942252151663556,0.7314084050554519,0.2685915949445481,28.38528438425589,19.18089854170485,19.18089854170485,2.7613536099587073
910,PredictionOnly,prediction,12,11.448000000000002,0.9540000000000002,0.04599999999999982,11.448000000000002,10.648,10.648,0.8000000000000025
910,OnlineOnly,online,12,10.648,0.8873333333333333,0.11266666666666669,11.448000000000002,10.648,10.648,0.0
910,StaticMixture,static,12,10.847999999999999,0.9039999999999999,0.09600000000000009,11.448000000000002,10.648,10.648,0.1999999999999993
910,Hedge,hedge,12,10.936361752033648,0.9113634793361373,0.08863652066386274,11.448000000000002,10.648,10.648,0.2883617520336479
910,ShiftAwareAdaptiveTrust,shift,12,11.026587278217116,0.9188822731847597,0.08111772681524032,11.448000000000002,10.648,10.648,0.37858727821711646
911,PredictionOnly,prediction,11,10.486244870642674,0.9532949882402431,0.04670501175975694,10.486244870642674,10.129258160123909,10.129258160123909,0.35698671051876474
911,OnlineOnly,online,11,10.129258160123909,0.9208416509203553,0.0791583490796447,10.486244870642674,10.129258160123909,10.129258160123909,0.0
911,StaticMixture,static,11,10.218504837753601,0.9289549852503274,0.07104501474967262,10.486244870642674,10.129258160123909,10.129258160123909,0.08924667762969207
911,Hedge,hedge,11,10.302392009014136,0.9365810917285579,0.06341890827144214,10.486244870642674,10.129258160123909,10.129258160123909,0.17313384889022743
911,ShiftAwareAdaptiveTrust,shift,11,10.281509233297479,0.9346826575724981,0.06531734242750187,10.486244870642674,10.129258160123909,10.129258160123909,0.15225107317357
913,PredictionOnly,prediction,5,4.608,0.9216,0.07840000000000003,4.608,3.548,3.548,1.0599999999999996
913,OnlineOnly,online,5,3.548,0.7096,0.2904,4.608,3.548,3.548,0.0
913,StaticMixture,static,5,3.8129999999999997,0.7626,0.23740000000000006,4.608,3.548,3.548,0.2649999999999997
913,Hedge,hedge,5,3.9196292707044718,0.7839258541408943,0.21607414585910567,4.608,3.548,3.548,0.3716292707044717
913,ShiftAwareAdaptiveTrust,shift,5,4.029844808489897,0.8059689616979794,0.19403103830202062,4.608,3.548,3.548,0.48184480848989697
914,PredictionOnly,prediction,3,2.8,0.9333333333333332,0.06666666666666676,2.8,2.1879999999999997,2.1879999999999997,0.6120000000000001
914,OnlineOnly,online,3,2.1879999999999997,0.7293333333333333,0.2706666666666667,2.8,2.1879999999999997,2.1879999999999997,0.0
914,StaticMixture,static,3,2.3409999999999997,0.7803333333333332,0.2196666666666668,2.8,2.1879999999999997,2.1879999999999997,0.15300000000000002
914,Hedge,hedge,3,2.451925933760946,0.817308644586982,0.18269135541301795,2.8,2.1879999999999997,2.1879999999999997,0.2639259337609463
914,ShiftAwareAdaptiveTrust,shift,3,2.416568564787371,0.8055228549291237,0.19447714507087632,2.8,2.1879999999999997,2.1879999999999997,0.2285685647873712
916,PredictionOnly,prediction,146,138.49766488225563,0.9486141430291481,0.05138585697085185,138.49766488225563,50.72271663389765,50.72271663389765,87.77494824835799
916,OnlineOnly,online,146,50.72271663389765,0.3474158673554633,0.6525841326445367,138.49766488225563,50.72271663389765,50.72271663389765,0.0
916,StaticMixture,static,146,72.6664536959871,0.49771543627388426,0.5022845637261157,138.49766488225563,50.72271663389765,50.72271663389765,21.943737062089454
916,Hedge,hedge,146,51.33279638640204,0.35159449579727425,0.6484055042027257,138.49766488225563,50.72271663389765,50.72271663389765,0.6100797525043902
916,ShiftAwareAdaptiveTrust,shift,146,68.91293915534492,0.47200643257085556,0.5279935674291445,138.49766488225563,50.72271663389765,50.72271663389765,18.190222521447268
917,PredictionOnly,prediction,23,22.62640906771383,0.9837569159875578,0.016243084012442233,22.62640906771383,16.105518470771866,16.105518470771866,6.520890596941964
917,OnlineOnly,online,23,16.105518470771866,0.7002399335118202,0.29976006648817977,22.62640906771383,16.105518470771866,16.105518470771866,0.0
917,StaticMixture,static,23,17.73574112000735,0.7711191791307543,0.22888082086924566,22.62640906771383,16.105518470771866,16.105518470771866,1.6302226492354848
917,Hedge,hedge,23,16.60541343698094,0.7219744972600408,0.2780255027399592,22.62640906771383,16.105518470771866,16.105518470771866,0.49989496620907303
917,ShiftAwareAdaptiveTrust,shift,23,18.687886615548162,0.8125168093716593,0.18748319062834073,22.62640906771383,16.105518470771866,16.105518470771866,2.5823681447762965
918,PredictionOnly,prediction,9,8.432000000000002,0.9368888888888891,0.0631111111111109,8.432000000000002,7.023999999999999,7.023999999999999,1.408000000000003
918,OnlineOnly,online,9,7.023999999999999,0.7804444444444444,0.21955555555555561,8.432000000000002,7.023999999999999,7.023999999999999,0.0
918,StaticMixture,static,9,7.376000000000001,0.8195555555555557,0.1804444444444443,8.432000000000002,7.023999999999999,7.023999999999999,0.3520000000000021
918,Hedge,hedge,9,7.3820669306449895,0.8202296589605544,0.17977034103944556,8.432000000000002,7.023999999999999,7.023999999999999,0.3580669306449904
918,ShiftAwareAdaptiveTrust,shift,9,7.8569154202797575,0.8729906022533064,0.12700939774669362,8.432000000000002,7.023999999999999,7.023999999999999,0.8329154202797584
919,PredictionOnly,prediction,20,17.97776238978492,0.8988881194892461,0.10111188051075393,17.97776238978492,8.582872007600058,8.582872007600058,9.394890382184863
919,OnlineOnly,online,20,8.582872007600058,0.4291436003800029,0.5708563996199971,17.97776238978492,8.582872007600058,8.582872007600058,0.0
919,StaticMixture,static,20,10.931594603146273,0.5465797301573136,0.45342026984268635,17.97776238978492,8.582872007600058,8.582872007600058,2.3487225955462154
919,Hedge,hedge,20,9.083070917790772,0.4541535458895386,0.5458464541104614,17.97776238978492,8.582872007600058,8.582872007600058,0.5001989101907149
919,ShiftAwareAdaptiveTrust,shift,20,11.53012719626163,0.5765063598130815,0.4234936401869185,17.97776238978492,8.582872007600058,8.582872007600058,2.947255188661572
921,PredictionOnly,prediction,11,10.8,0.9818181818181819,0.018181818181818077,10.8,4.06,4.06,6.740000000000001
921,OnlineOnly,online,11,4.06,0.3690909090909091,0.6309090909090909,10.8,4.06,4.06,0.0
921,StaticMixture,static,11,5.744999999999999,0.5222727272727272,0.4777272727272728,10.8,4.06,4.06,1.6849999999999996
921,Hedge,hedge,11,4.620824278713275,0.4200749344284796,0.5799250655715205,10.8,4.06,4.06,0.5608242787132758
921,ShiftAwareAdaptiveTrust,shift,11,5.906000054833986,0.5369090958939987,0.4630909041060013,10.8,4.06,4.06,1.8460000548339863
924,PredictionOnly,prediction,28,27.049244720946888,0.9660444543195317,0.033955545680468324,27.049244720946888,21.103307210656226,21.103307210656226,5.945937510290662
924,OnlineOnly,online,28,21.103307210656226,0.7536895432377223,0.2463104567622777,27.049244720946888,21.103307210656226,21.103307210656226,0.0
924,StaticMixture,static,28,22.5897915882289,0.8067782710081749,0.1932217289918251,27.049244720946888,21.103307210656226,21.103307210656226,1.4864843775726726
924,Hedge,hedge,28,21.560235508714236,0.7700084110255084,0.22999158897449157,27.049244720946888,21.103307210656226,21.103307210656226,0.45692829805800983
924,ShiftAwareAdaptiveTrust,shift,28,23.827833674591176,0.8509940598068277,0.14900594019317226,27.049244720946888,21.103307210656226,21.103307210656226,2.72452646393495
925,PredictionOnly,prediction,43,39.63071634269664,0.9216445661092241,0.07835543389077593,39.63071634269664,34.6906765942195,34.6906765942195,4.94003974847714
925,OnlineOnly,online,43,34.6906765942195,0.8067599207958023,0.19324007920419772,39.63071634269664,34.6906765942195,34.6906765942195,0.0
925,StaticMixture,static,43,35.925686531338776,0.8354810821241576,0.16451891787584239,39.63071634269664,34.6906765942195,34.6906765942195,1.2350099371192798
925,Hedge,hedge,43,35.19031309783425,0.8183793743682384,0.18162062563176162,39.63071634269664,34.6906765942195,34.6906765942195,0.4996365036147523
925,ShiftAwareAdaptiveTrust,shift,43,36.94007132773999,0.8590714262265114,0.14092857377348855,39.63071634269664,34.6906765942195,34.6906765942195,2.2493947335204965
926,PredictionOnly,prediction,3,2.956,0.9853333333333333,0.014666666666666717,2.956,2.384,2.384,0.5720000000000001
926,OnlineOnly,online,3,2.384,0.7946666666666666,0.20533333333333337,2.956,2.384,2.384,0.0
926,StaticMixture,static,3,2.527,0.8423333333333334,0.15766666666666662,2.956,2.384,2.384,0.14300000000000024
926,Hedge,hedge,3,2.6330339516046757,0.8776779838682253,0.12232201613177474,2.956,2.384,2.384,0.24903395160467579
926,ShiftAwareAdaptiveTrust,shift,3,2.68951140637789,0.8965038021259634,0.10349619787403663,2.956,2.384,2.384,0.3055114063778901
927,PredictionOnly,prediction,29,25.050830428994026,0.8638217389308285,0.13617826106917152,25.050830428994026,11.140901915652,11.140901915652,13.909928513342026
927,OnlineOnly,online,29,11.140901915652,0.3841690315742069,0.6158309684257931,25.050830428994026,11.140901915652,11.140901915652,0.0
927,StaticMixture,static,29,14.618384043987506,0.5040822084133623,0.49591779158663774,25.050830428994026,11.140901915652,11.140901915652,3.477482128335506
927,Hedge,hedge,29,11.71121494852859,0.4038349982251238,0.5961650017748762,25.050830428994026,11.140901915652,11.140901915652,0.5703130328765909
927,ShiftAwareAdaptiveTrust,shift,29,15.576822872201982,0.5371318231793787,0.4628681768206213,25.050830428994026,11.140901915652,11.140901915652,4.435920956549982
928,PredictionOnly,prediction,34,33.54740026646117,0.9866882431312108,0.01331175686878916,33.54740026646117,29.62110395494168,29.62110395494168,3.9262963115194864
928,OnlineOnly,online,34,29.62110395494168,0.8712089398512259,0.12879106014877406,33.54740026646117,29.62110395494168,29.62110395494168,0.0
928,StaticMixture,static,34,30.60267803282156,0.9000787656712224,0.09992123432877764,33.54740026646117,29.62110395494168,29.62110395494168,0.9815740778798805
928,Hedge,hedge,34,30.00190261105099,0.8824089003250292,0.11759109967497083,33.54740026646117,29.62110395494168,29.62110395494168,0.3807986561093095
928,ShiftAwareAdaptiveTrust,shift,34,31.913340845359244,0.9386276719223307,0.06137232807766935,33.54740026646117,29.62110395494168,29.62110395494168,2.2922368904175627
929,PredictionOnly,prediction,17,16.661860717981096,0.9801094539988879,0.019890546001112064,16.661860717981096,16.162556742252853,16.162556742252853,0.4993039757282425
929,OnlineOnly,online,17,16.162556742252853,0.9507386318972266,0.04926136810277337,16.661860717981096,16.162556742252853,16.162556742252853,0.0
929,StaticMixture,static,17,16.287382736184913,0.9580813374226419,0.0419186625773581,16.661860717981096,16.162556742252853,16.162556742252853,0.12482599393205973
929,Hedge,hedge,17,16.359480731788917,0.9623223959875834,0.0376776040124166,16.661860717981096,16.162556742252853,16.162556742252853,0.19692398953606371
929,ShiftAwareAdaptiveTrust,shift,17,16.4531199109158,0.967830582995047,0.032169417004953016,16.661860717981096,16.162556742252853,16.162556742252853,0.2905631686629455
930,PredictionOnly,prediction,29,28.640140828083656,0.9875910630373674,0.012408936962632566,28.640140828083656,25.147540831462475,25.147540831462475,3.4925999966211805
930,OnlineOnly,online,29,25.147540831462475,0.8671565803952578,0.13284341960474222,28.640140828083656,25.147540831462475,25.147540831462475,0.0
930,StaticMixture,static,29,26.020690830617767,0.8972652010557851,0.10273479894421489,28.640140828083656,25.147540831462475,25.147540831462475,0.8731499991552916
930,Hedge,hedge,29,25.546714225879835,0.8809211802027529,0.1190788197972471,28.640140828083656,25.147540831462475,25.147540831462475,0.3991733944173603
930,ShiftAwareAdaptiveTrust,shift,29,26.818945346241996,0.9247912188359309,0.07520878116406915,28.640140828083656,25.147540831462475,25.147540831462475,1.6714045147795211
931,PredictionOnly,prediction,12,10.604000000000001,0.8836666666666667,0.11633333333333329,10.604000000000001,6.672,6.672,3.9320000000000013
931,OnlineOnly,online,12,6.672,0.5559999999999999,0.44400000000000006,10.604000000000001,6.672,6.672,0.0
931,StaticMixture,static,12,7.654999999999999,0.6379166666666666,0.3620833333333334,10.604000000000001,6.672,6.672,0.9829999999999997
931,Hedge,hedge,12,7.106941515752186,0.5922451263126821,0.4077548736873179,10.604000000000001,6.672,6.672,0.4349415157521861
931,ShiftAwareAdaptiveTrust,shift,12,8.388866788875685,0.6990722324063071,0.3009277675936929,10.604000000000001,6.672,6.672,1.7168667888756852
932,PredictionOnly,prediction,3,2.772,0.9239999999999999,0.07600000000000007,2.772,1.3359999999999999,1.3359999999999999,1.436
932,OnlineOnly,online,3,1.3359999999999999,0.4453333333333333,0.5546666666666666,2.772,1.3359999999999999,1.3359999999999999,0.0
932,StaticMixture,static,3,1.6949999999999998,0.565,0.43500000000000005,2.772,1.3359999999999999,1.3359999999999999,0.359
932,Hedge,hedge,3,1.8559263429351032,0.618642114311701,0.381357885688299,2.772,1.3359999999999999,1.3359999999999999,0.5199263429351033
932,ShiftAwareAdaptiveTrust,shift,3,2.0925936114035864,0.6975312038011955,0.3024687961988045,2.772,1.3359999999999999,1.3359999999999999,0.7565936114035865
933,PredictionOnly,prediction,7,6.96,0.9942857142857143,0.005714285714285672,6.96,5.0304899598393575,5.0304899598393575,1.9295100401606424
933,OnlineOnly,online,7,5.0304899598393575,0.718641422834194,0.28135857716580603,6.96,5.0304899598393575,5.0304899598393575,0.0
933,StaticMixture,static,7,5.5128674698795175,0.787552495697074,0.21244750430292603,6.96,5.0304899598393575,5.0304899598393575,0.48237751004015994
933,Hedge,hedge,7,5.448877011469275,0.7784110016384679,0.22158899836153212,6.96,5.0304899598393575,5.0304899598393575,0.4183870516299173
933,ShiftAwareAdaptiveTrust,shift,7,5.793515641830598,0.8276450916900854,0.17235490830991462,6.96,5.0304899598393575,5.0304899598393575,0.7630256819912402
936,PredictionOnly,prediction,11,11.0,1.0,0.0,11.0,4.300142857142857,4.300142857142857,6.699857142857143
936,OnlineOnly,online,11,4.300142857142857,0.39092207792207795,0.6090779220779221,11.0,4.300142857142857,4.300142857142857,0.0
936,StaticMixture,static,11,5.9751071428571425,0.5431915584415584,0.4568084415584416,11.0,4.300142857142857,4.300142857142857,1.6749642857142852
936,Hedge,hedge,11,4.81499959319925,0.43772723574538636,0.5622727642546137,11.0,4.300142857142857,4.300142857142857,0.5148567360563927
936,ShiftAwareAdaptiveTrust,shift,11,6.3960806082666135,0.5814618734787831,0.4185381265212169,11.0,4.300142857142857,4.300142857142857,2.0959377511237562
937,PredictionOnly,prediction,19,17.464000000000002,0.9191578947368422,0.08084210526315783,17.464000000000002,15.624,15.624,1.8400000000000016
937,OnlineOnly,online,19,15.624,0.8223157894736842,0.17768421052631578,17.464000000000002,15.624,15.624,0.0
937,StaticMixture,static,19,16.084,0.8465263157894737,0.15347368421052632,17.464000000000002,15.624,15.624,0.4599999999999991
937,Hedge,hedge,19,15.99073868816386,0.8416178256928347,0.15838217430716528,17.464000000000002,15.624,15.624,0.3667386881638599
937,ShiftAwareAdaptiveTrust,shift,19,16.661140394168395,0.8769021260088629,0.12309787399113714,17.464000000000002,15.624,15.624,1.0371403941683948
938,PredictionOnly,prediction,17,16.66367217630854,0.9802160103710906,0.01978398962890937,16.66367217630854,9.594160863478299,9.594160863478299,7.069511312830242
938,OnlineOnly,online,17,9.594160863478299,0.5643624037340176,0.4356375962659824,16.66367217630854,9.594160863478299,9.594160863478299,0.0
938,StaticMixture,static,17,11.361538691685862,0.668325805393286,0.331674194606714,16.66367217630854,9.594160863478299,9.594160863478299,1.7673778282075627
938,Hedge,hedge,17,10.078976006052018,0.5928809415324716,0.4071190584675284,16.66367217630854,9.594160863478299,9.594160863478299,0.48481514257371927
938,ShiftAwareAdaptiveTrust,shift,17,12.031607747640077,0.7077416322141222,0.29225836778587777,16.66367217630854,9.594160863478299,9.594160863478299,2.437446884161778
940,PredictionOnly,prediction,29,28.969957081545065,0.9989640372946574,0.0010359627053425635,28.969957081545065,15.83346198911475,15.83346198911475,13.136495092430314
940,OnlineOnly,online,29,15.83346198911475,0.5459814479005086,0.4540185520994914,28.969957081545065,15.83346198911475,15.83346198911475,0.0
940,StaticMixture,static,29,19.117585762222333,0.659227095249046,0.340772904750954,28.969957081545065,15.83346198911475,15.83346198911475,3.2841237731075825
940,Hedge,hedge,29,16.326868577332494,0.5629954681838791,0.43700453181612087,28.969957081545065,15.83346198911475,15.83346198911475,0.4934065882177432
940,ShiftAwareAdaptiveTrust,shift,29,19.493504858875472,0.6721898227198438,0.32781017728015616,28.969957081545065,15.83346198911475,15.83346198911475,3.660042869760721
941,PredictionOnly,prediction,14,13.799999999999997,0.9857142857142855,0.014285714285714457,13.799999999999997,12.46,12.46,1.3399999999999963
941,OnlineOnly,online,14,12.46,0.89,0.10999999999999999,13.799999999999997,12.46,12.46,0.0
941,StaticMixture,static,14,12.795000000000002,0.9139285714285715,0.08607142857142847,13.799999999999997,12.46,12.46,0.33500000000000085
941,Hedge,hedge,14,12.837024857643954,0.9169303469745681,0.0830696530254319,13.799999999999997,12.46,12.46,0.37702485764395277
941,ShiftAwareAdaptiveTrust,shift,14,13.147291541596239,0.93909225297116,0.060907747028840054,13.799999999999997,12.46,12.46,0.6872915415962382
942,PredictionOnly,prediction,3,2.996,0.9986666666666667,0.0013333333333332975,2.996,1.704,1.704,1.292
942,OnlineOnly,online,3,1.704,0.568,0.43200000000000005,2.996,1.704,1.704,0.0
942,StaticMixture,static,3,2.027,0.6756666666666667,0.32433333333333325,2.996,1.704,1.704,0.3230000000000002
942,Hedge,hedge,3,2.18985050425207,0.7299501680840234,0.27004983191597665,2.996,1.704,1.704,0.4858505042520702
942,ShiftAwareAdaptiveTrust,shift,3,2.2367802119127287,0.7455934039709096,0.25440659602909044,2.996,1.704,1.704,0.5327802119127287
943,PredictionOnly,prediction,11,10.988000000000001,0.9989090909090911,0.0010909090909089203,10.988000000000001,7.348000000000001,7.348000000000001,3.6400000000000006
943,OnlineOnly,online,11,7.348000000000001,0.668,0.33199999999999996,10.988000000000001,7.348000000000001,7.348000000000001,0.0
943,StaticMixture,static,11,8.258,0.7507272727272727,0.2492727272727273,10.988000000000001,7.348000000000001,7.348000000000001,0.9099999999999984
943,Hedge,hedge,11,7.799810653903376,0.7090736958093978,0.29092630419060217,10.988000000000001,7.348000000000001,7.348000000000001,0.45181065390337505
943,ShiftAwareAdaptiveTrust,shift,11,9.397462761931928,0.8543147965392662,0.14568520346073377,10.988000000000001,7.348000000000001,7.348000000000001,2.0494627619319274
944,PredictionOnly,prediction,7,6.024334421529671,0.8606192030756673,0.1393807969243327,6.024334421529671,3.202608468914513,3.202608468914513,2.821725952615158
944,OnlineOnly,online,7,3.202608468914513,0.45751549555921617,0.5424845044407838,6.024334421529671,3.202608468914513,3.202608468914513,0.0
944,StaticMixture,static,7,3.908039957068303,0.558291422438329,0.44170857756167103,6.024334421529671,3.202608468914513,3.202608468914513,0.7054314881537898
944,Hedge,hedge,7,3.687492589354882,0.526784655622126,0.47321534437787405,6.024334421529671,3.202608468914513,3.202608468914513,0.4848841204403689
944,ShiftAwareAdaptiveTrust,shift,7,4.538791680530545,0.6483988115043635,0.3516011884956365,6.024334421529671,3.202608468914513,3.202608468914513,1.3361832116160315
945,PredictionOnly,prediction,14,13.25403737725689,0.9467169555183492,0.053283044481650776,13.25403737725689,10.696899165874774,10.696899165874774,2.5571382113821155
945,OnlineOnly,online,14,10.696899165874774,0.7640642261339124,0.23593577386608755,13.25403737725689,10.696899165874774,10.696899165874774,0.0
945,StaticMixture,static,14,11.336183718720303,0.8097274084800217,0.19027259151997833,13.25403737725689,10.696899165874774,10.696899165874774,0.6392845528455293
945,Hedge,hedge,14,11.099935466205519,0.7928525333003942,0.20714746669960582,13.25403737725689,10.696899165874774,10.696899165874774,0.40303630033074533
945,ShiftAwareAdaptiveTrust,shift,14,11.666717174152627,0.8333369410109019,0.16666305898909806,13.25403737725689,10.696899165874774,10.696899165874774,0.9698180082778531
947,PredictionOnly,prediction,9,8.412,0.9346666666666668,0.06533333333333324,8.412,3.491999999999999,3.491999999999999,4.920000000000002
947,OnlineOnly,online,9,3.491999999999999,0.3879999999999999,0.6120000000000001,8.412,3.491999999999999,3.491999999999999,0.0
947,StaticMixture,static,9,4.721999999999999,0.5246666666666665,0.4753333333333335,8.412,3.491999999999999,3.491999999999999,1.2299999999999995
947,Hedge,hedge,9,4.047261876163651,0.4496957640181834,0.5503042359818167,8.412,3.491999999999999,3.491999999999999,0.5552618761636516
947,ShiftAwareAdaptiveTrust,shift,9,5.866914122468611,0.6518793469409567,0.3481206530590433,8.412,3.491999999999999,3.491999999999999,2.3749141224686117
949,PredictionOnly,prediction,7,6.787887550200804,0.9696982214572577,0.030301778542742297,6.787887550200804,5.679534136546185,5.679534136546185,1.1083534136546183
949,OnlineOnly,online,7,5.679534136546185,0.8113620195065979,0.18863798049340208,6.787887550200804,5.679534136546185,5.679534136546185,0.0
949,StaticMixture,static,7,5.95662248995984,0.8509460699942629,0.14905393000573708,6.787887550200804,5.679534136546185,5.679534136546185,0.2770883534136548
949,Hedge,hedge,7,6.0290397365886035,0.8612913909412291,0.13870860905877092,6.787887550200804,5.679534136546185,5.679534136546185,0.34950560004241815
949,ShiftAwareAdaptiveTrust,shift,7,6.353522864993303,0.9076461235704718,0.09235387642952819,6.787887550200804,5.679534136546185,5.679534136546185,0.6739887284471173
952,PredictionOnly,prediction,35,34.71970491803279,0.9919915690866511,0.008008430913348907,34.71970491803279,21.356140769141867,21.356140769141867,13.363564148890923
952,OnlineOnly,online,35,21.356140769141867,0.6101754505469105,0.38982454945308953,34.71970491803279,21.356140769141867,21.356140769141867,0.0
952,StaticMixture,static,35,24.69703180636459,0.7056294801818453,0.29437051981815465,34.71970491803279,21.356140769141867,21.356140769141867,3.340891037222722
952,Hedge,hedge,35,21.79104839945719,0.622601382841634,0.377398617158366,34.71970491803279,21.356140769141867,21.356140769141867,0.43490763031532254
952,ShiftAwareAdaptiveTrust,shift,35,25.217788750282246,0.7205082500080642,0.2794917499919358,34.71970491803279,21.356140769141867,21.356140769141867,3.861647981140379
954,PredictionOnly,prediction,4,3.796,0.949,0.051000000000000045,3.796,3.504,3.504,0.2919999999999998
954,OnlineOnly,online,4,3.504,0.876,0.124,3.796,3.504,3.504,0.0
954,StaticMixture,static,4,3.577,0.89425,0.10575000000000001,3.796,3.504,3.504,0.07299999999999995
954,Hedge,hedge,4,3.6359968993636356,0.9089992248409089,0.09100077515909111,3.796,3.504,3.504,0.13199689936363557
954,ShiftAwareAdaptiveTrust,shift,4,3.6664001501510506,0.9166000375377626,0.08339996246223735,3.796,3.504,3.504,0.16240015015105058
955,PredictionOnly,prediction,8,7.743887550200803,0.9679859437751004,0.03201405622489961,7.743887550200803,7.20391967871486,7.20391967871486,0.5399678714859428
955,OnlineOnly,online,8,7.20391967871486,0.9004899598393575,0.09951004016064247,7.743887550200803,7.20391967871486,7.20391967871486,0.0
955,StaticMixture,static,8,7.338911646586346,0.9173639558232932,0.08263604417670678,7.743887550200803,7.20391967871486,7.20391967871486,0.13499196787148549
955,Hedge,hedge,8,7.421703134772606,0.9277128918465758,0.0722871081534242,7.743887550200803,7.20391967871486,7.20391967871486,0.21778345605774607
955,ShiftAwareAdaptiveTrust,shift,8,7.450880598246622,0.9313600747808277,0.06863992521917228,7.743887550200803,7.20391967871486,7.20391967871486,0.24696091953176147
956,PredictionOnly,prediction,3,2.932,0.9773333333333333,0.022666666666666724,2.932,2.012,2.012,0.9199999999999999
956,OnlineOnly,online,3,2.012,0.6706666666666666,0.32933333333333337,2.932,2.012,2.012,0.0
956,StaticMixture,static,3,2.242,0.7473333333333333,0.2526666666666667,2.932,2.012,2.012,0.22999999999999998
956,Hedge,hedge,3,2.461098241090526,0.8203660803635087,0.17963391963649133,2.932,2.012,2.012,0.449098241090526
956,ShiftAwareAdaptiveTrust,shift,3,2.3951348161258283,0.7983782720419428,0.20162172795805722,2.932,2.012,2.012,0.38313481612582834
958,PredictionOnly,prediction,25,23.27334191968599,0.9309336767874395,0.06906632321256045,23.27334191968599,13.479274045503523,13.479274045503523,9.794067874182467
958,OnlineOnly,online,25,13.479274045503523,0.5391709618201409,0.4608290381798591,23.27334191968599,13.479274045503523,13.479274045503523,0.0
958,StaticMixture,static,25,15.92779101404914,0.6371116405619656,0.36288835943803444,23.27334191968599,13.479274045503523,13.479274045503523,2.4485169685456167
958,Hedge,hedge,25,13.976107262441063,0.5590442904976425,0.4409557095023575,23.27334191968599,13.479274045503523,13.479274045503523,0.49683321693754046
958,ShiftAwareAdaptiveTrust,shift,25,17.067965096364446,0.6827186038545778,0.31728139614542217,23.27334191968599,13.479274045503523,13.479274045503523,3.5886910508609233
959,PredictionOnly,prediction,8,8.0,1.0,0.0,8.0,5.918545559068698,5.918545559068698,2.081454440931302
959,OnlineOnly,online,8,5.918545559068698,0.7398181948835872,0.26018180511641276,8.0,5.918545559068698,5.918545559068698,0.0
959,StaticMixture,static,8,6.438909169301524,0.8048636461626905,0.19513635383730954,8.0,5.918545559068698,5.918545559068698,0.5203636102328257
959,Hedge,hedge,8,6.386642148090545,0.7983302685113182,0.20166973148868184,8.0,5.918545559068698,5.918545559068698,0.46809658902184736
959,ShiftAwareAdaptiveTrust,shift,8,6.608479452802365,0.8260599316002957,0.17394006839970433,8.0,5.918545559068698,5.918545559068698,0.6899338937336674
960,PredictionOnly,prediction,38,34.992000000000004,0.920842105263158,0.07915789473684198,34.992000000000004,11.024,11.024,23.968000000000004
960,OnlineOnly,online,38,11.024,0.2901052631578947,0.7098947368421054,34.992000000000004,11.024,11.024,0.0
960,StaticMixture,static,38,17.016000000000002,0.44778947368421057,0.5522105263157895,34.992000000000004,11.024,11.024,5.992000000000003
960,Hedge,hedge,38,11.651784522078607,0.30662590847575283,0.6933740915242472,34.992000000000004,11.024,11.024,0.627784522078608
960,ShiftAwareAdaptiveTrust,shift,38,16.156908931592437,0.4251818139892746,0.5748181860107253,34.992000000000004,11.024,11.024,5.132908931592437
961,PredictionOnly,prediction,3,1.892,0.6306666666666666,0.3693333333333334,1.892,1.492,1.492,0.3999999999999999
961,OnlineOnly,online,3,1.492,0.49733333333333335,0.5026666666666666,1.892,1.492,1.492,0.0
961,StaticMixture,static,3,1.592,0.5306666666666667,0.46933333333333327,1.892,1.492,1.492,0.10000000000000009
961,Hedge,hedge,3,1.6692941192603343,0.5564313730867781,0.44356862691322185,1.892,1.492,1.492,0.17729411926033434
961,ShiftAwareAdaptiveTrust,shift,3,1.7322611901628733,0.5774203967209578,0.4225796032790422,1.892,1.492,1.492,0.24026119016287328
962,PredictionOnly,prediction,7,6.42,0.9171428571428571,0.08285714285714285,6.42,0.908,0.908,5.512
962,OnlineOnly,online,7,0.908,0.12971428571428573,0.8702857142857143,6.42,0.908,0.908,0.0
962,StaticMixture,static,7,2.286,0.32657142857142857,0.6734285714285715,6.42,0.908,0.908,1.3780000000000001
962,Hedge,hedge,7,1.5201300761117127,0.2171614394445304,0.7828385605554696,6.42,0.908,0.908,0.6121300761117127
962,ShiftAwareAdaptiveTrust,shift,7,2.420934055017525,0.34584772214536075,0.6541522778546393,6.42,0.908,0.908,1.5129340550175252
963,PredictionOnly,prediction,27,22.951999999999998,0.850074074074074,0.14992592592592602,22.951999999999998,14.952,14.952,7.999999999999998
963,OnlineOnly,online,27,14.952,0.5537777777777778,0.4462222222222222,22.951999999999998,14.952,14.952,0.0
963,StaticMixture,static,27,16.951999999999998,0.6278518518518518,0.37214814814814823,22.951999999999998,14.952,14.952,1.9999999999999982
963,Hedge,hedge,27,15.40443380891641,0.5705345855154226,0.4294654144845774,22.951999999999998,14.952,14.952,0.4524338089164104
963,ShiftAwareAdaptiveTrust,shift,27,18.348131141890878,0.6795604126626251,0.3204395873373749,22.951999999999998,14.952,14.952,3.396131141890878
964,PredictionOnly,prediction,24,21.585428701940003,0.8993928625808335,0.10060713741916649,21.585428701940003,11.97607927263367,11.97607927263367,9.609349429306333
964,OnlineOnly,online,24,11.97607927263367,0.49900330302640294,0.500996696973597,21.585428701940003,11.97607927263367,11.97607927263367,0.0
964,StaticMixture,static,24,14.378416629960256,0.5991006929150107,0.40089930708498933,21.585428701940003,11.97607927263367,11.97607927263367,2.4023373573265854
964,Hedge,hedge,24,12.561780392180845,0.5234075163408686,0.4765924836591314,21.585428701940003,11.97607927263367,11.97607927263367,0.5857011195471742
964,ShiftAwareAdaptiveTrust,shift,24,15.713164042996395,0.6547151684581831,0.3452848315418169,21.585428701940003,11.97607927263367,11.97607927263367,3.737084770362724
965,PredictionOnly,prediction,14,12.99049397173799,0.9278924265527136,0.07210757344728635,12.99049397173799,11.476421900268791,11.476421900268791,1.514072071469199
965,OnlineOnly,online,14,11.476421900268791,0.8197444214477708,0.18025557855222918,12.99049397173799,11.476421900268791,11.476421900268791,0.0
965,StaticMixture,static,14,11.85493991813609,0.8467814227240064,0.15321857727599364,12.99049397173799,11.476421900268791,11.476421900268791,0.37851801786729844
965,Hedge,hedge,14,11.84466828151263,0.8460477343937594,0.15395226560624065,12.99049397173799,11.476421900268791,11.476421900268791,0.36824638124383924
965,ShiftAwareAdaptiveTrust,shift,14,12.24183163237163,0.8744165451694021,0.12558345483059785,12.99049397173799,11.476421900268791,11.476421900268791,0.7654097321028388
